{
	"hasZ": true,
	"hasM": true,
	"type": "FeatureCollection",
	"features": [
		{
			"type": "Feature",
			"geometry": {
				"type": "LineString",
				"coordinates": [
					[
						-98.47833221291653,
						18.603025297554044,
						1271.9369000000006
					],
					[
						-98.47833883840258,
						18.603029144308547,
						1271.9369000000006
					],
					[
						-98.47834600521847,
						18.603031851952462,
						1271.9369000000006
					],
					[
						-98.478353519145,
						18.60303334710922,
						1271.9369000000006
					],
					[
						-98.47835950083152,
						18.603033668929623,
						1271.9369000000006
					],
					[
						-98.47836186199841,
						18.603033189888386,
						1271.9369000000006
					],
					[
						-98.47836413876749,
						18.603032401908596,
						1271.9369000000006
					],
					[
						-98.47836629090867,
						18.603031318913708,
						1271.9369000000006
					],
					[
						-98.47836828039401,
						18.60302996004004,
						1271.9369000000006
					]
				]
			},
			"properties": {
				"OBJETO": "ALBERCA",
				"Shape_Length": 4.102882659224471
			}
		},
		{
			"type": "Feature",
			"geometry": {
				"type": "LineString",
				"coordinates": [
					[
						-98.47230462972564,
						18.604834283427813,
						1325.0181000000011
					],
					[
						-98.47231138512394,
						18.604802022207135,
						1325.0181000000011
					],
					[
						-98.47229809322633,
						18.604799491864885,
						1325.0181000000011
					],
					[
						-98.47229133782565,
						18.604831753085072,
						1325.0181000000011
					],
					[
						-98.47230462972564,
						18.604834283427813,
						1325.0181000000011
					]
				]
			},
			"properties": {
				"OBJETO": "ALBERCA",
				"Shape_Length": 10.140080719810737
			}
		},
		{
			"type": "Feature",
			"geometry": {
				"type": "LineString",
				"coordinates": [
					[
						-98.47859082524178,
						18.604198051492567,
						1278.903600000005
					],
					[
						-98.47861376321234,
						18.604142792059445,
						1278.903600000005
					],
					[
						-98.4786444714373,
						18.604154380594068,
						1278.903600000005
					],
					[
						-98.47862153347492,
						18.604209640031062,
						1278.903600000005
					],
					[
						-98.47859082524178,
						18.604198051492567,
						1278.903600000005
					]
				]
			},
			"properties": {
				"OBJETO": "ALBERCA",
				"Shape_Length": 20.120053160749833
			}
		},
		{
			"type": "Feature",
			"geometry": {
				"type": "LineString",
				"coordinates": [
					[
						-98.47657861304735,
						18.60084744271252,
						1265.7103999999963
					],
					[
						-98.4765712359114,
						18.60084851671191,
						1265.7400999999954
					],
					[
						-98.47654873944788,
						18.60085179185475,
						1265.830700000006
					],
					[
						-98.47654499342246,
						18.600852337218743,
						1265.8457999999955
					],
					[
						-98.47649263180426,
						18.60085996026156,
						1266.056500000006
					]
				]
			},
			"properties": {
				"OBJETO": "CANAL",
				"Shape_Length": 9.176344280426598
			}
		},
		{
			"type": "Feature",
			"geometry": {
				"type": "LineString",
				"coordinates": [
					[
						-98.47485065262796,
						18.603713574651632,
						1278.3059000000067
					],
					[
						-98.47491447718329,
						18.603730709454183,
						1278.3059000000067
					],
					[
						-98.47492390992412,
						18.60369876653146,
						1278.3059000000067
					],
					[
						-98.47486008537958,
						18.60368163173231,
						1278.3059000000067
					],
					[
						-98.47485065262796,
						18.603713574651632,
						1278.3059000000067
					]
				]
			},
			"properties": {
				"OBJETO": "ALBERCA",
				"Shape_Length": 21.334346063531594
			}
		},
		{
			"type": "Feature",
			"geometry": {
				"type": "LineString",
				"coordinates": [
					[
						-98.4762412348668,
						18.606936942477237,
						1312.9556000000011
					],
					[
						-98.47625307783508,
						18.606922230391397,
						1312.3234999999986
					],
					[
						-98.47626250961726,
						18.606910577367827,
						1311.9107999999978
					],
					[
						-98.47626955841872,
						18.606901007221943,
						1311.3840999999957
					],
					[
						-98.47627320777325,
						18.6068972248803,
						1311.0679999999993
					],
					[
						-98.47628035278268,
						18.606888222849303,
						1310.3656999999948
					],
					[
						-98.47628560596863,
						18.606881126180202,
						1309.7336000000068
					],
					[
						-98.47629140045024,
						18.606865740212076,
						1308.925900000002
					],
					[
						-98.47630288215564,
						18.606850467939914,
						1308.645000000004
					],
					[
						-98.47630630230023,
						18.606846165793872,
						1308.5748000000021
					],
					[
						-98.47630883418279,
						18.606842665845857,
						1308.4342999999935
					],
					[
						-98.47631062062226,
						18.606839918350357,
						1308.4342999999935
					],
					[
						-98.47631262094247,
						18.606837804794946,
						1308.4694000000018
					],
					[
						-98.47631635121499,
						18.60683413387146,
						1308.5044999999955
					],
					[
						-98.4763182957715,
						18.60683179332647,
						1308.4694000000018
					],
					[
						-98.47633629038368,
						18.606793779486747,
						1307.9866000000038
					],
					[
						-98.47633888464921,
						18.606786754180042,
						1307.9339000000036
					],
					[
						-98.47634002242944,
						18.606783899922974,
						1307.7758999999933
					],
					[
						-98.47634193664193,
						18.606780404192236,
						1307.7758999999933
					],
					[
						-98.47634343902699,
						18.606777608429173,
						1307.723199999993
					],
					[
						-98.47634565685489,
						18.60677451706807,
						1307.670499999993
					],
					[
						-98.4763485809474,
						18.606770855051504,
						1307.512499999997
					],
					[
						-98.47635130963596,
						18.60676568432763,
						1307.459799999997
					],
					[
						-98.4763528074317,
						18.60676275103587,
						1307.459799999997
					],
					[
						-98.47636371953034,
						18.606746335636906,
						1307.1964000000007
					],
					[
						-98.47636636294229,
						18.606742956893722,
						1307.038400000005
					],
					[
						-98.4763681735313,
						18.606740703028798,
						1306.9857000000047
					],
					[
						-98.47637091006547,
						18.606737941110506,
						1306.7749999999942
					],
					[
						-98.47637352920988,
						18.606736008472392,
						1306.6696999999986
					],
					[
						-98.47637742972624,
						18.606733351217354,
						1306.5117000000027
					],
					[
						-98.47639842019689,
						18.606725529114332,
						1305.7741999999998
					],
					[
						-98.47640176854115,
						18.606723713463563,
						1305.6689000000042
					],
					[
						-98.47640527558627,
						18.606722306290514,
						1305.5108000000037
					],
					[
						-98.47640853082686,
						18.606719873814704,
						1305.4054999999935
					],
					[
						-98.47641187459129,
						18.60671792063508,
						1305.2474999999977
					],
					[
						-98.47642768124419,
						18.60670907537571,
						1304.141300000003
					],
					[
						-98.4764307443287,
						18.60670740546951,
						1304.0886000000028
					],
					[
						-98.4764336060984,
						18.606706223075868,
						1303.930600000007
					],
					[
						-98.47643694527312,
						18.60670413236714,
						1303.6671999999962
					],
					[
						-98.47644065364182,
						18.606702237680746,
						1303.5619000000006
					],
					[
						-98.47644372591384,
						18.606700842831703,
						1303.2985000000044
					],
					[
						-98.4764478677243,
						18.606701069569162,
						1303.0350999999937
					],
					[
						-98.47645113999006,
						18.60670132095582,
						1302.929799999998
					],
					[
						-98.4764541788076,
						18.606701097154357,
						1302.9823999999935
					],
					[
						-98.47645737172756,
						18.60670114430206,
						1303.0350999999937
					],
					[
						-98.47646157452725,
						18.606701025163378,
						1302.9823999999935
					],
					[
						-98.4764650343497,
						18.60670037645112,
						1302.9823999999935
					],
					[
						-98.47647635587661,
						18.606699915228386,
						1302.8573000000033
					]
				]
			},
			"properties": {
				"OBJETO": "ESCURRIMIENTO",
				"Shape_Length": 38.31824064207426
			}
		},
		{
			"type": "Feature",
			"geometry": {
				"type": "LineString",
				"coordinates": [
					[
						-98.47659772477046,
						18.600840736581073,
						1265.4621000000043
					],
					[
						-98.47659913957665,
						18.600848174600525,
						1265.415200000003
					],
					[
						-98.47659896862753,
						18.600848480073793,
						1265.415200000003
					],
					[
						-98.47659894561936,
						18.600848521187682,
						1265.415200000003
					],
					[
						-98.47659855491725,
						18.600849060912594,
						1265.415200000003
					],
					[
						-98.47659823870711,
						18.60084929320837,
						1265.415200000003
					],
					[
						-98.4765966266323,
						18.600850045418717,
						1265.415200000003
					],
					[
						-98.4765965705352,
						18.60085007159417,
						1265.415200000003
					],
					[
						-98.47659605195776,
						18.600850190128945,
						1265.415200000003
					],
					[
						-98.47659557273118,
						18.600850270036197,
						1265.415200000003
					],
					[
						-98.47659477168148,
						18.60085027534044,
						1265.415200000003
					],
					[
						-98.47659360945777,
						18.600850244669267,
						1265.415200000003
					],
					[
						-98.47659299808001,
						18.600850078499796,
						1265.4352000000072
					],
					[
						-98.47658644364039,
						18.600848297035085,
						1265.6493999999948
					],
					[
						-98.47658596159788,
						18.6008482234929,
						1265.6493999999948
					],
					[
						-98.47658435248225,
						18.60084785047788,
						1265.6493999999948
					],
					[
						-98.4765817793005,
						18.60084733037851,
						1265.6493999999948
					],
					[
						-98.47658157973969,
						18.60084737006692,
						1265.6493999999948
					],
					[
						-98.47657861304735,
						18.60084744271252,
						1265.6962000000058
					]
				]
			},
			"properties": {
				"OBJETO": "CANAL",
				"Shape_Length": 3.12972398154737
			}
		},
		{
			"type": "Feature",
			"geometry": {
				"type": "LineString",
				"coordinates": [
					[
						-98.47832491266124,
						18.603018911142772,
						1271.9389999999985
					],
					[
						-98.47832204699198,
						18.603019475580826,
						1271.962400000004
					]
				]
			},
			"properties": {
				"OBJETO": "ALBERCA",
				"Shape_Length": 0.30871397112439936
			}
		},
		{
			"type": "Feature",
			"geometry": {
				"type": "LineString",
				"coordinates": [
					[
						-98.47616389732441,
						18.607476247171817,
						1336.4752000000008
					],
					[
						-98.47616252439987,
						18.60747153583064,
						1336.1046999999962
					],
					[
						-98.47616115825596,
						18.607466847757713,
						1335.7360000000044
					],
					[
						-98.47615897403622,
						18.60745935236712,
						1335.1465000000026
					],
					[
						-98.4761588228447,
						18.60745883353658,
						1335.1057
					],
					[
						-98.47615850827015,
						18.607454783159817,
						1334.7985999999946
					],
					[
						-98.47615787939623,
						18.60744668594874,
						1334.1845999999932
					],
					[
						-98.47615735800646,
						18.607439972673948,
						1333.6756000000023
					],
					[
						-98.47615698839087,
						18.607435213602727,
						1333.3147000000026
					],
					[
						-98.47615624598795,
						18.607432906271406,
						1333.1429000000062
					],
					[
						-98.47615434955864,
						18.60742701231446,
						1332.7038999999932
					],
					[
						-98.47615225301168,
						18.60742049640669,
						1332.2186999999976
					],
					[
						-98.4761503890694,
						18.60741470341612,
						1331.7872999999963
					],
					[
						-98.47614799057489,
						18.607407249077138,
						1331.2321999999986
					],
					[
						-98.47614562477855,
						18.607399896361088,
						1330.6845999999932
					],
					[
						-98.47614526783144,
						18.60739878699634,
						1330.601999999999
					],
					[
						-98.47614193014974,
						18.607394291675963,
						1330.1996999999974
					],
					[
						-98.47613802653343,
						18.607389034132222,
						1329.7290999999968
					],
					[
						-98.47613397395585,
						18.607383575961165,
						1329.2406000000046
					],
					[
						-98.4761330325713,
						18.607382308067304,
						1329.1270999999979
					],
					[
						-98.47613013895943,
						18.60737729261157,
						1328.7311000000045
					],
					[
						-98.47612536756536,
						18.607369022422183,
						1328.077999999994
					],
					[
						-98.47612244826564,
						18.60736396244115,
						1327.6784999999945
					],
					[
						-98.47612083306394,
						18.60736208747685,
						1327.4979000000021
					],
					[
						-98.47611636096362,
						18.60735689615689,
						1326.9977000000072
					],
					[
						-98.47611206327429,
						18.607351907296867,
						1326.517000000007
					],
					[
						-98.47610800453808,
						18.60734719581894,
						1326.0630999999994
					],
					[
						-98.47610761286023,
						18.607346741149925,
						1326.0193
					],
					[
						-98.47610416378782,
						18.607343187677678,
						1325.645199999999
					],
					[
						-98.47609938825288,
						18.60733826759191,
						1325.1272999999928
					],
					[
						-98.47609420294494,
						18.607332925329224,
						1324.5648999999976
					],
					[
						-98.47609352829491,
						18.607332230258052,
						1324.4916999999987
					],
					[
						-98.47608456618889,
						18.607327049638446,
						1324.0408000000025
					],
					[
						-98.47608147447583,
						18.607325281725547,
						1323.8858999999939
					],
					[
						-98.47607047731081,
						18.60731301100686,
						1323.4909000000043
					]
				]
			},
			"properties": {
				"OBJETO": "ESCURRIMIENTO",
				"Shape_Length": 21.312482385474347
			}
		},
		{
			"type": "Feature",
			"geometry": {
				"type": "LineString",
				"coordinates": [
					[
						-98.47682415169189,
						18.60750330785404,
						1320.2648000000045
					],
					[
						-98.47682146212523,
						18.60749239897987,
						1319.9091999999946
					],
					[
						-98.47682084824619,
						18.607489895347697,
						1319.8276000000042
					],
					[
						-98.47682084824619,
						18.607489895347697,
						1319.8276000000042
					],
					[
						-98.47681981382804,
						18.607487346495464,
						1319.7572999999975
					],
					[
						-98.47681872900924,
						18.607484264018524,
						1319.6695999999938
					],
					[
						-98.47681774936426,
						18.6074816608569,
						1319.6168999999936
					],
					[
						-98.47681687665091,
						18.607478842233213,
						1319.5466000000015
					],
					[
						-98.47681587180327,
						18.607475972259213,
						1319.5290999999997
					],
					[
						-98.4768150686412,
						18.607472938765333,
						1319.4763999999996
					],
					[
						-98.47681503643899,
						18.607472793047474,
						1319.4763999999996
					],
					[
						-98.47681492108244,
						18.607472271048696,
						1319.4763999999996
					],
					[
						-98.47681448018949,
						18.607470275967948,
						1319.4763999999996
					],
					[
						-98.47681363964688,
						18.60746724306583,
						1319.4413000000059
					],
					[
						-98.47681254961842,
						18.607463946902197,
						1319.2832999999955
					],
					[
						-98.47681165430755,
						18.60746096830943,
						1319.1955000000016
					],
					[
						-98.47681085222834,
						18.607458091914975,
						1319.0809000000008
					],
					[
						-98.47681079377232,
						18.607457882281537,
						1319.0725999999995
					],
					[
						-98.47680968809281,
						18.607454711064324,
						1318.9321000000054
					],
					[
						-98.47680817122745,
						18.607451546357062,
						1318.7915999999968
					],
					[
						-98.47680694904345,
						18.607448964849404,
						1318.7390000000014
					],
					[
						-98.47680541826365,
						18.607445996317434,
						1318.6686999999947
					],
					[
						-98.47680399962555,
						18.60744302601001,
						1318.633600000001
					],
					[
						-98.47680271138519,
						18.607440035824037,
						1318.5809000000008
					],
					[
						-98.47680199342578,
						18.607436662513372,
						1318.563399999999
					],
					[
						-98.47680133283964,
						18.60743334173662,
						1318.4931999999972
					],
					[
						-98.47680129871596,
						18.607433155777205,
						1318.4910999999993
					],
					[
						-98.4768007722173,
						18.60743028658861,
						1318.4579999999987
					],
					[
						-98.47679991951867,
						18.607426755084287,
						1318.4054000000033
					],
					[
						-98.47679904506928,
						18.60742386523164,
						1318.352700000003
					],
					[
						-98.47679809846382,
						18.60742108340595,
						1318.300000000003
					],
					[
						-98.47679708667023,
						18.607417928516355,
						1318.1594999999943
					],
					[
						-98.47679645389191,
						18.607414981395255,
						1318.0541999999987
					],
					[
						-98.47679584110631,
						18.607412087399926,
						1318.0541999999987
					],
					[
						-98.47679557289477,
						18.60741097075196,
						1318.0191999999952
					],
					[
						-98.47679304689825,
						18.607400454243297,
						1317.6898999999976
					],
					[
						-98.47679291266229,
						18.607400331322424,
						1317.6898999999976
					],
					[
						-98.47679210744896,
						18.607397325372357,
						1317.5669999999955
					],
					[
						-98.47679137628825,
						18.607394282534816,
						1317.4967000000033
					],
					[
						-98.47679122982773,
						18.607393258521473,
						1317.4903999999951
					],
					[
						-98.47679096845778,
						18.607391431091433,
						1317.4792000000016
					],
					[
						-98.47679059456392,
						18.60738843622175,
						1317.3562999999995
					],
					[
						-98.4767905640583,
						18.607385686015625,
						1317.250899999999
					],
					[
						-98.47679044714138,
						18.60738247276661,
						1317.198199999999
					],
					[
						-98.47679063526228,
						18.607379469060916,
						1317.127999999997
					],
					[
						-98.47679057850081,
						18.607376550257726,
						1317.0703000000067
					],
					[
						-98.47679056616052,
						18.60737591568984,
						1317.057799999995
					],
					[
						-98.47678989958764,
						18.607373211207182,
						1317.040200000003
					],
					[
						-98.47678580946616,
						18.607359981966685,
						1316.5688999999984
					],
					[
						-98.47678573319111,
						18.607359178242817,
						1316.595199999996
					],
					[
						-98.47678434963099,
						18.607355604623596,
						1316.5688999999984
					],
					[
						-98.47678345038081,
						18.60735226488866,
						1316.5688999999984
					],
					[
						-98.4767826703391,
						18.6073491915916,
						1316.5161999999982
					],
					[
						-98.47678169534488,
						18.607346201842375,
						1316.4899000000005
					],
					[
						-98.4767811186271,
						18.607345045617528,
						1316.4661999999953
					],
					[
						-98.47677976987025,
						18.607342341580562,
						1316.4107999999978
					],
					[
						-98.47677761982922,
						18.607339638556496,
						1316.3582000000024
					],
					[
						-98.47677543084404,
						18.60733763373963,
						1316.3055000000022
					],
					[
						-98.47677290422709,
						18.607335634215126,
						1316.252800000002
					],
					[
						-98.47676970234654,
						18.607333645275247,
						1316.1738000000041
					],
					[
						-98.47676630418069,
						18.607331686242716,
						1316.0948000000062
					],
					[
						-98.47676317323413,
						18.60733028646505,
						1315.9894000000058
					],
					[
						-98.47676294016543,
						18.607330221779495,
						1315.983699999997
					],
					[
						-98.47675997054223,
						18.60732939759421,
						1315.9103999999934
					],
					[
						-98.4767567550427,
						18.607329126028855,
						1315.8313999999955
					],
					[
						-98.47675319443523,
						18.607329691622965,
						1315.6996999999974
					],
					[
						-98.47674993599269,
						18.607329957343556,
						1315.6733999999997
					],
					[
						-98.47674602175871,
						18.607329884545056,
						1315.5944000000018
					],
					[
						-98.47674191657083,
						18.60733005621546,
						1315.5944000000018
					],
					[
						-98.47673772630857,
						18.607330202388628,
						1315.5417000000016
					],
					[
						-98.47673502873161,
						18.60732925193851,
						1315.4627000000037
					],
					[
						-98.47673316138419,
						18.607326598144127,
						1315.436400000006
					],
					[
						-98.47673297988102,
						18.60732591698848,
						1315.436400000006
					],
					[
						-98.47673238534217,
						18.607323685768076,
						1315.436400000006
					],
					[
						-98.47672682579537,
						18.60730941897808,
						1315.0093000000052
					],
					[
						-98.4767257856005,
						18.607306749651944,
						1314.9293999999936
					],
					[
						-98.47672539929974,
						18.607305975693407,
						1314.9293999999936
					],
					[
						-98.47672416774867,
						18.607303009449677,
						1314.7976999999955
					],
					[
						-98.4767232236436,
						18.607300253891694,
						1314.771299999993
					],
					[
						-98.4767224406151,
						18.607297173071803,
						1314.6922999999952
					],
					[
						-98.47672208400928,
						18.607294220083297,
						1314.560599999997
					],
					[
						-98.476722103295,
						18.60729301985846,
						1314.5329000000056
					],
					[
						-98.47672211125432,
						18.60729252452138,
						1314.5213999999978
					],
					[
						-98.47672213890924,
						18.60729080344919,
						1314.4815999999992
					],
					[
						-98.47672219516531,
						18.607287440585765,
						1314.4026000000013
					],
					[
						-98.47672201902373,
						18.607283812386466,
						1314.2973000000056
					],
					[
						-98.47672194715169,
						18.60728096254248,
						1314.1919000000053
					],
					[
						-98.47672157156083,
						18.607277256765023,
						1314.0602000000072
					],
					[
						-98.47672154494306,
						18.607277113425056,
						1314.0541999999987
					],
					[
						-98.47672098391347,
						18.607274092211355,
						1313.9284999999945
					],
					[
						-98.47672098105305,
						18.60727062268597,
						1313.823199999999
					],
					[
						-98.47672051475344,
						18.607266676259638,
						1313.6915000000008
					],
					[
						-98.47672029170005,
						18.60726342533424,
						1313.6388000000006
					],
					[
						-98.47672041114082,
						18.60726033044463,
						1313.5598000000027
					],
					[
						-98.47672064129821,
						18.607258132885953,
						1313.4970999999932
					],
					[
						-98.47672079768635,
						18.607256639681125,
						1313.454500000007
					],
					[
						-98.47672117338323,
						18.607252518752546,
						1313.4281000000046
					],
					[
						-98.47672120753948,
						18.607249398296613,
						1313.3754999999946
					],
					[
						-98.4767213382314,
						18.60724563083428,
						1313.2700999999943
					],
					[
						-98.476721335371,
						18.60724216130884,
						1313.217399999994
					],
					[
						-98.4767215125721,
						18.60723911931049,
						1313.1647999999986
					],
					[
						-98.47672152327245,
						18.60723618749147,
						1313.085699999996
					],
					[
						-98.47672148452565,
						18.607233902592853,
						1313.0328000000009
					],
					[
						-98.47672146536377,
						18.607232772616076,
						1313.006699999998
					],
					[
						-98.47672149263853,
						18.607232280304373,
						1313.002999999997
					],
					[
						-98.47672165924035,
						18.607229273127597,
						1312.9804000000004
					],
					[
						-98.47672249837628,
						18.607225629099908,
						1312.875
					],
					[
						-98.47672306498316,
						18.607222365863446,
						1312.796000000002
					],
					[
						-98.47672342807265,
						18.60721886373689,
						1312.6907000000065
					],
					[
						-98.47672320773142,
						18.607215720352745,
						1312.6380000000063
					],
					[
						-98.4767223146068,
						18.607212748832804,
						1312.532699999996
					],
					[
						-98.47672228861803,
						18.607212726529774,
						1312.5314999999973
					],
					[
						-98.47671957505717,
						18.607210397808746,
						1312.400999999998
					],
					[
						-98.47671651064253,
						18.607208589767186,
						1312.3745999999956
					],
					[
						-98.47671354914141,
						18.60720750631023,
						1312.3482999999978
					],
					[
						-98.47670961344777,
						18.607206949063016,
						1312.2693
					],
					[
						-98.47670673547243,
						18.60720694013937,
						1312.2428999999975
					],
					[
						-98.47670393017421,
						18.607207575584052,
						1312.1638999999996
					],
					[
						-98.47670087987115,
						18.60720856449499,
						1312.058600000004
					],
					[
						-98.47669763961134,
						18.60720985222211,
						1311.9269000000058
					],
					[
						-98.47669410648142,
						18.607210714180784,
						1311.8742000000057
					],
					[
						-98.47669348745019,
						18.607210620090704,
						1311.869399999996
					],
					[
						-98.47669073618688,
						18.607210201910288,
						1311.8478999999934
					],
					[
						-98.47668227263965,
						18.607203134060182,
						1311.492299999998
					],
					[
						-98.47668218285469,
						18.60720294638112,
						1311.492299999998
					],
					[
						-98.47668011265036,
						18.607200628544337,
						1311.492299999998
					],
					[
						-98.47667875098682,
						18.607198502621024,
						1311.4585999999981
					],
					[
						-98.47667798851171,
						18.607197312192064,
						1311.4397000000026
					],
					[
						-98.47667653548204,
						18.60719366135858,
						1311.3870000000024
					],
					[
						-98.47667537385492,
						18.607190330136206,
						1311.3343000000023
					],
					[
						-98.47667456717429,
						18.60718758763755,
						1311.2553000000044
					],
					[
						-98.47667380741603,
						18.607184466282042,
						1311.149900000004
					],
					[
						-98.4766733293642,
						18.607181286555523,
						1311.149900000004
					],
					[
						-98.47667287477353,
						18.607177917400595,
						1311.097299999994
					],
					[
						-98.47667297944022,
						18.607174269511333,
						1311.097299999994
					],
					[
						-98.47667315755703,
						18.607171709148243,
						1311.059500000003
					],
					[
						-98.47667322773043,
						18.60717070043145,
						1311.0445999999938
					],
					[
						-98.47667369242028,
						18.607168874942136,
						1311.0157999999938
					],
					[
						-98.47667407674598,
						18.6071673651557,
						1310.9918999999936
					],
					[
						-98.47667548363374,
						18.607163697148106,
						1310.965599999996
					],
					[
						-98.47667683814491,
						18.607161299392654,
						1310.9128999999957
					],
					[
						-98.47667860828984,
						18.607158544093416,
						1310.9128999999957
					],
					[
						-98.47667987164033,
						18.607155904661482,
						1310.9128999999957
					],
					[
						-98.47668049511472,
						18.607154558057776,
						1310.9128999999957
					],
					[
						-98.47668110598904,
						18.607153238668122,
						1310.9128999999957
					],
					[
						-98.47668240241018,
						18.60714968040485,
						1310.9128999999957
					],
					[
						-98.47668313403341,
						18.607146184886055,
						1310.8076
					],
					[
						-98.47668367372574,
						18.607142935417297,
						1310.8076
					],
					[
						-98.47670109209905,
						18.607112652834005,
						1310.4783000000025
					],
					[
						-98.47670109209905,
						18.607112652834005,
						1310.4783000000025
					]
				]
			},
			"properties": {
				"OBJETO": "ESCURRIMIENTO",
				"Shape_Length": 52.65028096997611
			}
		},
		{
			"type": "Feature",
			"geometry": {
				"type": "LineString",
				"coordinates": [
					[
						-98.47663764239599,
						18.60083987116513,
						1265.449900000007
					],
					[
						-98.47663169596812,
						18.600842243588673,
						1265.449900000007
					],
					[
						-98.47663125094809,
						18.600842732486385,
						1265.449900000007
					],
					[
						-98.47663017728168,
						18.600843890532627,
						1265.449900000007
					],
					[
						-98.47662880762144,
						18.60084492266379,
						1265.449900000007
					],
					[
						-98.47662822772065,
						18.600845335728938,
						1265.449900000007
					],
					[
						-98.47662647965058,
						18.60084611461212,
						1265.449900000007
					],
					[
						-98.47662536394593,
						18.600846428930023,
						1265.449900000007
					],
					[
						-98.4766243232193,
						18.60084646141438,
						1265.449900000007
					],
					[
						-98.47662213542247,
						18.600845744013135,
						1265.449900000007
					],
					[
						-98.47662134169786,
						18.600845483742525,
						1265.449900000007
					],
					[
						-98.47662093426645,
						18.600845102807362,
						1265.449900000007
					],
					[
						-98.47661684466718,
						18.60083906112514,
						1265.3389000000025
					],
					[
						-98.47661684466718,
						18.60083906112514,
						1265.3389000000025
					]
				]
			},
			"properties": {
				"OBJETO": "CANAL",
				"Shape_Length": 2.8079175266881053
			}
		},
		{
			"type": "Feature",
			"geometry": {
				"type": "LineString",
				"coordinates": [
					[
						-98.47207811160767,
						18.603756691224845,
						1312.8840000000055
					],
					[
						-98.47207887112882,
						18.60370311229476,
						1309.9507000000012
					],
					[
						-98.47207920932365,
						18.603649333924466,
						1307.0173000000068
					],
					[
						-98.47207973471421,
						18.603587598935835,
						1302.7507000000041
					],
					[
						-98.47206146363946,
						18.603476862158598,
						1298.217300000004
					],
					[
						-98.47205124505294,
						18.60344032790347,
						1295.7728999999963
					],
					[
						-98.47201181562052,
						18.603398305563147,
						1294.795100000003
					],
					[
						-98.47199289365803,
						18.603387237165627,
						1294.617299999998
					],
					[
						-98.47197555165637,
						18.60337562022846,
						1294.4395999999979
					]
				]
			},
			"properties": {
				"OBJETO": "ESCURRIMIENTO",
				"Shape_Length": 46.11448921968042
			}
		},
		{
			"type": "Feature",
			"geometry": {
				"type": "LineString",
				"coordinates": [
					[
						-98.47658316453274,
						18.606657425286983,
						1300.9796999999962
					],
					[
						-98.47658316453274,
						18.606657425286983,
						1300.9796999999962
					],
					[
						-98.47658672611045,
						18.606655413809175,
						1300.9621999999945
					],
					[
						-98.47659037380333,
						18.606653053235863,
						1300.9271000000008
					],
					[
						-98.47659274384394,
						18.606651553659574,
						1300.856799999994
					],
					[
						-98.47659596412569,
						18.606649657069543,
						1300.6987999999983
					],
					[
						-98.47659882648684,
						18.60664796714525,
						1300.6460999999981
					],
					[
						-98.47660170045158,
						18.60664600245338,
						1300.5758999999962
					],
					[
						-98.47660456080605,
						18.606644239333132,
						1300.452999999994
					],
					[
						-98.47660704962968,
						18.606642884450405,
						1300.452999999994
					],
					[
						-98.47661003077386,
						18.606641339219603,
						1300.382700000002
					],
					[
						-98.4766129540313,
						18.606639776538945,
						1300.382700000002
					],
					[
						-98.47661569704147,
						18.606638619265553,
						1300.3301000000065
					],
					[
						-98.47661884783237,
						18.60663697999279,
						1300.3475999999937
					],
					[
						-98.47662248147556,
						18.60663546110624,
						1300.2247000000061
					],
					[
						-98.47662550036168,
						18.60663453702123,
						1300.2247000000061
					],
					[
						-98.47662870295393,
						18.606632978173796,
						1300.1983999999939
					],
					[
						-98.47663208527884,
						18.60663169146394,
						1300.0929999999935
					],
					[
						-98.47663492892903,
						18.606630660054666,
						1299.9349999999977
					],
					[
						-98.4766386557296,
						18.6066293682414,
						1299.8032999999996
					],
					[
						-98.47664144046813,
						18.60662828274477,
						1299.7505999999994
					],
					[
						-98.47666497115233,
						18.60661667259444,
						1299.3291999999929
					],
					[
						-98.47666501312041,
						18.606616630703886,
						1299.3291999999929
					]
				]
			},
			"properties": {
				"OBJETO": "ESCURRIMIENTO",
				"Shape_Length": 9.77268326516144
			}
		},
		{
			"type": "Feature",
			"geometry": {
				"type": "LineString",
				"coordinates": [
					[
						-98.47830341266,
						18.602945341984643,
						1271.9369000000006
					],
					[
						-98.47832458813593,
						18.60295912735869,
						1271.9369000000006
					],
					[
						-98.47833094785041,
						18.60296378497776,
						1271.9369000000006
					],
					[
						-98.47833787058651,
						18.602967555270645,
						1271.9369000000006
					],
					[
						-98.47834523331338,
						18.6029703712317,
						1271.9369000000006
					],
					[
						-98.47835290518063,
						18.60297218281567,
						1271.9369000000006
					],
					[
						-98.47835805416473,
						18.602973036035863,
						1271.9369000000006
					],
					[
						-98.47836300062717,
						18.60297470112784,
						1271.9369000000006
					],
					[
						-98.47836761742894,
						18.60297713529371,
						1271.9369000000006
					],
					[
						-98.47837178590427,
						18.602980275968058,
						1271.9369000000006
					],
					[
						-98.47837539891079,
						18.60298404242607,
						1271.9369000000006
					],
					[
						-98.4783783635833,
						18.6029883378584,
						1271.9369000000006
					],
					[
						-98.47838060372077,
						18.60299305185947,
						1271.9369000000006
					],
					[
						-98.47838206174491,
						18.602998063265225,
						1271.9369000000006
					],
					[
						-98.47838270018009,
						18.6030032432674,
						1271.9369000000006
					]
				]
			},
			"properties": {
				"OBJETO": "ALBERCA",
				"Shape_Length": 11.15126939045773
			}
		},
		{
			"type": "Feature",
			"geometry": {
				"type": "LineString",
				"coordinates": [
					[
						-98.47830341266,
						18.602945341984643,
						1271.9369000000006
					],
					[
						-98.47830008289313,
						18.602944327994905,
						1271.9369000000006
					],
					[
						-98.47829663035026,
						18.602943885874613,
						1271.9369000000006
					],
					[
						-98.47829315252159,
						18.602944028108006,
						1271.9369000000006
					],
					[
						-98.4782897476113,
						18.602944750678805,
						1271.9369000000006
					],
					[
						-98.47828651176458,
						18.60294603318363,
						1271.9369000000006
					],
					[
						-98.47828353635273,
						18.60294783940812,
						1271.9369000000006
					],
					[
						-98.47828090539308,
						18.602950118349522,
						1271.9369000000006
					],
					[
						-98.47827869317659,
						18.602952805656884,
						1271.9369000000006
					],
					[
						-98.47827696217011,
						18.60295582544813,
						1271.9369000000006
					],
					[
						-98.47827576125245,
						18.602959092452775,
						1271.9369000000006
					],
					[
						-98.47827512433415,
						18.60296251441971,
						1271.9369000000006
					],
					[
						-98.4782750694,
						18.602965994722116,
						1271.9369000000006
					],
					[
						-98.47827559800123,
						18.602969435085956,
						1271.9369000000006
					],
					[
						-98.47827669521158,
						18.60297273836494,
						1271.9369000000006
					],
					[
						-98.4782783300489,
						18.602975811283677,
						1271.9369000000006
					],
					[
						-98.47830464681306,
						18.602996812097114,
						1271.9369000000006
					]
				]
			},
			"properties": {
				"OBJETO": "ALBERCA",
				"Shape_Length": 9.269372386394924
			}
		},
		{
			"type": "Feature",
			"geometry": {
				"type": "LineString",
				"coordinates": [
					[
						-98.4768368162719,
						18.601703187023006,
						1267.2842999999993
					],
					[
						-98.47687196795327,
						18.601689250356284,
						1267.2842999999993
					],
					[
						-98.47687225660928,
						18.601689135912128,
						1267.2842999999993
					],
					[
						-98.47687218202458,
						18.601688964881067,
						1267.2842999999993
					],
					[
						-98.47686249034754,
						18.60166674077838,
						1267.2842999999993
					],
					[
						-98.4768270500141,
						18.60168079188755,
						1267.2842999999993
					],
					[
						-98.4768368162719,
						18.601703187023006,
						1267.2842999999993
					]
				]
			},
			"properties": {
				"OBJETO": "ALBERCA",
				"Shape_Length": 13.466019714434317
			}
		},
		{
			"type": "Feature",
			"geometry": {
				"type": "LineString",
				"coordinates": [
					[
						-98.47848125985352,
						18.604731417324697,
						1282.2688000000053
					],
					[
						-98.47851588340731,
						18.604743317155346,
						1282.2688000000053
					],
					[
						-98.47852477011207,
						18.604719810315636,
						1282.2688000000053
					],
					[
						-98.47849390595269,
						18.604709202558563,
						1282.2688000000053
					],
					[
						-98.47849014656232,
						18.604707910486656,
						1282.2688000000053
					],
					[
						-98.47848808381379,
						18.604713366803743,
						1282.2688000000053
					],
					[
						-98.47848125985352,
						18.604731417324697,
						1282.2688000000053
					]
				]
			},
			"properties": {
				"OBJETO": "ALBERCA",
				"Shape_Length": 13.2952481879773
			}
		},
		{
			"type": "Feature",
			"geometry": {
				"type": "LineString",
				"coordinates": [
					[
						-98.47833221291653,
						18.603025297554044,
						1272.0092000000004
					],
					[
						-98.47832286652982,
						18.603021006882805,
						1272.0092000000004
					]
				]
			},
			"properties": {
				"OBJETO": "ALBERCA",
				"Shape_Length": 1.0943891799722314
			}
		},
		{
			"type": "Feature",
			"geometry": {
				"type": "LineString",
				"coordinates": [
					[
						-98.47489179013597,
						18.603019736263995,
						1270.3828000000067
					],
					[
						-98.47491323811127,
						18.602978968089747,
						1269.7507000000041
					],
					[
						-98.47492476450611,
						18.602956143853497,
						1269.7112000000052
					],
					[
						-98.47494342472116,
						18.602920504857885,
						1269.2370999999985
					],
					[
						-98.4749690642389,
						18.602876539769888,
						1269.3950999999943
					]
				]
			},
			"properties": {
				"OBJETO": "ACEQUIA",
				"Shape_Length": 17.823145779444673
			}
		},
		{
			"type": "Feature",
			"geometry": {
				"type": "LineString",
				"coordinates": [
					[
						-98.48027848831383,
						18.607496408810718,
						1313.502999999997
					],
					[
						-98.48027821280722,
						18.607493364213234,
						1313.3527999999933
					],
					[
						-98.4802778114326,
						18.607490377679746,
						1313.2474999999977
					],
					[
						-98.48027720331399,
						18.607486666513722,
						1313.0368000000017
					],
					[
						-98.48027701979134,
						18.607483893390835,
						1312.9179000000004
					],
					[
						-98.48027700009536,
						18.607483595773957,
						1312.9051000000036
					],
					[
						-98.48027614783757,
						18.607480994292555,
						1312.8524000000034
					],
					[
						-98.48027457880109,
						18.607477838489583,
						1312.7207000000053
					],
					[
						-98.48027332622367,
						18.607475027962526,
						1312.6416999999929
					],
					[
						-98.48027323447953,
						18.607474824196352,
						1312.6312999999936
					],
					[
						-98.48027192834391,
						18.607471923234378,
						1312.483699999997
					],
					[
						-98.48027047990071,
						18.607469412603912,
						1312.2992999999988
					],
					[
						-98.48026862770267,
						18.607466369392284,
						1312.1677000000054
					],
					[
						-98.48026662962984,
						18.60746297805689,
						1312.0886000000028
					],
					[
						-98.48026559042609,
						18.607460555680518,
						1312.0645999999979
					],
					[
						-98.48026549249296,
						18.60746032739907,
						1312.062300000005
					],
					[
						-98.48026532241947,
						18.607459588968872,
						1312.0350000000035
					],
					[
						-98.48026483667381,
						18.607457479943616,
						1311.9569999999949
					],
					[
						-98.48026403555235,
						18.607454338287052,
						1311.8515999999945
					],
					[
						-98.48026131750835,
						18.60743997833821,
						1311.5853999999963
					],
					[
						-98.48026006809432,
						18.607433377468148,
						1311.4630999999936
					],
					[
						-98.48026006809432,
						18.607433377468148,
						1311.4630999999936
					],
					[
						-98.48025974813535,
						18.607430080690136,
						1311.3840999999957
					],
					[
						-98.48025917063485,
						18.60742670709052,
						1311.2788
					],
					[
						-98.48025835869907,
						18.607422741996032,
						1311.2523999999976
					],
					[
						-98.48025763489007,
						18.60741901900905,
						1311.2523999999976
					],
					[
						-98.4802569772362,
						18.60741616105291,
						1311.1998000000021
					],
					[
						-98.48025664930869,
						18.60741210652395,
						1311.1733999999997
					],
					[
						-98.48025624578386,
						18.607409000639002,
						1311.0417000000016
					],
					[
						-98.48025598401142,
						18.60740581114088,
						1311.0154000000039
					],
					[
						-98.48025566861344,
						18.607402947363394,
						1311.0154000000039
					],
					[
						-98.48025562662919,
						18.60740230239414,
						1311.0154000000039
					],
					[
						-98.4802554644532,
						18.60739981102013,
						1311.0154000000039
					],
					[
						-98.48025542857324,
						18.60739640114084,
						1310.9891000000061
					],
					[
						-98.48025553387609,
						18.60739285352333,
						1310.9100000000035
					],
					[
						-98.48025523817186,
						18.607389150322188,
						1310.8837000000058
					],
					[
						-98.48025523621003,
						18.6073890468295,
						1310.8812999999936
					],
					[
						-98.48025517405536,
						18.60738576799057,
						1310.8046999999933
					],
					[
						-98.48025539344346,
						18.607382218432594,
						1310.8046999999933
					],
					[
						-98.4802556065668,
						18.607378073498886,
						1310.7519999999931
					],
					[
						-98.48025576150847,
						18.607373821285268,
						1310.7256999999954
					],
					[
						-98.4802559481038,
						18.607369866274432,
						1310.6729999999952
					],
					[
						-98.48025596936526,
						18.607369149981924,
						1310.6677000000054
					],
					[
						-98.48025605340658,
						18.60736631865691,
						1310.6466999999975
					],
					[
						-98.4802562174606,
						18.60736293244436,
						1310.5149999999994
					],
					[
						-98.48025613137226,
						18.607360173036135,
						1310.3570000000036
					],
					[
						-98.48025588813972,
						18.607357370983514,
						1310.3570000000036
					],
					[
						-98.4802562837061,
						18.60735419185743,
						1310.3570000000036
					],
					[
						-98.48025680316063,
						18.607350563216063,
						1310.3570000000036
					],
					[
						-98.48025745491984,
						18.60734729832154,
						1310.238400000002
					],
					[
						-98.48025836034691,
						18.607343703680023,
						1310.238400000002
					],
					[
						-98.48025913767752,
						18.607340151922678,
						1310.159400000004
					],
					[
						-98.48025931967814,
						18.60733970280268,
						1310.1535000000003
					],
					[
						-98.48026034929053,
						18.607337162045123,
						1310.1199000000051
					],
					[
						-98.48026155669521,
						18.607333765536506,
						1309.9223999999958
					],
					[
						-98.48026271915663,
						18.607330166452755,
						1309.7644
					],
					[
						-98.48026401308108,
						18.607326849789537,
						1309.7644
					],
					[
						-98.48026509323084,
						18.60732357749132,
						1309.724900000001
					],
					[
						-98.48026621243218,
						18.60731993848476,
						1309.6457999999984
					],
					[
						-98.48026792548902,
						18.607315719829533,
						1309.6457999999984
					],
					[
						-98.48026951718262,
						18.60731219466818,
						1309.5668000000005
					],
					[
						-98.48026953894997,
						18.607312158438397,
						1309.5668000000005
					],
					[
						-98.4802709493031,
						18.607309811035353,
						1309.5668000000005
					],
					[
						-98.48027288791754,
						18.607306686582074,
						1309.4483000000037
					],
					[
						-98.4802751692445,
						18.607303556205895,
						1309.4088000000047
					],
					[
						-98.48027698649568,
						18.607301125246554,
						1309.3693000000058
					],
					[
						-98.48027982010132,
						18.607297537951254,
						1309.3693000000058
					],
					[
						-98.48028201743324,
						18.607294571708092,
						1309.3298000000068
					],
					[
						-98.4802837490061,
						18.607292142229447,
						1309.3298000000068
					],
					[
						-98.48028560867529,
						18.60728966986651,
						1309.3298000000068
					],
					[
						-98.48028797004137,
						18.607285761676007,
						1309.3693000000058
					],
					[
						-98.48028941776089,
						18.60728249736549,
						1309.3693000000058
					],
					[
						-98.48029015079581,
						18.607278573385607,
						1309.3099999999977
					],
					[
						-98.48029030276948,
						18.607274476277656,
						1309.3099999999977
					],
					[
						-98.48029128342098,
						18.607269570172438,
						1309.3099999999977
					],
					[
						-98.48029145635729,
						18.60726881297503,
						1309.3099999999977
					],
					[
						-98.48029190000874,
						18.607266870458176,
						1309.3099999999977
					],
					[
						-98.4802921292223,
						18.607264055325274,
						1309.3099999999977
					],
					[
						-98.48029279237831,
						18.607259582573324,
						1309.3693000000058
					],
					[
						-98.48029275066476,
						18.607255427756062,
						1309.3693000000058
					],
					[
						-98.4802926452068,
						18.60725133516933,
						1309.3693000000058
					],
					[
						-98.48029216464344,
						18.607248349169062,
						1309.3693000000058
					],
					[
						-98.48029335370417,
						18.6072449671792,
						1309.3693000000058
					],
					[
						-98.4802947903814,
						18.607240603064067,
						1309.2507999999943
					],
					[
						-98.4802966855383,
						18.60723702534007,
						1309.2507999999943
					],
					[
						-98.4802993468552,
						18.607232823049817,
						1309.1322999999975
					],
					[
						-98.48030232934786,
						18.6072285540077,
						1309.1322999999975
					],
					[
						-98.48030442923337,
						18.607226133797525,
						1309.1322999999975
					],
					[
						-98.48030812641015,
						18.6072225244247,
						1309.1322999999975
					],
					[
						-98.48031074361221,
						18.607220339572965,
						1309.0138000000006
					],
					[
						-98.4803147129428,
						18.607218192084883,
						1309.0138000000006
					],
					[
						-98.48031887350652,
						18.607215857904972,
						1309.0138000000006
					],
					[
						-98.48032335401913,
						18.607213334772602,
						1309.0138000000006
					],
					[
						-98.48032860682594,
						18.607210798076316,
						1309.0138000000006
					],
					[
						-98.48033141894146,
						18.60720879313409,
						1309.0138000000006
					]
				]
			},
			"properties": {
				"OBJETO": "ESCURRIMIENTO",
				"Shape_Length": 34.97193149512469
			}
		},
		{
			"type": "Feature",
			"geometry": {
				"type": "LineString",
				"coordinates": [
					[
						-98.47830678507415,
						18.602998518432,
						1271.9369000000006
					],
					[
						-98.47830795370874,
						18.602996241822396,
						1271.9369000000006
					],
					[
						-98.47830948811064,
						18.602994193830963,
						1271.9369000000006
					],
					[
						-98.47831134468639,
						18.60299243264258,
						1271.9369000000006
					],
					[
						-98.4783134706894,
						18.60299100829385,
						1271.9369000000006
					],
					[
						-98.47831580571841,
						18.602989961251524,
						1271.9369000000006
					],
					[
						-98.4783182834336,
						18.602989321262815,
						1271.9369000000006
					],
					[
						-98.47832083344132,
						18.602989106510247,
						1271.9369000000006
					],
					[
						-98.47832338329408,
						18.6029893230951,
						1271.9369000000006
					],
					[
						-98.47832586054875,
						18.602989964864037,
						1271.9369000000006
					],
					[
						-98.47832819482478,
						18.602991013583956,
						1271.9369000000006
					],
					[
						-98.47833031980376,
						18.602992439459985,
						1271.9369000000006
					],
					[
						-98.47833217511352,
						18.60299420198198,
						1271.9369000000006
					],
					[
						-98.47833370804341,
						18.602996251075446,
						1271.9369000000006
					],
					[
						-98.47833487504181,
						18.602998528524196,
						1271.9369000000006
					],
					[
						-98.47833564295348,
						18.60300096962431,
						1271.9369000000006
					],
					[
						-98.4783359899615,
						18.603003505022407,
						1271.9369000000006
					],
					[
						-98.47833590620712,
						18.60300606268605,
						1271.9369000000006
					],
					[
						-98.47833539406987,
						18.6030085699502,
						1271.9369000000006
					],
					[
						-98.47833446809994,
						18.603010955581723,
						1271.9369000000006
					],
					[
						-98.47833315460478,
						18.603013151803147,
						1271.9369000000006
					],
					[
						-98.47833149090171,
						18.60301509621827,
						1271.9369000000006
					],
					[
						-98.47832952425772,
						18.603016733584894,
						1271.9369000000006
					],
					[
						-98.47832731054652,
						18.603018017384276,
						1271.9369000000006
					],
					[
						-98.47832491266124,
						18.603018911142772,
						1271.9369000000006
					]
				]
			},
			"properties": {
				"OBJETO": "ALBERCA",
				"Shape_Length": 6.617389814242041
			}
		},
		{
			"type": "Feature",
			"geometry": {
				"type": "LineString",
				"coordinates": [
					[
						-98.478948417693,
						18.607034259060967,
						1321.6159999999945
					],
					[
						-98.47894847371502,
						18.60703425808407,
						1321.6159999999945
					],
					[
						-98.47895236284448,
						18.607032046433943,
						1321.5896999999968
					],
					[
						-98.47895673196261,
						18.607030067597968,
						1321.5369999999966
					],
					[
						-98.47895760287878,
						18.60702956090848,
						1321.5136000000057
					],
					[
						-98.47895967599842,
						18.607028354790113,
						1321.4579999999987
					],
					[
						-98.47896336116187,
						18.607025637532427,
						1321.4052999999985
					],
					[
						-98.47896590966951,
						18.60702371723573,
						1321.3263000000006
					],
					[
						-98.47896829008259,
						18.60702179986958,
						1321.2737000000052
					],
					[
						-98.47897169063903,
						18.607020615063647,
						1321.1946000000025
					],
					[
						-98.4789753153215,
						18.607019426350174,
						1321.142000000007
					],
					[
						-98.47897645008014,
						18.607019047970212,
						1321.1199999999953
					],
					[
						-98.47897938577513,
						18.607018069076368,
						1321.0629999999946
					],
					[
						-98.47898236320111,
						18.607016704060836,
						1320.9839000000065
					],
					[
						-98.47898480626061,
						18.60701521437138,
						1320.8258999999962
					],
					[
						-98.47898804978665,
						18.60701293358205,
						1320.7995999999985
					],
					[
						-98.47899123976184,
						18.607010814514744,
						1320.6416000000027
					],
					[
						-98.47899426246936,
						18.607008751959775,
						1320.483500000002
					],
					[
						-98.47899555339703,
						18.60700775480043,
						1320.4700000000012
					],
					[
						-98.47899678254717,
						18.607006805360193,
						1320.4572000000044
					],
					[
						-98.47899894048753,
						18.60700499906464,
						1320.4572000000044
					],
					[
						-98.47900212880862,
						18.60700277283369,
						1320.4572000000044
					],
					[
						-98.47900460112383,
						18.607001363028132,
						1320.4572000000044
					],
					[
						-98.47900732381581,
						18.6069995981886,
						1320.4572000000044
					],
					[
						-98.47901154594332,
						18.60699755078456,
						1320.4572000000044
					],
					[
						-98.47901560577401,
						18.60699590894158,
						1320.338699999993
					],
					[
						-98.47902003534723,
						18.606993656539775,
						1320.259699999995
					],
					[
						-98.47902371811513,
						18.606992142129158,
						1320.1806999999972
					],
					[
						-98.47902799149149,
						18.60699069789347,
						1320.1015999999945
					],
					[
						-98.47903043281764,
						18.606990043512614,
						1320.0265999999974
					],
					[
						-98.47903184997607,
						18.606989663652904,
						1319.9830999999976
					],
					[
						-98.47903214225886,
						18.60698961456476,
						1319.9830999999976
					],
					[
						-98.47903613433246,
						18.606988944106295,
						1319.9830999999976
					],
					[
						-98.47904025029206,
						18.60698822751562,
						1319.8646000000008
					],
					[
						-98.47904335587131,
						18.60698752866099,
						1319.785600000003
					],
					[
						-98.47904629183378,
						18.60698675224131,
						1319.706600000005
					],
					[
						-98.47904992823209,
						18.606984956745578,
						1319.627600000007
					],
					[
						-98.47905256523016,
						18.606983903675253,
						1319.5880999999936
					],
					[
						-98.47905519978815,
						18.60698268956277,
						1319.5485999999946
					],
					[
						-98.47905716325378,
						18.606981915952908,
						1319.4948000000004
					],
					[
						-98.47905808816124,
						18.606981551537274,
						1319.4695000000065
					],
					[
						-98.47906063608077,
						18.606980177860706,
						1319.2719999999972
					],
					[
						-98.47906334019672,
						18.606977996017715,
						1319.1929999999993
					],
					[
						-98.47906544760394,
						18.60697534139468,
						1319.1140000000014
					],
					[
						-98.47906694968981,
						18.60697376149822,
						1319.0215999999928
					],
					[
						-98.47906801749205,
						18.606972638381986,
						1318.9560000000056
					],
					[
						-98.47907093637377,
						18.606970734667463,
						1318.7189000000071
					],
					[
						-98.47907413225107,
						18.606970436939505,
						1318.4818999999989
					],
					[
						-98.47907787236758,
						18.606969928301652,
						1318.363400000002
					],
					[
						-98.47907980798594,
						18.60696978086129,
						1318.3448999999964
					],
					[
						-98.47908145852732,
						18.606969655135845,
						1318.328999999998
					],
					[
						-98.4790819944268,
						18.60696961431517,
						1318.323900000003
					],
					[
						-98.47908631051132,
						18.60696820959964,
						1318.284400000004
					],
					[
						-98.47908836069479,
						18.606967276261866,
						1318.2256000000052
					],
					[
						-98.47908839699109,
						18.606967259738116,
						1318.2246000000014
					],
					[
						-98.47908907075637,
						18.60696695300915,
						1318.2053000000014
					],
					[
						-98.47909174070287,
						18.60696529529152,
						1318.0473000000056
					],
					[
						-98.47909377489151,
						18.606963366835434,
						1317.9682999999932
					],
					[
						-98.47909672428155,
						18.60696069743166,
						1317.9287999999942
					],
					[
						-98.47909967001144,
						18.6069577864648,
						1317.8892999999953
					],
					[
						-98.47910262062135,
						18.606955197581975,
						1317.8497999999963
					],
					[
						-98.47910358735301,
						18.606954136291215,
						1317.8497999999963
					],
					[
						-98.47910560295996,
						18.606951923531298,
						1317.8497999999963
					],
					[
						-98.47910837907277,
						18.60694893499928,
						1317.8102999999974
					],
					[
						-98.47911152858782,
						18.606945577471418,
						1317.8497999999963
					],
					[
						-98.47911404844524,
						18.606942351810382,
						1317.8497999999963
					],
					[
						-98.47911623638944,
						18.606939454145557,
						1317.8497999999963
					],
					[
						-98.47911775971481,
						18.606937095367865,
						1317.6998000000021
					],
					[
						-98.47911784104548,
						18.60693696943221,
						1317.6918000000005
					],
					[
						-98.47911982398394,
						18.60693443780715,
						1317.573199999999
					],
					[
						-98.47912019724947,
						18.606934268780492,
						1317.5684000000037
					],
					[
						-98.47912287709228,
						18.60693305526143,
						1317.5337
					],
					[
						-98.47912515045753,
						18.606932694868682,
						1317.4707999999955
					],
					[
						-98.47912573373539,
						18.606932602402612,
						1317.454700000002
					],
					[
						-98.47912952388049,
						18.606932616411427,
						1317.3757000000041
					],
					[
						-98.47913362031032,
						18.606933390196854,
						1317.2571999999927
					],
					[
						-98.47913754224321,
						18.606933764333082,
						1317.1386999999959
					],
					[
						-98.47914137509757,
						18.606933817863105,
						1317.020199999999
					],
					[
						-98.47914271668994,
						18.606933644056895,
						1317.0038000000059
					],
					[
						-98.47914461124317,
						18.606933398613318,
						1316.9807
					],
					[
						-98.47914834769851,
						18.606932648410954,
						1316.8225999999995
					],
					[
						-98.47915250880568,
						18.606932132381374,
						1316.6251000000047
					],
					[
						-98.4791565405652,
						18.606931417266154,
						1316.5461000000068
					],
					[
						-98.47915998537646,
						18.606930873539344,
						1316.5065999999933
					],
					[
						-98.47916364741052,
						18.606930363840526,
						1316.5065999999933
					],
					[
						-98.47916364741052,
						18.606930363840526,
						1316.5065999999933
					],
					[
						-98.47916767061282,
						18.606929490220363,
						1316.4670999999944
					],
					[
						-98.47917202818485,
						18.60692804450328,
						1316.3880999999965
					],
					[
						-98.47917482625755,
						18.60692650534883,
						1316.3089999999938
					],
					[
						-98.47917762555025,
						18.60692504671538,
						1316.111499999999
					],
					[
						-98.4791811313781,
						18.60692297161051,
						1316.111499999999
					],
					[
						-98.47918476411346,
						18.606920934548995,
						1316.0325000000012
					],
					[
						-98.47918768299301,
						18.60691903083263,
						1316.0325000000012
					],
					[
						-98.47918916634761,
						18.606918123737636,
						1315.9784999999974
					],
					[
						-98.47919093744575,
						18.60691704068282,
						1315.9140000000043
					],
					[
						-98.47919339506453,
						18.60691526587732,
						1315.8745000000054
					],
					[
						-98.47919664829702,
						18.606913195206435,
						1315.8745000000054
					],
					[
						-98.47919906808683,
						18.606911702963455,
						1315.8350000000064
					],
					[
						-98.47920232863976,
						18.606910115418614,
						1315.6769000000058
					],
					[
						-98.47920554160305,
						18.60690816626811,
						1315.4793999999965
					],
					[
						-98.47920879605536,
						18.606906176118034,
						1315.4793999999965
					],
					[
						-98.47921253739608,
						18.606902969283887,
						1315.4793999999965
					],
					[
						-98.4792158955739,
						18.606899487277385,
						1315.4793999999965
					],
					[
						-98.47921859480624,
						18.606896983347948,
						1315.4398999999976
					],
					[
						-98.47922107317186,
						18.60689379868493,
						1315.3608999999997
					],
					[
						-98.47922200261527,
						18.60689244443272,
						1315.3447000000015
					],
					[
						-98.47922333921143,
						18.60689049693554,
						1315.3214000000007
					],
					[
						-98.47922515009088,
						18.60688772670239,
						1315.3214000000007
					],
					[
						-98.47922716353534,
						18.60688442938724,
						1315.3214000000007
					],
					[
						-98.47922921724879,
						18.606881010551483,
						1315.2424000000028
					],
					[
						-98.47923090610092,
						18.60687852435899,
						1315.123900000006
					],
					[
						-98.47923247170583,
						18.60687624168629,
						1315.123900000006
					],
					[
						-98.4792357749724,
						18.606871914947575,
						1315.0448000000033
					],
					[
						-98.47923867188865,
						18.60686856185174,
						1315.0448000000033
					],
					[
						-98.47924148338635,
						18.60686512971296,
						1315.0053000000044
					],
					[
						-98.47924414045521,
						18.606861847331785,
						1315.0053000000044
					],
					[
						-98.47924445962019,
						18.60686145305478,
						1315.0053000000044
					],
					[
						-98.47924578711287,
						18.606859334969563,
						1315.0053000000044
					],
					[
						-98.47924593980636,
						18.60685909133896,
						1315.0053000000044
					],
					[
						-98.47924760913624,
						18.60685531680976,
						1314.9658000000054
					],
					[
						-98.4792487378877,
						18.606851994753928,
						1314.9658000000054
					],
					[
						-98.47924999476682,
						18.606848791262504,
						1314.9263000000064
					],
					[
						-98.47925200821034,
						18.60684549394707,
						1314.847299999994
					],
					[
						-98.47925477577805,
						18.606841941765506,
						1314.847299999994
					],
					[
						-98.47925851223603,
						18.606838412846198,
						1314.847299999994
					],
					[
						-98.47926063183972,
						18.60683656343113,
						1314.847299999994
					],
					[
						-98.47926313460607,
						18.606834989188233,
						1314.768299999996
					],
					[
						-98.47926688936559,
						18.606832668084188,
						1314.768299999996
					],
					[
						-98.47927056236693,
						18.606830509500334,
						1314.6892999999982
					],
					[
						-98.4792731542119,
						18.606829255863268,
						1314.5708000000013
					],
					[
						-98.47927359494106,
						18.606828995632895,
						1314.5512000000017
					],
					[
						-98.47927582537457,
						18.60682767866391,
						1314.4523000000045
					],
					[
						-98.47927966555217,
						18.606825436602584,
						1314.3732000000018
					],
					[
						-98.4792827052359,
						18.6068231683228,
						1314.3732000000018
					],
					[
						-98.47928524217014,
						18.606821069953746,
						1314.254700000005
					],
					[
						-98.47928765707735,
						18.60681925562549,
						1314.1361999999936
					],
					[
						-98.47928994873743,
						18.606817644816957,
						1314.0966999999946
					],
					[
						-98.47929253326127,
						18.606815908053374,
						1314.0571999999956
					],
					[
						-98.47929616943819,
						18.606813916116256,
						1313.9333000000042
					],
					[
						-98.47930513873031,
						18.606809002640272,
						1313.627600000007
					],
					[
						-98.47930525202588,
						18.606809000565438,
						1313.627600000007
					],
					[
						-98.47930860051599,
						18.60680728605744,
						1313.5485999999946
					],
					[
						-98.47931150384107,
						18.606806175934278,
						1313.4695000000065
					],
					[
						-98.47931412390352,
						18.606805070998057,
						1313.4431999999942
					],
					[
						-98.47931421331296,
						18.60680505048758,
						1313.4424
					],
					[
						-98.47931694847424,
						18.606804423042714,
						1313.4168999999965
					],
					[
						-98.47931988488537,
						18.606803664633333,
						1313.4168999999965
					],
					[
						-98.47932265133888,
						18.60680290933602,
						1313.390499999994
					],
					[
						-98.47932544428797,
						18.60680201804596,
						1313.3378999999986
					],
					[
						-98.47932800110712,
						18.606800426440323,
						1313.3378999999986
					],
					[
						-98.47933069260067,
						18.60679831743972,
						1313.3114999999962
					],
					[
						-98.47933365124624,
						18.606795011080397,
						1313.258799999996
					],
					[
						-98.47933606986207,
						18.606791579102225,
						1313.258799999996
					],
					[
						-98.47933834369324,
						18.606789147182113,
						1313.2142000000022
					],
					[
						-98.4793387511032,
						18.6067887114468,
						1313.2062000000005
					],
					[
						-98.47934149412289,
						18.606786222081276,
						1313.1272000000026
					],
					[
						-98.47934455934966,
						18.606784512759543,
						1313.0745000000024
					],
					[
						-98.47934842503449,
						18.60678333081045,
						1313.0218000000023
					],
					[
						-98.47935223699601,
						18.60678236665713,
						1312.9165000000066
					],
					[
						-98.47935523079141,
						18.60678166139938,
						1312.8638000000064
					],
					[
						-98.4793579619613,
						18.606780391818887,
						1312.784799999994
					],
					[
						-98.47936063501407,
						18.60677901489642,
						1312.6003999999957
					],
					[
						-98.47936316606936,
						18.60677761347268,
						1312.574099999998
					]
				]
			},
			"properties": {
				"OBJETO": "ESCURRIMIENTO",
				"Shape_Length": 54.365485660918885
			}
		},
		{
			"type": "Feature",
			"geometry": {
				"type": "LineString",
				"coordinates": [
					[
						-98.47595537676551,
						18.60747831882096,
						1329.2091999999975
					],
					[
						-98.4759547302915,
						18.607476943705063,
						1329.1662999999971
					],
					[
						-98.4759547302915,
						18.607476943705063,
						1329.1662999999971
					],
					[
						-98.4759547302915,
						18.607476943705063,
						1329.1662999999971
					],
					[
						-98.4759547302915,
						18.607476943705063,
						1329.1662999999971
					],
					[
						-98.47595455100792,
						18.60747639644713,
						1329.1506999999983
					],
					[
						-98.4759541262404,
						18.60747509987651,
						1329.113599999997
					],
					[
						-98.4759541262404,
						18.60747509987651,
						1329.113599999997
					],
					[
						-98.4759541262404,
						18.60747509987651,
						1329.113599999997
					],
					[
						-98.4759541262404,
						18.60747509987651,
						1329.113599999997
					],
					[
						-98.47595351331756,
						18.60747299967423,
						1329.0785000000033
					],
					[
						-98.47595351331756,
						18.60747299967423,
						1329.0785000000033
					],
					[
						-98.47595351331756,
						18.60747299967423,
						1329.0785000000033
					],
					[
						-98.47595351331756,
						18.60747299967423,
						1329.0785000000033
					],
					[
						-98.4759527980862,
						18.607470870215458,
						1329.0083000000013
					],
					[
						-98.4759527980862,
						18.607470870215458,
						1329.0083000000013
					],
					[
						-98.4759527980862,
						18.607470870215458,
						1329.0083000000013
					],
					[
						-98.4759527980862,
						18.607470870215458,
						1329.0083000000013
					],
					[
						-98.47595190864403,
						18.60746858517346,
						1328.973199999993
					],
					[
						-98.47595190864403,
						18.60746858517346,
						1328.973199999993
					],
					[
						-98.47595190864403,
						18.60746858517346,
						1328.973199999993
					],
					[
						-98.47595190864403,
						18.60746858517346,
						1328.973199999993
					],
					[
						-98.47595132612754,
						18.607466387900917,
						1328.920499999993
					],
					[
						-98.47595132612754,
						18.607466387900917,
						1328.920499999993
					],
					[
						-98.47595132612754,
						18.607466387900917,
						1328.920499999993
					],
					[
						-98.47595132612754,
						18.607466387900917,
						1328.920499999993
					],
					[
						-98.47595064352045,
						18.60746422546533,
						1328.8678000000073
					],
					[
						-98.47595064352045,
						18.60746422546533,
						1328.8678000000073
					],
					[
						-98.47595064352045,
						18.60746422546533,
						1328.8678000000073
					],
					[
						-98.47595064352045,
						18.60746422546533,
						1328.8678000000073
					],
					[
						-98.4759500305977,
						18.607462125263034,
						1328.815100000007
					],
					[
						-98.4759500305977,
						18.607462125263034,
						1328.815100000007
					],
					[
						-98.4759500305977,
						18.607462125263034,
						1328.815100000007
					],
					[
						-98.4759500305977,
						18.607462125263034,
						1328.815100000007
					],
					[
						-98.47594977907428,
						18.60746125569192,
						1328.7863999999972
					],
					[
						-98.47594957035115,
						18.60746053408796,
						1328.762499999997
					],
					[
						-98.47594957035115,
						18.60746053408796,
						1328.762499999997
					],
					[
						-98.47594957035115,
						18.60746053408796,
						1328.762499999997
					],
					[
						-98.47594957035115,
						18.60746053408796,
						1328.762499999997
					],
					[
						-98.47594900114231,
						18.60745872137605,
						1328.7272999999986
					],
					[
						-98.47594900114231,
						18.60745872137605,
						1328.7272999999986
					],
					[
						-98.47594900114231,
						18.60745872137605,
						1328.7272999999986
					],
					[
						-98.47594900114231,
						18.60745872137605,
						1328.7272999999986
					],
					[
						-98.4759484274976,
						18.6074567804773,
						1328.639599999995
					],
					[
						-98.4759484274976,
						18.6074567804773,
						1328.639599999995
					],
					[
						-98.4759484274976,
						18.6074567804773,
						1328.639599999995
					],
					[
						-98.4759484274976,
						18.6074567804773,
						1328.639599999995
					],
					[
						-98.47594822380913,
						18.60745479730095,
						1328.551800000001
					],
					[
						-98.47594822380913,
						18.60745479730095,
						1328.551800000001
					],
					[
						-98.47594822380913,
						18.60745479730095,
						1328.551800000001
					],
					[
						-98.47594822380913,
						18.60745479730095,
						1328.551800000001
					],
					[
						-98.47594817658798,
						18.607452456960342,
						1328.4640000000072
					],
					[
						-98.47594817658798,
						18.607452456960342,
						1328.4640000000072
					],
					[
						-98.47594817658798,
						18.607452456960342,
						1328.4640000000072
					],
					[
						-98.47594817658798,
						18.607452456960342,
						1328.4640000000072
					],
					[
						-98.47594839036074,
						18.607449852805356,
						1328.3761999999988
					],
					[
						-98.47594839036074,
						18.607449852805356,
						1328.3761999999988
					],
					[
						-98.47594839036074,
						18.607449852805356,
						1328.3761999999988
					],
					[
						-98.47594839036074,
						18.607449852805356,
						1328.3761999999988
					],
					[
						-98.47594899562426,
						18.60744685292883,
						1328.3059000000067
					],
					[
						-98.47594899562426,
						18.60744685292883,
						1328.3059000000067
					],
					[
						-98.47594899562426,
						18.60744685292883,
						1328.3059000000067
					],
					[
						-98.47594899562426,
						18.60744685292883,
						1328.3059000000067
					],
					[
						-98.47594950523298,
						18.60744401607616,
						1328.2357000000047
					],
					[
						-98.47594950523298,
						18.60744401607616,
						1328.2357000000047
					],
					[
						-98.47594950523298,
						18.60744401607616,
						1328.2357000000047
					],
					[
						-98.47594950523298,
						18.60744401607616,
						1328.2357000000047
					],
					[
						-98.47595434256478,
						18.607436228798957,
						1328.0295000000042
					],
					[
						-98.47595980397169,
						18.607427436857886,
						1327.7967999999964
					],
					[
						-98.47596055811523,
						18.607425812200024,
						1327.7792000000045
					],
					[
						-98.47596055811523,
						18.607425812200024,
						1327.7792000000045
					],
					[
						-98.47596055811523,
						18.607425812200024,
						1327.7792000000045
					],
					[
						-98.47596055811523,
						18.607425812200024,
						1327.7792000000045
					],
					[
						-98.47596190171748,
						18.60742365805324,
						1327.7090000000026
					],
					[
						-98.47596190171748,
						18.60742365805324,
						1327.7090000000026
					],
					[
						-98.47596190171748,
						18.60742365805324,
						1327.7090000000026
					],
					[
						-98.47596190171748,
						18.60742365805324,
						1327.7090000000026
					],
					[
						-98.47596283673032,
						18.607422381258914,
						1327.6738999999943
					],
					[
						-98.47596283673032,
						18.607422381258914,
						1327.6738999999943
					],
					[
						-98.47596283673032,
						18.607422381258914,
						1327.6738999999943
					],
					[
						-98.47596283673032,
						18.607422381258914,
						1327.6738999999943
					],
					[
						-98.47596351074934,
						18.607421368278995,
						1327.6211999999941
					],
					[
						-98.47596351074934,
						18.607421368278995,
						1327.6211999999941
					],
					[
						-98.47596351074934,
						18.607421368278995,
						1327.6211999999941
					],
					[
						-98.47596351074934,
						18.607421368278995,
						1327.6211999999941
					],
					[
						-98.47596446064289,
						18.607419545760326,
						1327.550900000002
					],
					[
						-98.47596446064289,
						18.607419545760326,
						1327.550900000002
					],
					[
						-98.47596446064289,
						18.607419545760326,
						1327.550900000002
					],
					[
						-98.47596446064289,
						18.607419545760326,
						1327.550900000002
					],
					[
						-98.47596565664949,
						18.607418005151565,
						1327.4807
					],
					[
						-98.47596565664949,
						18.607418005151565,
						1327.4807
					],
					[
						-98.47596565664949,
						18.607418005151565,
						1327.4807
					],
					[
						-98.47596565664949,
						18.607418005151565,
						1327.4807
					],
					[
						-98.47596582275537,
						18.607417702982406,
						1327.4689000000071
					],
					[
						-98.47596664138518,
						18.607416213749545,
						1327.4104999999981
					],
					[
						-98.47596664138518,
						18.607416213749545,
						1327.4104999999981
					],
					[
						-98.47596664138518,
						18.607416213749545,
						1327.4104999999981
					],
					[
						-98.47596664138518,
						18.607416213749545,
						1327.4104999999981
					],
					[
						-98.47596745856384,
						18.607414459044627,
						1327.340200000006
					],
					[
						-98.47596745856384,
						18.607414459044627,
						1327.340200000006
					],
					[
						-98.47596745856384,
						18.607414459044627,
						1327.340200000006
					],
					[
						-98.47596745856384,
						18.607414459044627,
						1327.340200000006
					],
					[
						-98.47597329750708,
						18.607404608460634,
						1326.8420999999944
					],
					[
						-98.47597566693089,
						18.607400611122692,
						1326.6399999999994
					],
					[
						-98.47597795461738,
						18.6073967516795,
						1326.4447999999975
					],
					[
						-98.47597808850317,
						18.607396146212995,
						1326.4228000000003
					],
					[
						-98.47597827577407,
						18.607395299346177,
						1326.3920999999973
					],
					[
						-98.47597827577407,
						18.607395299346177,
						1326.3920999999973
					],
					[
						-98.47597827577407,
						18.607395299346177,
						1326.3920999999973
					],
					[
						-98.47597827577407,
						18.607395299346177,
						1326.3920999999973
					],
					[
						-98.47597944960097,
						18.60739311780297,
						1326.286699999997
					],
					[
						-98.47597944960097,
						18.60739311780297,
						1326.286699999997
					],
					[
						-98.47597944960097,
						18.60739311780297,
						1326.286699999997
					],
					[
						-98.47597944960097,
						18.60739311780297,
						1326.286699999997
					],
					[
						-98.47598223088609,
						18.60738957677019,
						1326.1111999999994
					],
					[
						-98.47598223088609,
						18.60738957677019,
						1326.1111999999994
					],
					[
						-98.47598223088609,
						18.60738957677019,
						1326.1111999999994
					],
					[
						-98.47598223088609,
						18.60738957677019,
						1326.1111999999994
					],
					[
						-98.4759836834501,
						18.607387644160045,
						1326.0234000000055
					],
					[
						-98.4759836834501,
						18.607387644160045,
						1326.0234000000055
					],
					[
						-98.4759836834501,
						18.607387644160045,
						1326.0234000000055
					],
					[
						-98.4759836834501,
						18.607387644160045,
						1326.0234000000055
					],
					[
						-98.4759846164784,
						18.607386433793145,
						1325.964399999997
					],
					[
						-98.4759850729836,
						18.60738584159693,
						1325.935599999997
					],
					[
						-98.4759850729836,
						18.60738584159693,
						1325.935599999997
					],
					[
						-98.4759850729836,
						18.60738584159693,
						1325.935599999997
					],
					[
						-98.4759850729836,
						18.60738584159693,
						1325.935599999997
					],
					[
						-98.47598715427935,
						18.607383538801262,
						1325.8301999999967
					],
					[
						-98.47598715427935,
						18.607383538801262,
						1325.8301999999967
					],
					[
						-98.47598715427935,
						18.607383538801262,
						1325.8301999999967
					],
					[
						-98.47598715427935,
						18.607383538801262,
						1325.8301999999967
					],
					[
						-98.4759883591572,
						18.607382254566136,
						1325.7599999999948
					],
					[
						-98.4759883591572,
						18.607382254566136,
						1325.7599999999948
					],
					[
						-98.4759883591572,
						18.607382254566136,
						1325.7599999999948
					],
					[
						-98.4759883591572,
						18.607382254566136,
						1325.7599999999948
					],
					[
						-98.47599061769523,
						18.607379815122933,
						1325.5918999999994
					],
					[
						-98.47600032150733,
						18.607369334028256,
						1324.8695000000007
					],
					[
						-98.47600463356072,
						18.60736467657556,
						1324.5485000000044
					],
					[
						-98.47600550331973,
						18.607363465734597,
						1324.5660000000062
					],
					[
						-98.47600550331973,
						18.607363465734597,
						1324.5660000000062
					],
					[
						-98.47600550331973,
						18.607363465734597,
						1324.5660000000062
					],
					[
						-98.47600550331973,
						18.607363465734597,
						1324.5660000000062
					],
					[
						-98.47600653176865,
						18.607361961822743,
						1324.5133999999962
					],
					[
						-98.47600653176865,
						18.607361961822743,
						1324.5133999999962
					],
					[
						-98.47600653176865,
						18.607361961822743,
						1324.5133999999962
					],
					[
						-98.47600653176865,
						18.607361961822743,
						1324.5133999999962
					],
					[
						-98.47600833718957,
						18.607360468565602,
						1324.460699999996
					],
					[
						-98.47600833718957,
						18.607360468565602,
						1324.460699999996
					],
					[
						-98.47600833718957,
						18.607360468565602,
						1324.460699999996
					],
					[
						-98.47600833718957,
						18.607360468565602,
						1324.460699999996
					],
					[
						-98.47600963881254,
						18.60735915287294,
						1324.425099999993
					],
					[
						-98.47601026201751,
						18.60735852293401,
						1324.4079999999958
					],
					[
						-98.47601026201751,
						18.60735852293401,
						1324.4079999999958
					],
					[
						-98.47601026201751,
						18.60735852293401,
						1324.4079999999958
					],
					[
						-98.47601026201751,
						18.60735852293401,
						1324.4079999999958
					],
					[
						-98.47601410280147,
						18.607354375297,
						1324.3027000000002
					],
					[
						-98.47601410280147,
						18.607354375297,
						1324.3027000000002
					],
					[
						-98.47601410280147,
						18.607354375297,
						1324.3027000000002
					],
					[
						-98.47601410280147,
						18.607354375297,
						1324.3027000000002
					],
					[
						-98.47601587338008,
						18.607352850923125,
						1324.25
					],
					[
						-98.47601587338008,
						18.607352850923125,
						1324.25
					],
					[
						-98.47601587338008,
						18.607352850923125,
						1324.25
					],
					[
						-98.47601587338008,
						18.607352850923125,
						1324.25
					],
					[
						-98.47601761133448,
						18.607351359526074,
						1324.1796999999933
					],
					[
						-98.47601761133448,
						18.607351359526074,
						1324.1796999999933
					],
					[
						-98.47601761133448,
						18.607351359526074,
						1324.1796999999933
					],
					[
						-98.47601761133448,
						18.607351359526074,
						1324.1796999999933
					],
					[
						-98.47601980824555,
						18.60734947054713,
						1324.109500000006
					],
					[
						-98.47601980824555,
						18.60734947054713,
						1324.109500000006
					],
					[
						-98.47601980824555,
						18.60734947054713,
						1324.109500000006
					],
					[
						-98.47601980824555,
						18.60734947054713,
						1324.109500000006
					],
					[
						-98.47602219424795,
						18.607347191427007,
						1324.039300000004
					],
					[
						-98.47602219424795,
						18.607347191427007,
						1324.039300000004
					],
					[
						-98.47602219424795,
						18.607347191427007,
						1324.039300000004
					],
					[
						-98.47602219424795,
						18.607347191427007,
						1324.039300000004
					],
					[
						-98.47602437754398,
						18.607345672010172,
						1324.0178000000014
					],
					[
						-98.4760600273576,
						18.607320862245185,
						1323.666200000007
					],
					[
						-98.47606152006637,
						18.607319755891282,
						1323.666200000007
					],
					[
						-98.47606152006637,
						18.607319755891282,
						1323.666200000007
					],
					[
						-98.47606152006637,
						18.607319755891282,
						1323.666200000007
					],
					[
						-98.47606152006637,
						18.607319755891282,
						1323.666200000007
					],
					[
						-98.47606321464981,
						18.60731854419074,
						1323.666200000007
					],
					[
						-98.47606321464981,
						18.60731854419074,
						1323.666200000007
					],
					[
						-98.47606321464981,
						18.60731854419074,
						1323.666200000007
					],
					[
						-98.47606321464981,
						18.60731854419074,
						1323.666200000007
					],
					[
						-98.47606602707944,
						18.60731720586651,
						1323.666200000007
					],
					[
						-98.47606602707944,
						18.60731720586651,
						1323.666200000007
					],
					[
						-98.47606602707944,
						18.60731720586651,
						1323.666200000007
					],
					[
						-98.47606602707944,
						18.60731720586651,
						1323.666200000007
					],
					[
						-98.47607047731081,
						18.60731301100686,
						1323.666200000007
					],
					[
						-98.47607047731081,
						18.60731301100686,
						1323.666200000007
					],
					[
						-98.47607047731081,
						18.60731301100686,
						1323.666200000007
					],
					[
						-98.47607047731081,
						18.60731301100686,
						1323.666200000007
					],
					[
						-98.47607143760592,
						18.607311239549844,
						1323.666200000007
					],
					[
						-98.47607143760592,
						18.607311239549844,
						1323.666200000007
					],
					[
						-98.47607143760592,
						18.607311239549844,
						1323.666200000007
					],
					[
						-98.47607143760592,
						18.607311239549844,
						1323.666200000007
					],
					[
						-98.47607205915719,
						18.60731001063208,
						1323.6398000000045
					],
					[
						-98.47607205915719,
						18.60731001063208,
						1323.6398000000045
					],
					[
						-98.47607205915719,
						18.60731001063208,
						1323.6398000000045
					],
					[
						-98.47607205915719,
						18.60731001063208,
						1323.6398000000045
					],
					[
						-98.47607238115171,
						18.607307481487858,
						1323.6135000000068
					],
					[
						-98.47607238115171,
						18.607307481487858,
						1323.6135000000068
					],
					[
						-98.47607238115171,
						18.607307481487858,
						1323.6135000000068
					],
					[
						-98.47607238115171,
						18.607307481487858,
						1323.6135000000068
					],
					[
						-98.4760729597439,
						18.60730499367126,
						1323.6135000000068
					],
					[
						-98.4760729597439,
						18.60730499367126,
						1323.6135000000068
					],
					[
						-98.4760729597439,
						18.60730499367126,
						1323.6135000000068
					],
					[
						-98.4760729597439,
						18.60730499367126,
						1323.6135000000068
					],
					[
						-98.47607298902209,
						18.607302860390366,
						1323.5871999999945
					],
					[
						-98.47607298902209,
						18.607302860390366,
						1323.5871999999945
					],
					[
						-98.47607298902209,
						18.607302860390366,
						1323.5871999999945
					],
					[
						-98.47607298902209,
						18.607302860390366,
						1323.5871999999945
					],
					[
						-98.47607316961523,
						18.60730067443539,
						1323.5608000000066
					],
					[
						-98.47607316961523,
						18.60730067443539,
						1323.5608000000066
					],
					[
						-98.47607316961523,
						18.60730067443539,
						1323.5608000000066
					],
					[
						-98.47607316961523,
						18.60730067443539,
						1323.5608000000066
					],
					[
						-98.47607367266558,
						18.60729896416237,
						1323.5344999999943
					],
					[
						-98.47607367266558,
						18.60729896416237,
						1323.5344999999943
					],
					[
						-98.47607367266558,
						18.60729896416237,
						1323.5344999999943
					],
					[
						-98.47607367266558,
						18.60729896416237,
						1323.5344999999943
					],
					[
						-98.47607732666222,
						18.607293870612626,
						1323.5081000000064
					],
					[
						-98.47607732666222,
						18.607293870612626,
						1323.5081000000064
					],
					[
						-98.47607732666222,
						18.607293870612626,
						1323.5081000000064
					],
					[
						-98.47607732666222,
						18.607293870612626,
						1323.5081000000064
					],
					[
						-98.47607929682972,
						18.60729178027422,
						1323.5081000000064
					],
					[
						-98.47607929682972,
						18.60729178027422,
						1323.5081000000064
					],
					[
						-98.47607929682972,
						18.60729178027422,
						1323.5081000000064
					],
					[
						-98.47607929682972,
						18.60729178027422,
						1323.5081000000064
					],
					[
						-98.47608187556158,
						18.607289576077616,
						1323.481799999994
					],
					[
						-98.47608187556158,
						18.607289576077616,
						1323.481799999994
					],
					[
						-98.47608187556158,
						18.607289576077616,
						1323.481799999994
					],
					[
						-98.47608187556158,
						18.607289576077616,
						1323.481799999994
					],
					[
						-98.47608452015288,
						18.607287806235345,
						1323.4554999999964
					],
					[
						-98.47608452015288,
						18.607287806235345,
						1323.4554999999964
					],
					[
						-98.47608452015288,
						18.607287806235345,
						1323.4554999999964
					],
					[
						-98.47608452015288,
						18.607287806235345,
						1323.4554999999964
					],
					[
						-98.47609931308322,
						18.607280926932493,
						1323.329899999997
					],
					[
						-98.47611245370727,
						18.60727481601454,
						1323.218399999998
					],
					[
						-98.47611614427949,
						18.607272290099207,
						1323.218399999998
					],
					[
						-98.47611614427949,
						18.607272290099207,
						1323.218399999998
					],
					[
						-98.47611614427949,
						18.607272290099207,
						1323.218399999998
					],
					[
						-98.47611614427949,
						18.607272290099207,
						1323.218399999998
					],
					[
						-98.47611961437724,
						18.607269285665236,
						1323.1921000000002
					],
					[
						-98.47611961437724,
						18.607269285665236,
						1323.1921000000002
					],
					[
						-98.47611961437724,
						18.607269285665236,
						1323.1921000000002
					],
					[
						-98.47611961437724,
						18.607269285665236,
						1323.1921000000002
					],
					[
						-98.47612208121636,
						18.607266793789602,
						1323.1658000000025
					],
					[
						-98.47612208121636,
						18.607266793789602,
						1323.1658000000025
					],
					[
						-98.47612208121636,
						18.607266793789602,
						1323.1658000000025
					],
					[
						-98.47612208121636,
						18.607266793789602,
						1323.1658000000025
					],
					[
						-98.47612368289357,
						18.607264374444654,
						1323.1131000000023
					],
					[
						-98.47612368289357,
						18.607264374444654,
						1323.1131000000023
					],
					[
						-98.47612368289357,
						18.607264374444654,
						1323.1131000000023
					],
					[
						-98.47612368289357,
						18.607264374444654,
						1323.1131000000023
					],
					[
						-98.47612613651427,
						18.607261495215464,
						1323.0866999999998
					],
					[
						-98.47612613651427,
						18.607261495215464,
						1323.0866999999998
					],
					[
						-98.47612613651427,
						18.607261495215464,
						1323.0866999999998
					],
					[
						-98.47612613651427,
						18.607261495215464,
						1323.0866999999998
					],
					[
						-98.47612759655831,
						18.607257916646613,
						1323.0866999999998
					],
					[
						-98.47612759655831,
						18.607257916646613,
						1323.0866999999998
					],
					[
						-98.47612759655831,
						18.607257916646613,
						1323.0866999999998
					],
					[
						-98.47612759655831,
						18.607257916646613,
						1323.0866999999998
					],
					[
						-98.47613207615707,
						18.607247954133385,
						1322.9516000000003
					],
					[
						-98.47613971318685,
						18.60723096955299,
						1322.7212
					],
					[
						-98.47614200072961,
						18.607225882109166,
						1322.6521999999968
					],
					[
						-98.47614237596278,
						18.60722565344487,
						1322.6916999999958
					],
					[
						-98.47614237596278,
						18.60722565344487,
						1322.6916999999958
					],
					[
						-98.47614237596278,
						18.60722565344487,
						1322.6916999999958
					],
					[
						-98.47614237596278,
						18.60722565344487,
						1322.6916999999958
					],
					[
						-98.47614313604407,
						18.607223232186573,
						1322.5337
					],
					[
						-98.47614313604407,
						18.607223232186573,
						1322.5337
					],
					[
						-98.47614313604407,
						18.607223232186573,
						1322.5337
					],
					[
						-98.47614313604407,
						18.607223232186573,
						1322.5337
					],
					[
						-98.47614540203462,
						18.607220041589034,
						1322.3755999999994
					],
					[
						-98.47614540203462,
						18.607220041589034,
						1322.3755999999994
					],
					[
						-98.47614540203462,
						18.607220041589034,
						1322.3755999999994
					],
					[
						-98.47614540203462,
						18.607220041589034,
						1322.3755999999994
					],
					[
						-98.47614635949522,
						18.607216669351622,
						1322.2966000000015
					],
					[
						-98.47614635949522,
						18.607216669351622,
						1322.2966000000015
					],
					[
						-98.47614635949522,
						18.607216669351622,
						1322.2966000000015
					],
					[
						-98.47614635949522,
						18.607216669351622,
						1322.2966000000015
					],
					[
						-98.4761473497615,
						18.607213046317064,
						1322.2391999999963
					],
					[
						-98.47614772163007,
						18.607211685792016,
						1322.2176000000036
					],
					[
						-98.47614772163007,
						18.607211685792016,
						1322.2176000000036
					],
					[
						-98.47614772163007,
						18.607211685792016,
						1322.2176000000036
					],
					[
						-98.47614772163007,
						18.607211685792016,
						1322.2176000000036
					],
					[
						-98.47614915782083,
						18.607206627435907,
						1322.1386000000057
					],
					[
						-98.47614915782083,
						18.607206627435907,
						1322.1386000000057
					],
					[
						-98.47614915782083,
						18.607206627435907,
						1322.1386000000057
					],
					[
						-98.47614915782083,
						18.607206627435907,
						1322.1386000000057
					],
					[
						-98.47614999660563,
						18.607202022133464,
						1322.0595999999932
					],
					[
						-98.47614999660563,
						18.607202022133464,
						1322.0595999999932
					],
					[
						-98.47614999660563,
						18.607202022133464,
						1322.0595999999932
					],
					[
						-98.47614999660563,
						18.607202022133464,
						1322.0595999999932
					],
					[
						-98.47614934287752,
						18.60719437131643,
						1321.9140000000043
					],
					[
						-98.47614863684588,
						18.607186108431343,
						1321.756699999998
					],
					[
						-98.47614842591874,
						18.607184415371062,
						1321.703999999998
					],
					[
						-98.47614842591874,
						18.607184415371062,
						1321.703999999998
					],
					[
						-98.47614842591874,
						18.607184415371062,
						1321.703999999998
					],
					[
						-98.47614842591874,
						18.607184415371062,
						1321.703999999998
					],
					[
						-98.47614742729478,
						18.607182113312447,
						1321.6514000000025
					],
					[
						-98.47614742729478,
						18.607182113312447,
						1321.6514000000025
					],
					[
						-98.47614742729478,
						18.607182113312447,
						1321.6514000000025
					],
					[
						-98.47614742729478,
						18.607182113312447,
						1321.6514000000025
					],
					[
						-98.47614671869793,
						18.607180822514955,
						1321.625
					],
					[
						-98.47614671869793,
						18.607180822514955,
						1321.625
					],
					[
						-98.47614671869793,
						18.607180822514955,
						1321.625
					],
					[
						-98.47614671869793,
						18.607180822514955,
						1321.625
					],
					[
						-98.47614595468976,
						18.60717981193759,
						1321.586599999995
					],
					[
						-98.47614409523295,
						18.60717735238511,
						1321.493300000002
					],
					[
						-98.47614409523295,
						18.60717735238511,
						1321.493300000002
					],
					[
						-98.47614409523295,
						18.60717735238511,
						1321.493300000002
					],
					[
						-98.47614409523295,
						18.60717735238511,
						1321.493300000002
					],
					[
						-98.47614214740291,
						18.607175707935163,
						1321.4407000000065
					],
					[
						-98.47614214740291,
						18.607175707935163,
						1321.4407000000065
					],
					[
						-98.47614214740291,
						18.607175707935163,
						1321.4407000000065
					],
					[
						-98.47614214740291,
						18.607175707935163,
						1321.4407000000065
					],
					[
						-98.47613916468168,
						18.60717370411394,
						1321.3880000000063
					],
					[
						-98.47613916468168,
						18.60717370411394,
						1321.3880000000063
					],
					[
						-98.47613916468168,
						18.60717370411394,
						1321.3880000000063
					],
					[
						-98.47613916468168,
						18.60717370411394,
						1321.3880000000063
					],
					[
						-98.47613376907985,
						18.607168479953298,
						1321.1836999999941
					],
					[
						-98.47613195947366,
						18.607166727847364,
						1321.1152000000002
					],
					[
						-98.47612176936134,
						18.607156861525247,
						1320.7295000000013
					],
					[
						-98.4761214496628,
						18.60715648213794,
						1320.6769000000058
					],
					[
						-98.4761214496628,
						18.60715648213794,
						1320.6769000000058
					],
					[
						-98.4761214496628,
						18.60715648213794,
						1320.6769000000058
					],
					[
						-98.4761214496628,
						18.60715648213794,
						1320.6769000000058
					],
					[
						-98.47612000939317,
						18.607154726399276,
						1320.5978999999934
					],
					[
						-98.47612000939317,
						18.607154726399276,
						1320.5978999999934
					],
					[
						-98.47612000939317,
						18.607154726399276,
						1320.5978999999934
					],
					[
						-98.47612000939317,
						18.607154726399276,
						1320.5978999999934
					],
					[
						-98.4761199834624,
						18.60715468587789,
						1320.596399999995
					],
					[
						-98.4761186053808,
						18.60715253276961,
						1320.5188000000053
					],
					[
						-98.4761186053808,
						18.60715253276961,
						1320.5188000000053
					],
					[
						-98.4761186053808,
						18.60715253276961,
						1320.5188000000053
					],
					[
						-98.4761186053808,
						18.60715253276961,
						1320.5188000000053
					],
					[
						-98.47611740573126,
						18.60714732382837,
						1320.4397999999928
					],
					[
						-98.47611740573126,
						18.60714732382837,
						1320.4397999999928
					],
					[
						-98.47611740573126,
						18.60714732382837,
						1320.4397999999928
					],
					[
						-98.47611740573126,
						18.60714732382837,
						1320.4397999999928
					],
					[
						-98.47611727061887,
						18.60714485197749,
						1320.413499999995
					],
					[
						-98.47611727061887,
						18.60714485197749,
						1320.413499999995
					],
					[
						-98.47611727061887,
						18.60714485197749,
						1320.413499999995
					],
					[
						-98.47611727061887,
						18.60714485197749,
						1320.413499999995
					],
					[
						-98.47611723438234,
						18.607142280275763,
						1320.3871999999974
					],
					[
						-98.47611723438234,
						18.607142280275763,
						1320.3871999999974
					],
					[
						-98.47611723438234,
						18.607142280275763,
						1320.3871999999974
					],
					[
						-98.47611723438234,
						18.607142280275763,
						1320.3871999999974
					],
					[
						-98.47611821780883,
						18.607138006208892,
						1320.1708000000071
					],
					[
						-98.47612068543901,
						18.607127281596018,
						1319.6276999999973
					],
					[
						-98.47612297996844,
						18.607117309298236,
						1319.1227999999974
					],
					[
						-98.47612333846229,
						18.60711575124121,
						1319.0439000000042
					],
					[
						-98.47612339539042,
						18.60711546488563,
						1319.0439000000042
					],
					[
						-98.476123513143,
						18.607114872599777,
						1319.0439000000042
					],
					[
						-98.476123513143,
						18.607114872599777,
						1319.0439000000042
					],
					[
						-98.476123513143,
						18.607114872599777,
						1319.0439000000042
					],
					[
						-98.476123513143,
						18.607114872599777,
						1319.0439000000042
					],
					[
						-98.47612412618962,
						18.60711184585053,
						1318.9649000000063
					],
					[
						-98.47612412618962,
						18.60711184585053,
						1318.9649000000063
					],
					[
						-98.47612412618962,
						18.60711184585053,
						1318.9649000000063
					],
					[
						-98.47612412618962,
						18.60711184585053,
						1318.9649000000063
					],
					[
						-98.47612545113807,
						18.60710870209387,
						1318.8595999999961
					],
					[
						-98.47612545113807,
						18.60710870209387,
						1318.8595999999961
					],
					[
						-98.47612545113807,
						18.60710870209387,
						1318.8595999999961
					],
					[
						-98.47612545113807,
						18.60710870209387,
						1318.8595999999961
					],
					[
						-98.47612710567599,
						18.60710472390237,
						1318.7016000000003
					],
					[
						-98.47612710567599,
						18.60710472390237,
						1318.7016000000003
					],
					[
						-98.47612710567599,
						18.60710472390237,
						1318.7016000000003
					],
					[
						-98.47612710567599,
						18.60710472390237,
						1318.7016000000003
					],
					[
						-98.4761279032832,
						18.607102614282223,
						1318.6224999999977
					],
					[
						-98.4761279032832,
						18.607102614282223,
						1318.6224999999977
					],
					[
						-98.4761279032832,
						18.607102614282223,
						1318.6224999999977
					],
					[
						-98.4761279032832,
						18.607102614282223,
						1318.6224999999977
					],
					[
						-98.47612914253642,
						18.607099958341973,
						1318.5699000000022
					],
					[
						-98.47612914253642,
						18.607099958341973,
						1318.5699000000022
					],
					[
						-98.47612914253642,
						18.607099958341973,
						1318.5699000000022
					],
					[
						-98.47612914253642,
						18.607099958341973,
						1318.5699000000022
					],
					[
						-98.47612968862074,
						18.607098623665767,
						1318.5393999999942
					],
					[
						-98.47613103108297,
						18.607095342557784,
						1318.4645000000019
					],
					[
						-98.47613103108297,
						18.607095342557784,
						1318.4645000000019
					],
					[
						-98.47613103108297,
						18.607095342557784,
						1318.4645000000019
					],
					[
						-98.47613103108297,
						18.607095342557784,
						1318.4645000000019
					],
					[
						-98.47613161775774,
						18.607093044673675,
						1318.385500000004
					],
					[
						-98.47613161775774,
						18.607093044673675,
						1318.385500000004
					],
					[
						-98.47613161775774,
						18.607093044673675,
						1318.385500000004
					],
					[
						-98.47613161775774,
						18.607093044673675,
						1318.385500000004
					],
					[
						-98.47613208908079,
						18.60709036168339,
						1318.306500000006
					],
					[
						-98.47613208908079,
						18.60709036168339,
						1318.306500000006
					],
					[
						-98.47613208908079,
						18.60709036168339,
						1318.306500000006
					],
					[
						-98.47613208908079,
						18.60709036168339,
						1318.306500000006
					],
					[
						-98.47613302511603,
						18.607087811312784,
						1318.2538000000059
					],
					[
						-98.47613302511603,
						18.607087811312784,
						1318.2538000000059
					],
					[
						-98.47613302511603,
						18.607087811312784,
						1318.2538000000059
					],
					[
						-98.47613302511603,
						18.607087811312784,
						1318.2538000000059
					],
					[
						-98.47613335865084,
						18.607086644764546,
						1318.215400000001
					],
					[
						-98.47613371066656,
						18.60708541357783,
						1318.1747999999934
					],
					[
						-98.47613371066656,
						18.60708541357783,
						1318.1747999999934
					],
					[
						-98.47613371066656,
						18.60708541357783,
						1318.1747999999934
					],
					[
						-98.47613371066656,
						18.60708541357783,
						1318.1747999999934
					],
					[
						-98.47613437645616,
						18.607080929098124,
						1318.0694999999978
					],
					[
						-98.47613437645616,
						18.607080929098124,
						1318.0694999999978
					],
					[
						-98.47613437645616,
						18.607080929098124,
						1318.0694999999978
					],
					[
						-98.47613437645616,
						18.607080929098124,
						1318.0694999999978
					],
					[
						-98.47613494665494,
						18.607078146257027,
						1318.0167999999976
					],
					[
						-98.47613494665494,
						18.607078146257027,
						1318.0167999999976
					],
					[
						-98.47613494665494,
						18.607078146257027,
						1318.0167999999976
					],
					[
						-98.47613494665494,
						18.607078146257027,
						1318.0167999999976
					],
					[
						-98.47613585962378,
						18.60707491694665,
						1317.8850999999995
					],
					[
						-98.47613585962378,
						18.60707491694665,
						1317.8850999999995
					],
					[
						-98.47613585962378,
						18.60707491694665,
						1317.8850999999995
					],
					[
						-98.47613585962378,
						18.60707491694665,
						1317.8850999999995
					],
					[
						-98.47613650027486,
						18.607069048413507,
						1317.6560999999929
					],
					[
						-98.47613816061934,
						18.607053839104232,
						1317.0626000000047
					],
					[
						-98.47613824198872,
						18.607053093733548,
						1317.033500000005
					],
					[
						-98.47613823980615,
						18.60705302879092,
						1317.0160000000033
					],
					[
						-98.47613823980615,
						18.60705302879092,
						1317.0160000000033
					],
					[
						-98.47613823980615,
						18.60705302879092,
						1317.0160000000033
					],
					[
						-98.47613823980615,
						18.60705302879092,
						1317.0160000000033
					],
					[
						-98.47613835266174,
						18.607052310583533,
						1316.9808000000048
					],
					[
						-98.47613835266174,
						18.607052310583533,
						1316.9808000000048
					],
					[
						-98.47613835266174,
						18.607052310583533,
						1316.9808000000048
					],
					[
						-98.47613835266174,
						18.607052310583533,
						1316.9808000000048
					],
					[
						-98.47613850996714,
						18.60705087608827,
						1316.963300000003
					],
					[
						-98.47613850996714,
						18.60705087608827,
						1316.963300000003
					],
					[
						-98.47613850996714,
						18.60705087608827,
						1316.963300000003
					],
					[
						-98.47613850996714,
						18.60705087608827,
						1316.963300000003
					],
					[
						-98.47613954174935,
						18.607047954470655,
						1316.9456999999966
					],
					[
						-98.47613954174935,
						18.607047954470655,
						1316.9456999999966
					],
					[
						-98.47613954174935,
						18.607047954470655,
						1316.9456999999966
					],
					[
						-98.47613954174935,
						18.607047954470655,
						1316.9456999999966
					],
					[
						-98.4761403147065,
						18.60704650269896,
						1316.9281999999948
					],
					[
						-98.4761403147065,
						18.60704650269896,
						1316.9281999999948
					],
					[
						-98.4761403147065,
						18.60704650269896,
						1316.9281999999948
					],
					[
						-98.4761403147065,
						18.60704650269896,
						1316.9281999999948
					]
				]
			},
			"properties": {
				"OBJETO": "ESCURRIMIENTO",
				"Shape_Length": 58.11726373655129
			}
		},
		{
			"type": "Feature",
			"geometry": {
				"type": "LineString",
				"coordinates": [
					[
						-98.47128179294803,
						18.60592749238992,
						1290.9208000000071
					],
					[
						-98.47124374707946,
						18.605914416058308,
						1290.9208000000071
					],
					[
						-98.47125096135478,
						18.605895333765393,
						1290.9208000000071
					],
					[
						-98.47128459159664,
						18.60590689245024,
						1290.9208000000071
					],
					[
						-98.47128900721974,
						18.60590841009547,
						1290.9208000000071
					],
					[
						-98.47128800929853,
						18.605911049672812,
						1290.9208000000071
					],
					[
						-98.47128179294803,
						18.60592749238992,
						1290.9208000000071
					]
				]
			},
			"properties": {
				"OBJETO": "ALBERCA",
				"Shape_Length": 13.022038040762656
			}
		},
		{
			"type": "Feature",
			"geometry": {
				"type": "LineString",
				"coordinates": [
					[
						-98.47648941429028,
						18.60088267768531,
						1266.056500000006
					],
					[
						-98.47654917781597,
						18.600874608733754,
						1265.8592999999964
					],
					[
						-98.47657296857942,
						18.600871396626598,
						1265.7807999999932
					],
					[
						-98.47664844220354,
						18.60086120654333,
						1265.5317000000068
					],
					[
						-98.47670489833037,
						18.60085358408979,
						1265.3454000000056
					],
					[
						-98.47672826104876,
						18.600850195959385,
						1265.507700000002
					],
					[
						-98.47680724260941,
						18.600838741797695,
						1266.056500000006
					]
				]
			},
			"properties": {
				"OBJETO": "CANAL",
				"Shape_Length": 33.88256790912304
			}
		},
		{
			"type": "Feature",
			"geometry": {
				"type": "LineString",
				"coordinates": [
					[
						-98.47870498293166,
						18.60218057742591,
						1267.1245999999956
					],
					[
						-98.47870499645676,
						18.602178412077755,
						1267.132399999996
					],
					[
						-98.47870465867739,
						18.60217627319472,
						1267.1401999999966
					],
					[
						-98.47870397853455,
						18.60217421739286,
						1267.1479999999972
					],
					[
						-98.47870297403158,
						18.602172299089098,
						1267.1557999999977
					],
					[
						-98.47870167175759,
						18.602170569060775,
						1267.1635999999983
					],
					[
						-98.47870010618365,
						18.602169073101614,
						1267.1713999999988
					],
					[
						-98.47869831875042,
						18.602167850809526,
						1267.1791999999994
					],
					[
						-98.47869635677107,
						18.602166934538495,
						1267.187
					],
					[
						-98.47869427217907,
						18.60216634854214,
						1267.1948000000004
					],
					[
						-98.47869212015338,
						18.602166108331737,
						1267.202600000001
					],
					[
						-98.47868995765799,
						18.602166220265637,
						1267.2104000000015
					],
					[
						-98.47868784193395,
						18.602166681380957,
						1267.218200000003
					],
					[
						-98.47868579096134,
						18.60216973369721,
						1267.1994800000016
					],
					[
						-98.47868329392277,
						18.602172433312287,
						1267.1807600000002
					],
					[
						-98.47868041052892,
						18.60217471567139,
						1267.1620399999988
					],
					[
						-98.47867720972921,
						18.60217652619739,
						1267.1433199999974
					],
					[
						-98.47867376806308,
						18.60217782159592,
						1267.1245999999956
					],
					[
						-98.47867091096063,
						18.602177528583123,
						1267.1224727272684
					],
					[
						-98.47866804531883,
						18.60217772090546,
						1267.1203454545412
					],
					[
						-98.47866525299246,
						18.602178393069394,
						1267.118218181814
					],
					[
						-98.47866261374216,
						18.602179525875087,
						1267.1160909090868
					],
					[
						-98.47866020295605,
						18.602181086964833,
						1267.1139636363596
					],
					[
						-98.47865808949635,
						18.602183031747323,
						1267.1118363636324
					],
					[
						-98.47865633373237,
						18.60218530467137,
						1267.1097090909052
					],
					[
						-98.47865498581615,
						18.60218784081267,
						1267.107581818178
					],
					[
						-98.47865408424984,
						18.602190567728343,
						1267.1054545454508
					],
					[
						-98.478653654786,
						18.602193407526162,
						1267.1033272727236
					],
					[
						-98.47865370969191,
						18.602196279089537,
						1267.1011999999964
					],
					[
						-98.47865424739925,
						18.602199100394497,
						1267.0990727272692
					],
					[
						-98.4786552525488,
						18.602201790852682,
						1267.096945454542
					],
					[
						-98.47865669642927,
						18.602204273613253,
						1267.0948181818148
					],
					[
						-98.47865853779734,
						18.6022064777581,
						1267.0926909090877
					],
					[
						-98.47866072405577,
						18.602208340327547,
						1267.0905636363605
					],
					[
						-98.47866319275579,
						18.602209808118758,
						1267.0884363636333
					],
					[
						-98.47866587338093,
						18.602210839205423,
						1267.086309090906
					],
					[
						-98.47866868936123,
						18.60221140413536,
						1267.0841818181789
					],
					[
						-98.47867156026041,
						18.60221148677179,
						1267.0820545454517
					],
					[
						-98.47867440407347,
						18.602211084754263,
						1267.0799272727245
					],
					[
						-98.47867713956914,
						18.602210209566096,
						1267.0777999999991
					],
					[
						-98.47867846180431,
						18.602212466929036,
						1267.073894444444
					],
					[
						-98.47868014052867,
						18.602214473388056,
						1267.069988888889
					],
					[
						-98.47868212912904,
						18.60221617322976,
						1267.0660833333338
					],
					[
						-98.47868437238792,
						18.602217519254605,
						1267.0621777777787
					],
					[
						-98.47868680801668,
						18.602218474087486,
						1267.0582722222236
					],
					[
						-98.47868936838516,
						18.60221901121554,
						1267.0543666666686
					],
					[
						-98.47869198239954,
						18.60221911572431,
						1267.0504611111135
					],
					[
						-98.47869457747643,
						18.60221878471191,
						1267.0465555555584
					],
					[
						-98.47869708155827,
						18.602218027369556,
						1267.0426500000033
					],
					[
						-98.47869942511414,
						18.602216864726405,
						1267.0387444444482
					],
					[
						-98.4787015430705,
						18.602215329065587,
						1267.034838888893
					],
					[
						-98.47870337661799,
						18.602213463027834,
						1267.030933333338
					],
					[
						-98.47870487484445,
						18.602211318427464,
						1267.027027777783
					],
					[
						-98.47870599614859,
						18.602208954813644,
						1267.0231222222278
					],
					[
						-98.47870670939514,
						18.602206437816896,
						1267.0192166666727
					],
					[
						-98.47870699477937,
						18.602203837326726,
						1267.0153111111176
					],
					[
						-98.47870684437699,
						18.60220122555101,
						1267.0114055555625
					],
					[
						-98.47870626236424,
						18.602198675010982,
						1267.007500000007
					],
					[
						-98.47870787381945,
						18.60219915026753,
						1267.012379166673
					],
					[
						-98.47870954198883,
						18.60219934993604,
						1267.0172583333392
					],
					[
						-98.47871122008632,
						18.602199268416534,
						1267.0221375000053
					],
					[
						-98.47871286104738,
						18.602198907995334,
						1267.0270166666714
					],
					[
						-98.47871441884901,
						18.602198278780953,
						1267.0318958333376
					],
					[
						-98.47871584980052,
						18.602197398420564,
						1267.0367750000037
					],
					[
						-98.47871711376892,
						18.602196291605082,
						1267.0416541666698
					],
					[
						-98.47871817530451,
						18.60219498937666,
						1267.046533333336
					],
					[
						-98.47871900463502,
						18.602193528258073,
						1267.051412500002
					],
					[
						-98.4787195785008,
						18.602191949228395,
						1267.0562916666681
					],
					[
						-98.47871988080696,
						18.602190296573674,
						1267.0611708333342
					],
					[
						-98.47871990307492,
						18.602188616644874,
						1267.0660500000004
					],
					[
						-98.47871964468015,
						18.602186956557894,
						1267.0709291666665
					],
					[
						-98.47871911286968,
						18.602185362872145,
						1267.0758083333326
					],
					[
						-98.47871832255886,
						18.602183880284727,
						1267.0806874999987
					],
					[
						-98.47871729591304,
						18.60218255037683,
						1267.0855666666648
					],
					[
						-98.47871606172592,
						18.602181410447542,
						1267.090445833331
					],
					[
						-98.47871465461195,
						18.602180492467742,
						1267.095324999997
					],
					[
						-98.47871311403557,
						18.602179822183427,
						1267.1002041666632
					],
					[
						-98.47871148320436,
						18.60217941839364,
						1267.1050833333293
					],
					[
						-98.4787098078572,
						18.602179292423212,
						1267.1099624999954
					],
					[
						-98.47870813498152,
						18.602179447805163,
						1267.1148416666615
					],
					[
						-98.47870651149536,
						18.60217988018159,
						1267.1197208333276
					],
					[
						-98.47870498293166,
						18.60218057742591,
						1267.1245999999956
					]
				]
			},
			"properties": {
				"OBJETO": "ALBERCA",
				"Shape_Length": 20.925082843966877
			}
		},
		{
			"type": "Feature",
			"geometry": {
				"type": "LineString",
				"coordinates": [
					[
						-98.47667558167757,
						18.607499034740457,
						1321.6489000000001
					],
					[
						-98.4766755936961,
						18.60749898910287,
						1321.647100000002
					],
					[
						-98.4766765018463,
						18.607496123684594,
						1321.6206999999995
					],
					[
						-98.47667722622523,
						18.607492621693293,
						1321.5417000000016
					],
					[
						-98.47667723349227,
						18.607492572216803,
						1321.5405000000028
					],
					[
						-98.47667770479829,
						18.607489363402244,
						1321.4627000000037
					],
					[
						-98.47667813007452,
						18.60748621253609,
						1321.3837000000058
					],
					[
						-98.47667828621324,
						18.60748349225583,
						1321.3310000000056
					],
					[
						-98.47667781363236,
						18.607480249031497,
						1321.1729999999952
					],
					[
						-98.47667551935233,
						18.607476901438,
						1321.0412999999971
					],
					[
						-98.47667308375581,
						18.60747462188963,
						1321.0149999999994
					],
					[
						-98.47667052829874,
						18.607472024497845,
						1320.9622999999992
					],
					[
						-98.47667021021587,
						18.607471067910435,
						1320.9323000000004
					],
					[
						-98.47666940897368,
						18.607468658292415,
						1320.8568999999989
					],
					[
						-98.4766690236351,
						18.607465546911953,
						1320.6462000000029
					],
					[
						-98.47666691526837,
						18.607457309689053,
						1320.4140999999945
					],
					[
						-98.47666606265662,
						18.60745397862024,
						1320.3203000000067
					],
					[
						-98.47666606265662,
						18.60745397862024,
						1320.2939999999944
					],
					[
						-98.47666596607124,
						18.6074501322546,
						1320.1622999999963
					],
					[
						-98.47666605128725,
						18.607447060578032,
						1320.0099000000046
					],
					[
						-98.47666606915968,
						18.607446416353238,
						1319.977899999998
					],
					[
						-98.47666598196882,
						18.60744294393979,
						1319.8199000000022
					],
					[
						-98.4766656323118,
						18.607439074836414,
						1319.635500000004
					],
					[
						-98.47666550378615,
						18.60743619094502,
						1319.503899999996
					],
					[
						-98.47666548849895,
						18.607435744531827,
						1319.4771000000037
					],
					[
						-98.47666539861073,
						18.607433119636177,
						1319.3194999999978
					],
					[
						-98.4766656679172,
						18.60743023645151,
						1319.0481
					],
					[
						-98.47666568606638,
						18.60743004214703,
						1319.029800000004
					],
					[
						-98.47666574513727,
						18.607426807924206,
						1318.7663999999932
					],
					[
						-98.47666581091508,
						18.60742384081015,
						1318.5819999999949
					],
					[
						-98.4766658060794,
						18.607423080312195,
						1318.5351999999984
					],
					[
						-98.476665791887,
						18.607420848309545,
						1318.3977000000014
					],
					[
						-98.47666600258509,
						18.607418065964353,
						1317.949900000007
					],
					[
						-98.47666608228822,
						18.607417438369986,
						1317.925000000003
					],
					[
						-98.47666642422983,
						18.60741474587015,
						1317.818299999999
					],
					[
						-98.47666684989876,
						18.60741158604111,
						1317.6601999999984
					],
					[
						-98.47666709809049,
						18.607409242738157,
						1317.5700999999972
					],
					[
						-98.47666721277054,
						18.607408159986303,
						1317.5285000000003
					],
					[
						-98.47666775732672,
						18.60740526550022,
						1317.3178000000044
					],
					[
						-98.47666837595764,
						18.607401969026697,
						1317.1861999999965
					],
					[
						-98.47666858643944,
						18.60740078347146,
						1317.1203999999998
					],
					[
						-98.47666896587272,
						18.607398646283784,
						1317.0017999999982
					],
					[
						-98.47666954316884,
						18.60739593833236,
						1316.8701
					],
					[
						-98.47667127270276,
						18.607383740942968,
						1316.4321999999956
					],
					[
						-98.47667132629573,
						18.60738363275511,
						1316.4321999999956
					],
					[
						-98.47667146879913,
						18.607380988343785,
						1316.4078000000009
					],
					[
						-98.47667147972385,
						18.607380785615256,
						1316.405899999998
					],
					[
						-98.47667107273476,
						18.607378054598282,
						1316.3269
					],
					[
						-98.47667027599768,
						18.60737439038329,
						1316.2479000000021
					],
					[
						-98.47666914815986,
						18.60737099972371,
						1316.116200000004
					],
					[
						-98.47666827847246,
						18.607367792882403,
						1316.0372000000061
					],
					[
						-98.47666757907851,
						18.607364637049134,
						1315.9581999999937
					],
					[
						-98.4766673550259,
						18.60736327526991,
						1315.9385000000038
					],
					[
						-98.47666698011373,
						18.607360996574815,
						1315.9054999999935
					],
					[
						-98.47666642759985,
						18.607358079976223,
						1315.9054999999935
					],
					[
						-98.4766661363225,
						18.60735435417308,
						1315.7474999999977
					],
					[
						-98.47666671531736,
						18.60735090777105,
						1315.6177000000025
					],
					[
						-98.47666672399089,
						18.607350856142922,
						1315.6157999999996
					],
					[
						-98.47666735268946,
						18.607347867376173,
						1315.5630999999994
					],
					[
						-98.47666770253461,
						18.6073449903239,
						1315.4841000000015
					],
					[
						-98.47666782035309,
						18.607341848532947,
						1315.3787000000011
					],
					[
						-98.47666754127205,
						18.607338605607534,
						1315.3261000000057
					],
					[
						-98.47666727196638,
						18.60733609794795,
						1315.210500000001
					],
					[
						-98.47666717297892,
						18.60733517621883,
						1315.1680000000051
					],
					[
						-98.47666671411852,
						18.607331506713763,
						1315.0099999999948
					],
					[
						-98.47666616024958,
						18.607328536462116,
						1314.773000000001
					],
					[
						-98.47666554871277,
						18.60732551343903,
						1314.641300000003
					],
					[
						-98.47666531463601,
						18.60732464580259,
						1314.5728999999992
					],
					[
						-98.47666464748144,
						18.60732217290584,
						1314.3779000000068
					],
					[
						-98.47666321602219,
						18.607319028534228,
						1314.2461999999941
					],
					[
						-98.47666179133869,
						18.607316152428055,
						1314.0881999999983
					],
					[
						-98.47666026216068,
						18.60731360000374,
						1313.9302000000025
					],
					[
						-98.47665980896402,
						18.607312521225147,
						1313.8871000000072
					],
					[
						-98.47665915329542,
						18.607310960487148,
						1313.8248000000021
					],
					[
						-98.4766577686631,
						18.607307439662293,
						1313.7195000000065
					],
					[
						-98.47665687285257,
						18.60730431374138,
						1313.6141000000061
					],
					[
						-98.47665659377178,
						18.607301070815954,
						1313.5350999999937
					],
					[
						-98.47665638907162,
						18.607298647368214,
						1313.5350999999937
					],
					[
						-98.47665627230563,
						18.60729726497401,
						1313.5350999999937
					],
					[
						-98.47665622931694,
						18.607294447746508,
						1313.4824999999983
					],
					[
						-98.47665592546767,
						18.607291339394553,
						1313.4560999999958
					],
					[
						-98.47665556259541,
						18.607288124618165,
						1313.429799999998
					],
					[
						-98.47665512135221,
						18.607285152603126,
						1313.4033999999956
					],
					[
						-98.47665411833698,
						18.60728224305783,
						1313.2718000000023
					],
					[
						-98.47665303153028,
						18.6072793616616,
						1313.2453999999998
					],
					[
						-98.47664735494905,
						18.607269217068872,
						1313.029800000004
					],
					[
						-98.47664735494905,
						18.607269217068872,
						1313.0890000000072
					]
				]
			},
			"properties": {
				"OBJETO": "ESCURRIMIENTO",
				"Shape_Length": 26.32377723679971
			}
		},
		{
			"type": "Feature",
			"geometry": {
				"type": "LineString",
				"coordinates": [
					[
						-98.47510656519074,
						18.606455577003178,
						1326.054999999993
					],
					[
						-98.47510556034224,
						18.606457439153086,
						1326.0571999999956
					],
					[
						-98.47509349662823,
						18.606479795199665,
						1326.0834999999934
					],
					[
						-98.47513676707165,
						18.606501022303238,
						1326.0834999999934
					],
					[
						-98.47514285717449,
						18.606474309143362,
						1326.0834999999934
					]
				]
			},
			"properties": {
				"OBJETO": "ALBERCA",
				"Shape_Length": 11.172090085200596
			}
		},
		{
			"type": "Feature",
			"geometry": {
				"type": "LineString",
				"coordinates": [
					[
						-98.47744983327262,
						18.607521302179272,
						1319.7881000000052
					],
					[
						-98.47744913242057,
						18.60751861588536,
						1319.6667000000016
					],
					[
						-98.47744820965994,
						18.607516092810403,
						1319.5344999999943
					],
					[
						-98.47744775414547,
						18.607514847311702,
						1319.4692000000068
					],
					[
						-98.47744691707094,
						18.607512549762063,
						1319.3261000000057
					],
					[
						-98.47744659789407,
						18.607511673705297,
						1319.2715999999928
					],
					[
						-98.47744504081474,
						18.607509304579516,
						1319.2320999999938
					],
					[
						-98.47744278536139,
						18.607505589994645,
						1319.074099999998
					],
					[
						-98.47744110025435,
						18.607503103218306,
						1319.034599999999
					],
					[
						-98.47744040264736,
						18.607502177819292,
						1319.0084999999963
					],
					[
						-98.47743899011668,
						18.607500304049974,
						1318.9556000000011
					],
					[
						-98.47743733104366,
						18.60749782788661,
						1318.8447000000015
					],
					[
						-98.47743721792907,
						18.607497659063288,
						1318.8371000000043
					],
					[
						-98.47743513836613,
						18.607494340675544,
						1318.6790000000037
					],
					[
						-98.47743320411868,
						18.607491937704406,
						1318.6395000000048
					],
					[
						-98.47743147633594,
						18.607489411711096,
						1318.5605000000069
					],
					[
						-98.4774303772932,
						18.607487516968114,
						1318.4815999999992
					],
					[
						-98.47742982526132,
						18.60748656526843,
						1318.4419999999955
					],
					[
						-98.47742876127735,
						18.607483789202092,
						1318.3234999999986
					],
					[
						-98.47742758056623,
						18.60748112961718,
						1318.2477000000072
					],
					[
						-98.47742753004715,
						18.607481015821502,
						1318.2445000000007
					],
					[
						-98.47742569145757,
						18.607473170484372,
						1317.9619999999995
					],
					[
						-98.47742315949127,
						18.60746236647936,
						1317.5728999999992
					],
					[
						-98.47742294393514,
						18.607461487119433,
						1317.5728999999992
					],
					[
						-98.47742197672208,
						18.60745829238388,
						1317.5728999999992
					],
					[
						-98.47742138972184,
						18.607456199651878,
						1317.5001000000047
					],
					[
						-98.477421125119,
						18.60745525630829,
						1317.4674999999988
					],
					[
						-98.47742032367725,
						18.607451951911003,
						1317.3358000000007
					],
					[
						-98.47741978559165,
						18.607449151582095,
						1317.2041000000027
					],
					[
						-98.47741952300747,
						18.607446132826947,
						1317.0197999999946
					],
					[
						-98.47741932475493,
						18.6074438953967,
						1316.9496999999974
					],
					[
						-98.4774192247592,
						18.607442766868775,
						1316.9143999999942
					],
					[
						-98.47741867491423,
						18.60743943169101,
						1316.8353999999963
					],
					[
						-98.47741796282588,
						18.607436366629663,
						1316.7036999999982
					],
					[
						-98.47741722212909,
						18.607433275274563,
						1316.5457000000024
					],
					[
						-98.47741639090309,
						18.607429891098572,
						1316.4667000000045
					],
					[
						-98.47741584147037,
						18.60742737769119,
						1316.4060999999929
					],
					[
						-98.47741567411104,
						18.607426612097683,
						1316.3877000000066
					],
					[
						-98.47741473315496,
						18.60742333668612,
						1316.3086999999941
					],
					[
						-98.47741391368844,
						18.607420487358954,
						1316.176999999996
					],
					[
						-98.4774129821399,
						18.607417639826412,
						1316.0979999999981
					],
					[
						-98.47741293180009,
						18.607417512932457,
						1316.0938000000024
					],
					[
						-98.47741181940162,
						18.607414708854424,
						1316.0019999999931
					],
					[
						-98.47741170611363,
						18.607414423283693,
						1315.9925999999978
					],
					[
						-98.47741089135097,
						18.607411787896044,
						1315.8608999999997
					],
					[
						-98.4774096737177,
						18.60740867742572,
						1315.7292000000016
					],
					[
						-98.4774078682417,
						18.607405603119833,
						1315.623900000006
					],
					[
						-98.47740594950778,
						18.60740247712366,
						1315.5975999999937
					],
					[
						-98.4774040033414,
						18.607399378318604,
						1315.5448999999935
					],
					[
						-98.47740229662631,
						18.607396971227622,
						1315.4921999999933
					],
					[
						-98.47739984256309,
						18.607393720043802,
						1315.4394999999931
					],
					[
						-98.47739789013113,
						18.60739161115764,
						1315.3868999999977
					],
					[
						-98.47739638978965,
						18.60739033050509,
						1315.3703999999998
					],
					[
						-98.47739549054702,
						18.60738956293491,
						1315.3604999999952
					],
					[
						-98.47739329122227,
						18.607387698768623,
						1315.307799999995
					],
					[
						-98.47739048641591,
						18.607385068493464,
						1315.1762000000017
					],
					[
						-98.47738815737037,
						18.607382403848497,
						1315.097099999999
					],
					[
						-98.47738560180895,
						18.60737963582312,
						1315.0445000000036
					],
					[
						-98.47738315480181,
						18.60737670554836,
						1314.9391000000032
					],
					[
						-98.47738206393151,
						18.60737533465257,
						1314.8821999999927
					],
					[
						-98.47738113692184,
						18.60737416968027,
						1314.833799999993
					],
					[
						-98.4773787196993,
						18.607371319184146,
						1314.7810999999929
					],
					[
						-98.47737638477446,
						18.60736838711466,
						1314.7547999999952
					],
					[
						-98.47737402829677,
						18.607365749660694,
						1314.7547999999952
					],
					[
						-98.4773719269435,
						18.60736324188093,
						1314.702099999995
					],
					[
						-98.47737026333506,
						18.607360245558702,
						1314.5440999999992
					],
					[
						-98.47736900024519,
						18.60735761734939,
						1314.4649999999965
					],
					[
						-98.4773684768004,
						18.607356499324627,
						1314.4306999999972
					],
					[
						-98.4773677943723,
						18.607355041727647,
						1314.3859999999986
					],
					[
						-98.47736742254172,
						18.607354009937712,
						1314.367299999998
					],
					[
						-98.4773667495669,
						18.607352142504656,
						1314.3334000000032
					],
					[
						-98.47736556995068,
						18.607349486206942,
						1314.2543000000005
					],
					[
						-98.47736459685969,
						18.607346024046667,
						1314.149000000005
					],
					[
						-98.47736369156894,
						18.607343095837923,
						1314.0963000000047
					],
					[
						-98.47736253389213,
						18.60733888758128,
						1313.9909999999945
					],
					[
						-98.47736158588197,
						18.607335291260178,
						1313.9909999999945
					],
					[
						-98.47736111833603,
						18.607331874508972,
						1313.9909999999945
					],
					[
						-98.47736100011885,
						18.60733105646035,
						1313.9909999999945
					],
					[
						-98.4773609126437,
						18.607330451143078,
						1313.9909999999945
					],
					[
						-98.47736065549383,
						18.60732867169731,
						1313.9909999999945
					],
					[
						-98.47735927407093,
						18.607314488024915,
						1313.4674999999988
					],
					[
						-98.47735933039915,
						18.607314487127585,
						1313.4939000000013
					],
					[
						-98.47735899755834,
						18.60731096734404,
						1313.4674999999988
					],
					[
						-98.47735869591388,
						18.60730758160883,
						1313.4674999999988
					],
					[
						-98.47735805139925,
						18.60730398606186,
						1313.4674999999988
					],
					[
						-98.47735782001793,
						18.607302680171866,
						1313.4475999999995
					],
					[
						-98.47735743808107,
						18.607300524563325,
						1313.4147999999986
					],
					[
						-98.47735669271135,
						18.6072962040785,
						1313.4147999999986
					],
					[
						-98.47735602668854,
						18.607292904873606,
						1313.3358000000007
					],
					[
						-98.47735520831696,
						18.60728909682319,
						1313.309500000003
					],
					[
						-98.47735480489634,
						18.60728619707169,
						1313.2832000000053
					],
					[
						-98.4773538750604,
						18.607282444614512,
						1313.2305000000051
					],
					[
						-98.47735324144509,
						18.607279333256752,
						1313.1515000000072
					],
					[
						-98.47735234886069,
						18.607275983841944,
						1313.1515000000072
					],
					[
						-98.47735207521893,
						18.60727514325711,
						1313.1515000000072
					],
					[
						-98.47735119851822,
						18.60727245016898,
						1313.1515000000072
					],
					[
						-98.47734965986709,
						18.60726919177069,
						1313.098800000007
					],
					[
						-98.47734804579207,
						18.60726633820923,
						1313.0461000000068
					],
					[
						-98.47734619304532,
						18.60726289644993,
						1313.0197999999946
					],
					[
						-98.47734418823973,
						18.607260210565457,
						1312.9934000000067
					],
					[
						-98.47734358902102,
						18.60725940777832,
						1312.9934000000067
					],
					[
						-98.47734218343417,
						18.607257524681014,
						1312.9934000000067
					],
					[
						-98.47734029614804,
						18.607255052197253,
						1312.9407999999967
					],
					[
						-98.47733794483959,
						18.607251995104612,
						1312.9143999999942
					],
					[
						-98.47733586218827,
						18.607249606459323,
						1312.8880999999965
					],
					[
						-98.47733334671094,
						18.607246767253507,
						1312.8617999999988
					],
					[
						-98.47733091997871,
						18.607244114997602,
						1312.8353999999963
					],
					[
						-98.47732875342655,
						18.607241754597503,
						1312.8090999999986
					],
					[
						-98.47732583510877,
						18.60723854508068,
						1312.782699999996
					],
					[
						-98.47732305368646,
						18.60723640974527,
						1312.7563999999984
					],
					[
						-98.47732043764421,
						18.607234110321738,
						1312.7301000000007
					],
					[
						-98.47731769105131,
						18.60723227043102,
						1312.6247000000003
					],
					[
						-98.47731449133519,
						18.607230330120537,
						1312.5720000000001
					],
					[
						-98.47731426196968,
						18.607230176472886,
						1312.5697999999975
					],
					[
						-98.47731174474247,
						18.607228490229733,
						1312.5457000000024
					],
					[
						-98.47730849929822,
						18.607225770285204,
						1312.4404000000068
					],
					[
						-98.47730517237504,
						18.607223186183468,
						1312.3613000000041
					],
					[
						-98.47730216802461,
						18.607221162034293,
						1312.3350000000064
					],
					[
						-98.47729871660586,
						18.607219306459204,
						1312.2823000000062
					],
					[
						-98.47729532879085,
						18.60721777277975,
						1312.255999999994
					],
					[
						-98.47729236048086,
						18.607216097873927,
						1312.176999999996
					],
					[
						-98.47729009215318,
						18.607214223457003,
						1312.0715999999957
					],
					[
						-98.47728710446746,
						18.60721168777039,
						1312.045299999998
					],
					[
						-98.477284743762,
						18.607209465007077,
						1311.9663
					],
					[
						-98.47728420839454,
						18.60720887146949,
						1311.9599000000017
					],
					[
						-98.47728251845132,
						18.60720699790608,
						1311.9398999999976
					],
					[
						-98.47728036856476,
						18.60720412596826,
						1311.8608999999997
					],
					[
						-98.47727839737914,
						18.60720168172915,
						1311.834600000002
					],
					[
						-98.4772766815295,
						18.607199314150666,
						1311.7819000000018
					],
					[
						-98.47727491418617,
						18.6071971626646,
						1311.755600000004
					],
					[
						-98.47727269008675,
						18.60719474936229,
						1311.7029000000039
					],
					[
						-98.47727041328271,
						18.60719249835361,
						1311.7029000000039
					],
					[
						-98.47726791233907,
						18.60719030473251,
						1311.6766000000061
					],
					[
						-98.4772646117696,
						18.607187639483257,
						1311.6766000000061
					],
					[
						-98.47726177158927,
						18.60718539744659,
						1311.6766000000061
					],
					[
						-98.47725955596704,
						18.60718336073572,
						1311.6766000000061
					],
					[
						-98.47724978165893,
						18.60717533795683,
						1311.5194000000047
					],
					[
						-98.47724874745505,
						18.60717462509789,
						1311.5194000000047
					],
					[
						-98.47724577203049,
						18.607172484512493,
						1311.5194000000047
					],
					[
						-98.4772433815138,
						18.607170881584185,
						1311.5194000000047
					],
					[
						-98.47724040326852,
						18.607168619510734,
						1311.5194000000047
					],
					[
						-98.47723748719224,
						18.607166295688955,
						1311.5194000000047
					],
					[
						-98.47723456547438,
						18.60716372889123,
						1311.4600999999966
					],
					[
						-98.47723234736044,
						18.60716133327808,
						1311.4600999999966
					],
					[
						-98.47722987210842,
						18.607158820194137,
						1311.4600999999966
					],
					[
						-98.47722540212621,
						18.607154473741588,
						1311.4600999999966
					],
					[
						-98.47722248869486,
						18.607151399460648,
						1311.4600999999966
					],
					[
						-98.47721892322897,
						18.607147646581147,
						1311.4600999999966
					],
					[
						-98.47721489046204,
						18.60714386054691,
						1311.4600999999966
					],
					[
						-98.47721096521178,
						18.607141045351966,
						1311.4600999999966
					],
					[
						-98.47720664987722,
						18.60713787160665,
						1311.4600999999966
					],
					[
						-98.47720243069686,
						18.60713518261251,
						1311.4995999999956
					],
					[
						-98.47719801752793,
						18.607133266599867,
						1311.4995999999956
					],
					[
						-98.47719536925136,
						18.607132829241586,
						1311.499800000005
					],
					[
						-98.47719286585222,
						18.6071324158095,
						1311.4995999999956
					],
					[
						-98.47718730536788,
						18.607132219820706,
						1311.4600999999966
					],
					[
						-98.47718222354709,
						18.607132543074616,
						1311.4600999999966
					],
					[
						-98.47717866418945,
						18.607132680236063,
						1311.4600999999966
					],
					[
						-98.47717282057037,
						18.60713313686401,
						1311.4600999999966
					],
					[
						-98.47716913973818,
						18.607133559509222,
						1311.4600999999966
					],
					[
						-98.47716557750086,
						18.607133615480375,
						1311.4600999999966
					],
					[
						-98.47716270779887,
						18.60713335656132,
						1311.4600999999966
					],
					[
						-98.47715933495772,
						18.60713334875476,
						1311.4600999999966
					],
					[
						-98.47715602428998,
						18.607133279169492,
						1311.4600999999966
					],
					[
						-98.47715239987927,
						18.607133396919064,
						1311.4600999999966
					],
					[
						-98.47714875533694,
						18.607132663760225,
						1311.4008999999933
					],
					[
						-98.47714492715033,
						18.607132237495605,
						1311.4008999999933
					],
					[
						-98.47714135628524,
						18.607131928791322,
						1311.4008999999933
					],
					[
						-98.47713715505826,
						18.607131873198426,
						1311.4008999999933
					],
					[
						-98.47713332399579,
						18.607131325375214,
						1311.4008999999933
					],
					[
						-98.4771299425269,
						18.607130952893108,
						1311.4008999999933
					],
					[
						-98.47712662610739,
						18.607130640190693,
						1311.4008999999933
					],
					[
						-98.47712293377144,
						18.60713057660166,
						1311.4008999999933
					],
					[
						-98.47711853739646,
						18.607130341669176,
						1311.4008999999933
					],
					[
						-98.4771147771353,
						18.607130096741987,
						1311.4008999999933
					],
					[
						-98.47711038651214,
						18.607130104926043,
						1311.4008999999933
					],
					[
						-98.47710367424436,
						18.60712881194901,
						1311.4008999999933
					],
					[
						-98.47709709207528,
						18.60712763853119,
						1311.4008999999933
					],
					[
						-98.47709261339568,
						18.607126614468402,
						1311.4008999999933
					],
					[
						-98.47708807254267,
						18.607125652184205,
						1311.4008999999933
					],
					[
						-98.47708475324745,
						18.607125217922704,
						1311.4008999999933
					],
					[
						-98.47708155829908,
						18.607124660103885,
						1311.4008999999933
					],
					[
						-98.47707637845654,
						18.60712358625558,
						1311.4008999999933
					],
					[
						-98.47707146456317,
						18.607122994642722,
						1311.4008999999933
					],
					[
						-98.47706655354568,
						18.60712252458804,
						1311.4008999999933
					],
					[
						-98.47706277890539,
						18.607121671868114,
						1311.4008999999933
					],
					[
						-98.4770580486565,
						18.607120773360688,
						1311.4008999999933
					],
					[
						-98.47705407599243,
						18.60711961974313,
						1311.4008999999933
					],
					[
						-98.47705021904767,
						18.607117977893257,
						1311.4008999999933
					],
					[
						-98.47704713406709,
						18.607116688724943,
						1311.4008999999933
					],
					[
						-98.47704359949309,
						18.60711522421524,
						1311.4008999999933
					],
					[
						-98.47703975117616,
						18.60711394704013,
						1311.4008999999933
					],
					[
						-98.47703660689815,
						18.60711284120861,
						1311.4008999999933
					],
					[
						-98.47703256630922,
						18.607111506252558,
						1311.4008999999933
					],
					[
						-98.47702897818968,
						18.607110468196137,
						1311.4008999999933
					],
					[
						-98.47702405854515,
						18.60710963346537,
						1311.3415999999997
					],
					[
						-98.47701914752821,
						18.60710916340943,
						1311.3415999999997
					],
					[
						-98.4770146210554,
						18.607108808915118,
						1311.3415999999997
					],
					[
						-98.47701092296835,
						18.607108502207268,
						1311.2823000000062
					],
					[
						-98.4769870617887,
						18.607109046826793,
						1311.2774000000063
					],
					[
						-98.47698646748677,
						18.607109056069653,
						1311.2774000000063
					],
					[
						-98.476981495921,
						18.60710893059322,
						1311.2378999999928
					],
					[
						-98.47697669216163,
						18.60710872138761,
						1311.2378999999928
					],
					[
						-98.47697189437658,
						18.607108755446497,
						1311.1983999999939
					],
					[
						-98.47696734531405,
						18.60710854227948,
						1311.1983999999939
					],
					[
						-98.47696250010104,
						18.607108374277814,
						1311.158899999995
					],
					[
						-98.47695692826858,
						18.607108014778948,
						1311.158899999995
					],
					[
						-98.47695101684042,
						18.607107660561518,
						1311.158899999995
					],
					[
						-98.47694808085753,
						18.607107422306502,
						1311.158899999995
					],
					[
						-98.47694493362305,
						18.60710722789651,
						1311.158899999995
					],
					[
						-98.47694187527033,
						18.607107194342436,
						1311.158899999995
					],
					[
						-98.4769360961692,
						18.607107040864435,
						1311.119399999996
					],
					[
						-98.47693078699926,
						18.607107001756404,
						1311.119399999996
					],
					[
						-98.47692794786381,
						18.607107248709774,
						1311.119399999996
					],
					[
						-98.4769249783928,
						18.607107376011434,
						1311.119399999996
					],
					[
						-98.47692213925737,
						18.607107622964772,
						1311.119399999996
					],
					[
						-98.47691930012186,
						18.607107869918018,
						1311.119399999996
					],
					[
						-98.47691641754123,
						18.607108076987362,
						1311.119399999996
					],
					[
						-98.47691112828531,
						18.60710884876064,
						1311.119399999996
					],
					[
						-98.47690671354118,
						18.60710891742021,
						1311.119399999996
					],
					[
						-98.47690297798842,
						18.607108975516716,
						1311.119399999996
					],
					[
						-98.47689821369163,
						18.607108644016677,
						1311.119399999996
					],
					[
						-98.47689400820771,
						18.60710858774274,
						1311.119399999996
					],
					[
						-98.47689034361417,
						18.60710807690133,
						1311.079899999997
					],
					[
						-98.47688667902065,
						18.607107566059817,
						1311.079899999997
					],
					[
						-98.47688370357552,
						18.607107450096276,
						1311.079899999997
					],
					[
						-98.47688039052602,
						18.60710742050231,
						1311.000899999999
					],
					[
						-98.47687700054323,
						18.607107716581396,
						1310.9612999999954
					],
					[
						-98.47687298277965,
						18.607108387459956,
						1310.9612999999954
					],
					[
						-98.47686989691287,
						18.607108962726333,
						1310.9217999999964
					]
				]
			},
			"properties": {
				"OBJETO": "ESCURRIMIENTO",
				"Shape_Length": 87.71148673065406
			}
		},
		{
			"type": "Feature",
			"geometry": {
				"type": "LineString",
				"coordinates": [
					[
						-98.47881058880755,
						18.601350670202446,
						1264.2140999999974
					],
					[
						-98.47886456343048,
						18.60136740134072,
						1264.2140999999974
					],
					[
						-98.47891015302206,
						18.601381876694415,
						1264.0561000000016
					],
					[
						-98.47894733514148,
						18.60139022566996,
						1264.0561000000016
					],
					[
						-98.47902109531917,
						18.601419185868586,
						1263.7400000000052
					],
					[
						-98.47905972643214,
						18.601433665410447,
						1263.8222999999998
					],
					[
						-98.47909525386709,
						18.601446981636414,
						1263.898000000001
					],
					[
						-98.47915353495016,
						18.601475078507633,
						1263.898000000001
					],
					[
						-98.47915765100298,
						18.60147706282469,
						1263.898000000001
					],
					[
						-98.47918100044704,
						18.601484560501873,
						1263.898000000001
					],
					[
						-98.47923707577891,
						18.60150256668649,
						1263.898000000001
					],
					[
						-98.47927988145406,
						18.601517780423674,
						1263.7648000000045
					],
					[
						-98.47931326128032,
						18.6015296440734,
						1263.6609999999928
					],
					[
						-98.47944940051606,
						18.60156864801287,
						1263.3053999999975
					],
					[
						-98.47945659234996,
						18.601570551269255,
						1263.3233999999939
					],
					[
						-98.47949697373222,
						18.60158123784539,
						1263.4247000000032
					],
					[
						-98.47953455414284,
						18.601591183160235,
						1263.5190000000002
					],
					[
						-98.47959118944112,
						18.601606171161972,
						1263.6609999999928
					],
					[
						-98.47963352721483,
						18.601628109238852,
						1263.7795000000042
					],
					[
						-98.4796427198352,
						18.6016452699176,
						1263.542499999996
					],
					[
						-98.47965377048791,
						18.601648680245415,
						1263.5258999999933
					],
					[
						-98.4797217074081,
						18.60166964615429,
						1263.423999999999
					],
					[
						-98.47973474231766,
						18.60167419560943,
						1263.423999999999
					],
					[
						-98.47974207601418,
						18.601677625587577,
						1263.423999999999
					],
					[
						-98.47975083553493,
						18.601681625737754,
						1263.423999999999
					],
					[
						-98.47976081768445,
						18.60168639108601,
						1263.423999999999
					],
					[
						-98.47976713264019,
						18.601689247909686,
						1263.423999999999
					],
					[
						-98.47977263204997,
						18.601691336553476,
						1263.423999999999
					],
					[
						-98.4797803700668,
						18.601693215264408,
						1263.423999999999
					],
					[
						-98.4797870907236,
						18.60169529496388,
						1263.6609999999928
					],
					[
						-98.47980297522223,
						18.60169982354507,
						1263.6609999999928
					],
					[
						-98.47991883987387,
						18.60173868518584,
						1263.502999999997
					],
					[
						-98.47992821698358,
						18.60174261772522,
						1263.502999999997
					],
					[
						-98.47993016383224,
						18.601743611829875,
						1263.502999999997
					],
					[
						-98.47993259631049,
						18.601744853907892,
						1263.502999999997
					],
					[
						-98.47993419716508,
						18.60174567134014,
						1263.502999999997
					],
					[
						-98.47994085587388,
						18.601748075145945,
						1263.502999999997
					],
					[
						-98.47994900922492,
						18.601750855358098,
						1263.502999999997
					],
					[
						-98.47995689035857,
						18.601753121499357,
						1263.3450000000012
					],
					[
						-98.47996925407415,
						18.601755226869376,
						1263.3450000000012
					],
					[
						-98.48001056008933,
						18.601766545710255,
						1263.3450000000012
					],
					[
						-98.48002021376115,
						18.60176660727993,
						1263.3450000000012
					],
					[
						-98.48002755593481,
						18.601766555967306,
						1263.3450000000012
					],
					[
						-98.48003489860378,
						18.601767278869403,
						1263.3450000000012
					],
					[
						-98.48004332999292,
						18.601769542599065,
						1263.3450000000012
					],
					[
						-98.4800504013902,
						18.60177129968765,
						1263.3450000000012
					],
					[
						-98.4800565216023,
						18.601773966678508,
						1263.3450000000012
					],
					[
						-98.48006549735224,
						18.601777000821166,
						1263.3450000000012
					],
					[
						-98.48007406396528,
						18.60177810227681,
						1263.1869000000006
					],
					[
						-98.4800955476143,
						18.60177950056295,
						1263.1869000000006
					],
					[
						-98.48010602746541,
						18.60178188702472,
						1263.1714999999967
					],
					[
						-98.48011254426424,
						18.601783371023654,
						1263.1619000000064
					],
					[
						-98.48015832302485,
						18.601793795710286,
						1263.0948000000062
					],
					[
						-98.48016449715487,
						18.601796680311754,
						1263.0948000000062
					],
					[
						-98.4801722148473,
						18.601800501280042,
						1263.0948000000062
					],
					[
						-98.4801779349604,
						18.601802614214574,
						1263.0948000000062
					],
					[
						-98.48018628819477,
						18.601806344736442,
						1263.0948000000062
					],
					[
						-98.4801954243554,
						18.601809848918382,
						1263.0948000000062
					],
					[
						-98.48019709286633,
						18.601810488877064,
						1263.0948000000062
					],
					[
						-98.48020417489099,
						18.601812850729605,
						1263.0948000000062
					],
					[
						-98.48021289115506,
						18.60181485702547,
						1262.9894000000058
					],
					[
						-98.48021933751093,
						18.60181575976296,
						1262.9894000000058
					],
					[
						-98.48022241690867,
						18.60181571410478,
						1262.9894000000058
					],
					[
						-98.48023014182851,
						18.601815599567175,
						1262.9894000000058
					],
					[
						-98.48028190515599,
						18.601812749312057,
						1263.042100000006
					]
				]
			},
			"properties": {
				"OBJETO": "CANAL",
				"Shape_Length": 165.0789369688291
			}
		},
		{
			"type": "Feature",
			"geometry": {
				"type": "LineString",
				"coordinates": [
					[
						-98.47904237554258,
						18.607061223113487,
						1321.2930999999953
					],
					[
						-98.47904237554258,
						18.607061223113487,
						1321.2930999999953
					],
					[
						-98.47904253682265,
						18.607058103490502,
						1321.1410999999935
					],
					[
						-98.47904257115074,
						18.60705743950599,
						1321.108699999997
					],
					[
						-98.47904358031106,
						18.60705366849337,
						1321.0296999999991
					],
					[
						-98.47904457229743,
						18.607050621646952,
						1320.9507000000012
					],
					[
						-98.47904461278945,
						18.607050547422546,
						1320.948900000003
					],
					[
						-98.47904637380688,
						18.6070473193671,
						1320.8717000000033
					],
					[
						-98.47904675966637,
						18.60704688890158,
						1320.8620999999985
					],
					[
						-98.47904849783563,
						18.607044949796837,
						1320.8190000000031
					],
					[
						-98.47905062669349,
						18.60704290186049,
						1320.7400000000052
					],
					[
						-98.47905289454138,
						18.607040771065925,
						1320.634699999995
					],
					[
						-98.4790536628911,
						18.607040047436666,
						1320.6091000000015
					],
					[
						-98.47905527293744,
						18.607038531100315,
						1320.555600000007
					],
					[
						-98.47905792287474,
						18.60703569657326,
						1320.502999999997
					],
					[
						-98.47906016586744,
						18.6070329217691,
						1320.3674000000028
					],
					[
						-98.479060538736,
						18.607032460493745,
						1320.3448999999964
					],
					[
						-98.47906285219938,
						18.60702963184579,
						1320.3185999999987
					],
					[
						-98.47906492095353,
						18.607027316860837,
						1320.3185999999987
					],
					[
						-98.47906530643552,
						18.607026996742253,
						1320.312699999995
					],
					[
						-98.47906838363298,
						18.60702444132273,
						1320.2658999999985
					],
					[
						-98.47907078966564,
						18.60702217406417,
						1320.160600000003
					],
					[
						-98.47907261908864,
						18.607019961494018,
						1320.1212999999989
					],
					[
						-98.4790732413139,
						18.607019208952316,
						1320.1079000000027
					],
					[
						-98.47907446485918,
						18.60701664063704,
						1319.949900000007
					],
					[
						-98.47907523574844,
						18.607013812132436,
						1319.8445000000065
					],
					[
						-98.47907592882726,
						18.607009537255227,
						1319.765499999994
					],
					[
						-98.47907639329443,
						18.60700684815411,
						1319.7127999999939
					],
					[
						-98.47907674077442,
						18.607003839378738,
						1319.6074999999983
					],
					[
						-98.47907723996327,
						18.60700027658901,
						1319.5602999999974
					],
					[
						-98.47907729808261,
						18.60699986178224,
						1319.554799999998
					],
					[
						-98.47907805931331,
						18.60699639000989,
						1319.4495000000024
					],
					[
						-98.47907913340494,
						18.606993207679285,
						1319.344100000002
					],
					[
						-98.479080427788,
						18.606989753400963,
						1319.159799999994
					],
					[
						-98.47908113937858,
						18.606986711453633,
						1318.9753999999957
					],
					[
						-98.47908190840528,
						18.60698368779087,
						1318.8733999999968
					],
					[
						-98.47908193388032,
						18.606983587627997,
						1318.8699999999953
					],
					[
						-98.47908289983828,
						18.60698067528535,
						1318.7646999999997
					],
					[
						-98.47908431684233,
						18.6069779159207,
						1318.7119999999995
					],
					[
						-98.47908546825585,
						18.606974908759355,
						1318.5675000000047
					],
					[
						-98.47908839699109,
						18.606967259738116,
						1318.199900000007
					],
					[
						-98.47908839699109,
						18.606967259738116,
						1318.199900000007
					]
				]
			},
			"properties": {
				"OBJETO": "ESCURRIMIENTO",
				"Shape_Length": 11.828324595020177
			}
		},
		{
			"type": "Feature",
			"geometry": {
				"type": "LineString",
				"coordinates": [
					[
						-98.47534573509819,
						18.607391341422957,
						1349.3733999999968
					],
					[
						-98.47535549686697,
						18.60738387728817,
						1348.940300000002
					],
					[
						-98.47536014138193,
						18.607379551214905,
						1348.354999999996
					],
					[
						-98.47536084248618,
						18.607376418977665,
						1348.050700000007
					],
					[
						-98.47536132485621,
						18.607373204575495,
						1348.0038000000059
					],
					[
						-98.47536217732628,
						18.607369980116268,
						1347.9804000000004
					],
					[
						-98.47536300370791,
						18.60736690321429,
						1347.7930999999953
					],
					[
						-98.47536369911752,
						18.60736359491399,
						1347.4888000000064
					],
					[
						-98.47536425267738,
						18.607360672274027,
						1347.4419999999955
					],
					[
						-98.47536454049077,
						18.60735716946207,
						1347.3015000000014
					],
					[
						-98.47536471771659,
						18.60735311163151,
						1347.1376000000018
					],
					[
						-98.4753644560839,
						18.60734979996827,
						1347.0674
					],
					[
						-98.47536356864143,
						18.607347180813278,
						1346.973800000007
					],
					[
						-98.47536322821358,
						18.607343342637183,
						1346.809899999993
					],
					[
						-98.47536338368374,
						18.60734051892391,
						1346.6459999999934
					],
					[
						-98.47536392963822,
						18.607337361533258,
						1346.4587000000029
					],
					[
						-98.47536402152376,
						18.60733448080859,
						1346.2948000000033
					],
					[
						-98.47536376179241,
						18.60733122783305,
						1346.0840999999928
					],
					[
						-98.47536286484345,
						18.60732831523967,
						1345.9904999999999
					],
					[
						-98.475364056462,
						18.60732317253566,
						1345.779800000004
					],
					[
						-98.47536591794106,
						18.607315838273333,
						1345.1242999999959
					],
					[
						-98.47536811549622,
						18.607311255627106,
						1345.1477000000014
					],
					[
						-98.47537012146566,
						18.607308381628137,
						1344.9603999999963
					],
					[
						-98.47537244725952,
						18.607305851374328,
						1344.7731000000058
					],
					[
						-98.47537469098557,
						18.607303646416934,
						1344.6560999999929
					],
					[
						-98.47537694939203,
						18.60730094177618,
						1344.4921999999933
					],
					[
						-98.47537932789253,
						18.60729908559243,
						1344.3049000000028
					],
					[
						-98.47538187486117,
						18.60729766537573,
						1344.024000000005
					],
					[
						-98.4753844981935,
						18.607295743799458,
						1343.9069000000018
					],
					[
						-98.47538725957277,
						18.607293319187388,
						1343.7195999999967
					],
					[
						-98.47538958209371,
						18.607291640742694,
						1343.5791000000027
					],
					[
						-98.47539199618892,
						18.60728993043986,
						1343.3684000000067
					],
					[
						-98.47539495402586,
						18.607287852925122,
						1343.2045999999973
					],
					[
						-98.47539790235612,
						18.607285481971992,
						1343.1343000000052
					],
					[
						-98.47540091236958,
						18.60728310934262,
						1342.9939000000013
					],
					[
						-98.4754036775511,
						18.607280802105677,
						1342.8065999999963
					],
					[
						-98.47540589708944,
						18.607278803392788,
						1342.6661000000022
					],
					[
						-98.47541135482493,
						18.607274094724456,
						1342.6543999999994
					],
					[
						-98.47541407083041,
						18.60727016372077,
						1342.5841999999975
					],
					[
						-98.47541520144442,
						18.60726765024746,
						1342.3735000000015
					],
					[
						-98.47541534709615,
						18.60726494194369,
						1342.1978999999992
					],
					[
						-98.4754155350239,
						18.607262099488,
						1342.0924999999988
					],
					[
						-98.47541575665451,
						18.607258857113766,
						1341.9872000000032
					],
					[
						-98.47541554636037,
						18.60725522750758,
						1341.8466999999946
					],
					[
						-98.47541532749291,
						18.60725133213473,
						1341.811600000001
					],
					[
						-98.47541586791826,
						18.607247859407728,
						1341.741399999999
					],
					[
						-98.47541507659949,
						18.607244999299404,
						1341.4955999999947
					],
					[
						-98.47541428813848,
						18.607242227779896,
						1341.2146000000066
					],
					[
						-98.47541450976907,
						18.607238985405676,
						1340.9688000000024
					],
					[
						-98.47541573065048,
						18.607236380806125,
						1340.7932
					],
					[
						-98.47541804331783,
						18.607232948459078,
						1340.5473999999958
					],
					[
						-98.4754202800062,
						18.60723005018243,
						1340.3366999999998
					],
					[
						-98.47542207048097,
						18.60722632172948,
						1340.1610999999975
					],
					[
						-98.4754230851068,
						18.607223102082457,
						1339.9504000000015
					],
					[
						-98.4754234472637,
						18.6072184372117,
						1339.7045999999973
					],
					[
						-98.47542342036263,
						18.60721471394195,
						1339.528999999995
					],
					[
						-98.47542475664088,
						18.60721135253098,
						1339.318299999999
					],
					[
						-98.47542611292356,
						18.607208611242108,
						1339.248099999997
					],
					[
						-98.47542662536135,
						18.607205715611336,
						1339.107600000003
					],
					[
						-98.47542726176952,
						18.607202328935834,
						1338.9671999999991
					],
					[
						-98.47542787817329,
						18.60719832213823,
						1338.896900000007
					],
					[
						-98.47542889851441,
						18.60719527966892,
						1338.826700000005
					],
					[
						-98.47543377524599,
						18.607188984458624,
						1338.2296999999962
					],
					[
						-98.47543669405648,
						18.60718411692809,
						1338.054099999994
					],
					[
						-98.4754379314932,
						18.607180580876626,
						1337.9839000000065
					],
					[
						-98.47543877987206,
						18.607177986426244,
						1337.843399999998
					],
					[
						-98.47544011900747,
						18.607174713604028,
						1337.773199999996
					],
					[
						-98.47544099823118,
						18.607171630646086,
						1337.632700000002
					],
					[
						-98.4754427264243,
						18.6071674162228,
						1337.492299999998
					],
					[
						-98.47544433064697,
						18.607163692844267,
						1337.3166999999958
					],
					[
						-98.47544619769,
						18.60716089330547,
						1337.1059999999998
					],
					[
						-98.47544755397189,
						18.607158152016414,
						1337.0005999999994
					],
					[
						-98.47544850631628,
						18.607154446399086,
						1336.9303999999975
					],
					[
						-98.47544906674513,
						18.60715159379401,
						1336.8601999999955
					],
					[
						-98.47545004195175,
						18.607148596887647,
						1336.6845999999932
					],
					[
						-98.47545194555495,
						18.60714548601902,
						1336.5791999999929
					],
					[
						-98.4754539674128,
						18.607141706927916,
						1336.4036999999953
					],
					[
						-98.47545539395749,
						18.607138254390545,
						1336.1227000000072
					],
					[
						-98.4754568376489,
						18.60713533338627,
						1335.9119999999966
					],
					[
						-98.47545810080494,
						18.607132594634514,
						1335.806700000001
					],
					[
						-98.47545954449627,
						18.60712967363021,
						1335.7013000000006
					],
					[
						-98.47546145095687,
						18.607126651350377,
						1335.5608999999968
					],
					[
						-98.47546279580702,
						18.60712355570572,
						1335.4554999999964
					],
					[
						-98.47546790332899,
						18.607115746871646,
						1335.1043000000063
					],
					[
						-98.47546884994759,
						18.60711186407645,
						1335.1043000000063
					],
					[
						-98.4754693566687,
						18.607108791267777,
						1334.9639000000025
					],
					[
						-98.47547018789992,
						18.60710566528398,
						1334.7532000000065
					],
					[
						-98.475470694621,
						18.60710259247532,
						1334.542499999996
					],
					[
						-98.47547087909885,
						18.60709819844569,
						1334.1913000000059
					],
					[
						-98.4754709538955,
						18.607094738405127,
						1333.9805999999953
					],
					[
						-98.47547073788466,
						18.60709093162111,
						1333.8401000000013
					],
					[
						-98.4754698814272,
						18.607087496953994,
						1333.7698999999993
					],
					[
						-98.47546895756457,
						18.607084862124022,
						1333.7698999999993
					],
					[
						-98.47546769716978,
						18.607080463128714,
						1333.6646000000037
					],
					[
						-98.47546703839443,
						18.607077377742346,
						1333.5592000000033
					],
					[
						-98.47546745199008,
						18.607074307471013,
						1333.3484999999928
					],
					[
						-98.47546688634017,
						18.60707121954733,
						1333.1377999999968
					],
					[
						-98.47546633153046,
						18.60706702299411,
						1333.0675999999949
					],
					[
						-98.47546605383017,
						18.607064193224982,
						1332.9621999999945
					],
					[
						-98.4754656372797,
						18.607059948571326,
						1332.7866000000067
					],
					[
						-98.47546548926519,
						18.607056804935166,
						1332.6812999999966
					],
					[
						-98.47546496874916,
						18.60705367144834,
						1332.6110999999946
					],
					[
						-98.47546501841663,
						18.607050877092938,
						1332.5408000000025
					],
					[
						-98.47546594848858,
						18.60704792574959,
						1332.5408000000025
					],
					[
						-98.47546817719122,
						18.607046224690645,
						1332.4706000000006
					],
					[
						-98.47547341902717,
						18.607042579533164,
						1332.0141000000003
					],
					[
						-98.47547700232492,
						18.607040974565873,
						1331.9438999999984
					],
					[
						-98.47548054621399,
						18.607039592339405,
						1331.8736000000063
					],
					[
						-98.4754834919325,
						18.607038448077894,
						1331.8034000000043
					],
					[
						-98.47548686385967,
						18.607037513870342,
						1331.768299999996
					],
					[
						-98.475489784449,
						18.607037035293807,
						1331.7332000000024
					],
					[
						-98.47549317352302,
						18.607036632619412,
						1331.6628999999957
					]
				]
			},
			"properties": {
				"OBJETO": "ESCURRIMIENTO",
				"Shape_Length": 45.68676168823109
			}
		},
		{
			"type": "Feature",
			"geometry": {
				"type": "LineString",
				"coordinates": [
					[
						-98.47514285717449,
						18.606474309143362,
						1326.0834999999934
					],
					[
						-98.47514299980347,
						18.606473683526556,
						1326.0834999999934
					],
					[
						-98.47514304755126,
						18.606473474089324,
						1326.0834999999934
					],
					[
						-98.4751362454203,
						18.606470137180978,
						1326.0834999999934
					],
					[
						-98.47510945764245,
						18.60645699594839,
						1326.0834999999934
					],
					[
						-98.47510656519074,
						18.606455577003178,
						1326.0834999999934
					]
				]
			},
			"properties": {
				"OBJETO": "ALBERCA",
				"Shape_Length": 4.422957006132742
			}
		},
		{
			"type": "Feature",
			"geometry": {
				"type": "LineString",
				"coordinates": [
					[
						-98.47680724260941,
						18.600838741797695,
						1265.9627999999939
					],
					[
						-98.47682251749566,
						18.60083718976659,
						1265.9541000000027
					],
					[
						-98.47682591737063,
						18.60083244996129,
						1265.9541000000027
					],
					[
						-98.47682498751529,
						18.600824863644547,
						1265.9072000000015
					],
					[
						-98.47682078372384,
						18.60082002224568,
						1265.860400000005
					],
					[
						-98.4767977111596,
						18.600818256648218,
						1265.6613999999972
					],
					[
						-98.4767262697093,
						18.60082780996445,
						1265.6613999999972
					],
					[
						-98.4767079736924,
						18.60083025654567,
						1265.6613999999972
					],
					[
						-98.47668183435063,
						18.60083382991997,
						1265.6416000000027
					],
					[
						-98.4766429813183,
						18.600839141310228,
						1265.6122999999934
					],
					[
						-98.47663764239599,
						18.60083987116513,
						1265.6082000000024
					],
					[
						-98.47663758012673,
						18.600839879677586,
						1265.6082000000024
					]
				]
			},
			"properties": {
				"OBJETO": "CANAL",
				"Shape_Length": 23.301431900678825
			}
		},
		{
			"type": "Feature",
			"geometry": {
				"type": "LineString",
				"coordinates": [
					[
						-98.47830678507415,
						18.602998518432,
						1271.9155000000028
					],
					[
						-98.47830618417059,
						18.603002930068044,
						1271.9155000000028
					],
					[
						-98.47830464681306,
						18.602996812097114,
						1271.9155000000028
					]
				]
			},
			"properties": {
				"OBJETO": "ALBERCA",
				"Shape_Length": 1.1883308171534481
			}
		},
		{
			"type": "Feature",
			"geometry": {
				"type": "LineString",
				"coordinates": [
					[
						-98.4778748124137,
						18.606741982398212,
						1323.3708999999944
					],
					[
						-98.47787306838248,
						18.606740968066795,
						1323.3708999999944
					],
					[
						-98.47787011372331,
						18.60673924963209,
						1323.3708999999944
					],
					[
						-98.47782824956694,
						18.606714901360267,
						1323.3708999999944
					],
					[
						-98.47785216037609,
						18.60667752640455,
						1323.3708999999944
					],
					[
						-98.47789872321675,
						18.60670460743653,
						1323.3708999999944
					],
					[
						-98.4778782220922,
						18.60673665273299,
						1323.3708999999944
					],
					[
						-98.47787750834571,
						18.606737768389504,
						1323.3708999999944
					],
					[
						-98.4778748124137,
						18.606741982398212,
						1323.3708999999944
					]
				]
			},
			"properties": {
				"OBJETO": "ALBERCA",
				"Shape_Length": 21.196343201649295
			}
		},
		{
			"type": "Feature",
			"geometry": {
				"type": "LineString",
				"coordinates": [
					[
						-98.47648941429028,
						18.60088267768531,
						1265.9274000000005
					],
					[
						-98.47625197969185,
						18.600916973360906,
						1265.7495999999956
					],
					[
						-98.4759785897795,
						18.60095433790722,
						1265.7495999999956
					],
					[
						-98.47596012281574,
						18.60095686179566,
						1265.7495999999956
					],
					[
						-98.47593327007235,
						18.60096053176901,
						1265.7495999999956
					],
					[
						-98.47591168219306,
						18.60096146978866,
						1265.7495999999956
					],
					[
						-98.4759064322039,
						18.60096087757586,
						1265.7495999999956
					],
					[
						-98.47590320489608,
						18.600959131930775,
						1265.7495999999956
					],
					[
						-98.47590044718038,
						18.600954826287595,
						1265.7495999999956
					],
					[
						-98.47589872179373,
						18.60094753931414,
						1265.7495999999956
					],
					[
						-98.47589999171707,
						18.600942957369686,
						1265.7495999999956
					],
					[
						-98.47590590092028,
						18.600938479945146,
						1265.7495999999956
					],
					[
						-98.47591329192048,
						18.600937171854397,
						1265.7495999999956
					],
					[
						-98.47604408339687,
						18.60092410570451,
						1265.7495999999956
					],
					[
						-98.47631602269878,
						18.600886628173058,
						1265.7495999999956
					],
					[
						-98.47649263180426,
						18.60085996026156,
						1265.838499999998
					]
				]
			},
			"properties": {
				"OBJETO": "CANAL",
				"Shape_Length": 127.75915294919353
			}
		}
	]
}