{
	"hasZ": true,
	"hasM": true,
	"type": "FeatureCollection",
	"features": [
		{
			"type": "Feature",
			"geometry": {
				"type": "LineString",
				"coordinates": [
					[
						-98.47175201137627,
						18.60601453181718,
						1300.6080999999976
					],
					[
						-98.47166303684689,
						18.606286971678347,
						1300.7660999999935
					],
					[
						-98.47165243667077,
						18.60631802479544,
						1300.6080999999976
					]
				]
			},
			"properties": {
				"OBJETO": "VECTOR",
				"Z": 0,
				"Shape_Length": 35.1857659473206
			}
		},
		{
			"type": "Feature",
			"geometry": {
				"type": "LineString",
				"coordinates": [
					[
						-98.48022014463677,
						18.60005266719104,
						1261.3994999999995
					],
					[
						-98.48017436875352,
						18.600063424456167,
						1261.3994999999995
					],
					[
						-98.48006430629478,
						18.60010557208403,
						1261.9328999999998
					],
					[
						-98.47973503143076,
						18.600244426900392,
						1261.9328999999998
					],
					[
						-98.47957687336641,
						18.600305789487205,
						1262.9995000000054
					],
					[
						-98.47942718950506,
						18.600356944437184,
						1262.9995000000054
					],
					[
						-98.4792556114752,
						18.60041222684813,
						1263.3551000000007
					],
					[
						-98.47905823150717,
						18.600460721117805,
						1263.7106000000058
					],
					[
						-98.47893850557003,
						18.600483286639882,
						1264.0662000000011
					],
					[
						-98.47886482124592,
						18.600491775324823,
						1264.0662000000011
					],
					[
						-98.47876166154535,
						18.60050236216024,
						1264.0662000000011
					],
					[
						-98.47861949984899,
						18.600508961844813,
						1264.0662000000011
					],
					[
						-98.47843834061925,
						18.60051511231261,
						1264.4217000000062
					],
					[
						-98.47826672059132,
						18.600537372271976,
						1264.7773000000016
					],
					[
						-98.4781390050592,
						18.60055530904721,
						1264.7773000000016
					],
					[
						-98.47784287786268,
						18.600600579688592,
						1264.7773000000016
					],
					[
						-98.47726360975004,
						18.60069134078353,
						1265.310599999997
					],
					[
						-98.47687921220718,
						18.600750278648224,
						1266.0216999999975
					],
					[
						-98.47649042129297,
						18.600805400127644,
						1266.7329000000027
					]
				]
			},
			"properties": {
				"OBJETO": "VECTOR",
				"Z": 0,
				"Shape_Length": 404.6810510748312
			}
		},
		{
			"type": "Feature",
			"geometry": {
				"type": "LineString",
				"coordinates": [
					[
						-98.47101236335786,
						18.60280497844464,
						1282.9168999999965
					],
					[
						-98.47102112181545,
						18.602723980233183,
						1282.770239999998
					],
					[
						-98.47103610581262,
						18.602643899644598,
						1282.6235799999995
					],
					[
						-98.47105722595363,
						18.602565214445974,
						1282.476920000001
					],
					[
						-98.47108435623407,
						18.60248839407939,
						1282.3302600000025
					],
					[
						-98.47111733479257,
						18.602413896861197,
						1282.183600000004
					],
					[
						-98.47115323181362,
						18.602365278420606,
						1282.4229999999952
					],
					[
						-98.47118844289572,
						18.602323448811887,
						1282.6383333333313
					],
					[
						-98.47122607283204,
						18.602283781137864,
						1282.8536666666673
					],
					[
						-98.47126598914441,
						18.602246415050633,
						1283.0690000000031
					],
					[
						-98.47132214227554,
						18.60220064247014,
						1283.3516333333343
					],
					[
						-98.47138163675777,
						18.60215930592645,
						1283.6342666666656
					],
					[
						-98.47144412295597,
						18.60212264834476,
						1283.9168999999965
					],
					[
						-98.47158523582306,
						18.602068060680963,
						1283.383600000001
					]
				]
			},
			"properties": {
				"OBJETO": "VECTOR",
				"Z": 0,
				"Shape_Length": 108.6342893958512
			}
		},
		{
			"type": "Feature",
			"geometry": {
				"type": "LineString",
				"coordinates": [
					[
						-98.4729198086952,
						18.604313467085344,
						1316.2109000000055
					],
					[
						-98.47293918003945,
						18.60427155895747,
						1315.7367999999988
					],
					[
						-98.47297211935641,
						18.60414561128168,
						1311.7072000000044
					],
					[
						-98.47300507776566,
						18.604021078625163,
						1307.6775999999954
					]
				]
			},
			"properties": {
				"OBJETO": "VECTOR",
				"Z": 0,
				"Shape_Length": 33.64108901143639
			}
		},
		{
			"type": "Feature",
			"geometry": {
				"type": "LineString",
				"coordinates": [
					[
						-98.47203353480548,
						18.60561291740876,
						1319.1711000000068
					],
					[
						-98.47183908459363,
						18.605513804105776,
						1314.6674000000057
					]
				]
			},
			"properties": {
				"OBJETO": "VECTOR",
				"Z": 0,
				"Shape_Length": 23.26170859853269
			}
		},
		{
			"type": "Feature",
			"geometry": {
				"type": "LineString",
				"coordinates": [
					[
						-98.47086838651323,
						18.60461353836917,
						1284.539300000004
					],
					[
						-98.47067357006156,
						18.604608638848607,
						1283.1763999999966
					]
				]
			},
			"properties": {
				"OBJETO": "VECTOR",
				"Z": 0,
				"Shape_Length": 20.560294212155394
			}
		},
		{
			"type": "Feature",
			"geometry": {
				"type": "LineString",
				"coordinates": [
					[
						-98.47599911479819,
						18.606173319145704,
						1304.9976000000024
					],
					[
						-98.47595112732436,
						18.6063527521016,
						1308.3727000000072
					],
					[
						-98.47587904909166,
						18.606622263541933,
						1313.4421000000002
					],
					[
						-98.47587904909166,
						18.606622263541933,
						1313.4421000000002
					]
				]
			},
			"properties": {
				"OBJETO": "VECTOR",
				"Z": 0,
				"Shape_Length": 51.26405069135713
			}
		},
		{
			"type": "Feature",
			"geometry": {
				"type": "LineString",
				"coordinates": [
					[
						-98.47641911173739,
						18.60547753180036,
						1290.306500000006
					],
					[
						-98.47681932217657,
						18.605628275345644,
						1290.2397999999957
					],
					[
						-98.47691593517875,
						18.605659882260092,
						1289.0397999999986
					],
					[
						-98.47712352813333,
						18.60571371628701,
						1291.928700000004
					],
					[
						-98.4773079781028,
						18.605760153176366,
						1295.3732000000018
					],
					[
						-98.47743709352882,
						18.605806400629792,
						1295.4397999999928
					],
					[
						-98.47767463814523,
						18.605908589061332,
						1297.4397999999928
					],
					[
						-98.47772187484118,
						18.605925819641865,
						1297.9588999999978
					],
					[
						-98.47783843559843,
						18.605968337569784,
						1299.2397999999957
					],
					[
						-98.47801074508997,
						18.60602949425738,
						1299.4397999999928
					],
					[
						-98.47823514797554,
						18.60609501986409,
						1299.4397999999928
					],
					[
						-98.47848207351711,
						18.606155523005892,
						1299.3732000000018
					],
					[
						-98.47857944814152,
						18.605882409965666,
						1294.1064999999944
					],
					[
						-98.47875086958885,
						18.605403985635725,
						1288.4064999999973
					],
					[
						-98.47901598576053,
						18.605494707502775,
						1289.473199999993
					],
					[
						-98.47954458683778,
						18.605698571348206,
						1289.273199999996
					],
					[
						-98.4795069811826,
						18.60575336428018,
						1289.6732000000047
					],
					[
						-98.47949254327685,
						18.60576396314768,
						1289.9137000000046
					],
					[
						-98.47913883925474,
						18.60602361652187,
						1295.806500000006
					],
					[
						-98.47884459221709,
						18.606208422274815,
						1301.0065000000031
					]
				]
			},
			"properties": {
				"OBJETO": "VECTOR",
				"Z": 0,
				"Shape_Length": 501.7604074378937
			}
		},
		{
			"type": "Feature",
			"geometry": {
				"type": "LineString",
				"coordinates": [
					[
						-98.47084396223251,
						18.602207161792833,
						1280.4002999999939
					],
					[
						-98.47089612004278,
						18.602224812391423,
						1280.681700000001
					],
					[
						-98.47102884730772,
						18.602294435783417,
						1281.1261999999988
					],
					[
						-98.47111033275101,
						18.602341361473304,
						1282.2372999999934
					],
					[
						-98.47115323181362,
						18.602365278420606,
						1282.903999999995
					]
				]
			},
			"properties": {
				"OBJETO": "VECTOR",
				"Z": 0,
				"Shape_Length": 37.10708104838909
			}
		},
		{
			"type": "Feature",
			"geometry": {
				"type": "LineString",
				"coordinates": [
					[
						-98.48022014463677,
						18.60005266719104,
						1261.0255000000034
					],
					[
						-98.4802657389582,
						18.60004651849542,
						1260.9069999999992
					],
					[
						-98.48031174515766,
						18.600046238829616,
						1260.788499999995
					]
				]
			},
			"properties": {
				"OBJETO": "VECTOR",
				"Z": 0,
				"Shape_Length": 9.719358884183736
			}
		},
		{
			"type": "Feature",
			"geometry": {
				"type": "LineString",
				"coordinates": [
					[
						-98.4778125635088,
						18.601684162704963,
						1266.5111999999936
					],
					[
						-98.47756246047375,
						18.602196993606093,
						1267.9333999999944
					]
				]
			},
			"properties": {
				"OBJETO": "VECTOR",
				"Z": 0,
				"Shape_Length": 62.578268309424786
			}
		},
		{
			"type": "Feature",
			"geometry": {
				"type": "LineString",
				"coordinates": [
					[
						-98.47264769870665,
						18.605041271400406,
						1326.1861999999965
					],
					[
						-98.47263352486164,
						18.605034673779556,
						1326.135500000004
					]
				]
			},
			"properties": {
				"OBJETO": "VECTOR",
				"Z": 0,
				"Shape_Length": 1.6640153416520045
			}
		},
		{
			"type": "Feature",
			"geometry": {
				"type": "LineString",
				"coordinates": [
					[
						-98.47954457944714,
						18.605698024599658,
						1289.7559000000037
					],
					[
						-98.47954490763519,
						18.605697814093453,
						1289.7553999999946
					],
					[
						-98.47973129049069,
						18.605578264310406,
						1289.489300000001
					],
					[
						-98.47995866551932,
						18.605402184965484,
						1291.0225999999966
					],
					[
						-98.48001826055066,
						18.60535873533803,
						1292.0599999999977
					],
					[
						-98.48025355039212,
						18.605187189489357,
						1296.155899999998
					],
					[
						-98.48031870635631,
						18.6051363019736,
						1296.6892999999982
					]
				]
			},
			"properties": {
				"OBJETO": "VECTOR",
				"Z": 0,
				"Shape_Length": 102.69192189852656
			}
		},
		{
			"type": "Feature",
			"geometry": {
				"type": "LineString",
				"coordinates": [
					[
						-98.47551182089556,
						18.606779095151456,
						1320.3754000000044
					],
					[
						-98.4754858389842,
						18.606747498905523,
						1320.1975999999995
					],
					[
						-98.4755484103692,
						18.606465755380654,
						1315.3975999999966
					]
				]
			},
			"properties": {
				"OBJETO": "VECTOR",
				"Z": 0,
				"Shape_Length": 36.307900190615356
			}
		},
		{
			"type": "Feature",
			"geometry": {
				"type": "LineString",
				"coordinates": [
					[
						-98.47936495582924,
						18.60159292486619,
						1265.1111999999994
					],
					[
						-98.47908538543932,
						18.602142392847735,
						1266.7112000000052
					],
					[
						-98.47901447283508,
						18.602214886789525,
						1266.7112000000052
					]
				]
			},
			"properties": {
				"OBJETO": "VECTOR",
				"Z": 0,
				"Shape_Length": 78.54269428638742
			}
		},
		{
			"type": "Feature",
			"geometry": {
				"type": "LineString",
				"coordinates": [
					[
						-98.47389721590608,
						18.60710882054383,
						1358.651800000007
					],
					[
						-98.47380160277694,
						18.60703001251559,
						1357.1016999999993
					],
					[
						-98.47377908429856,
						18.60701145189984,
						1356.7366000000038
					],
					[
						-98.47393546324793,
						18.60652211646042,
						1350.1138000000064
					],
					[
						-98.47394200806862,
						18.606501636573334,
						1349.836599999995
					],
					[
						-98.47326228791971,
						18.606158702445814,
						1341.7366000000038
					],
					[
						-98.4732064300381,
						18.6061305207174,
						1340.5366000000067
					]
				]
			},
			"properties": {
				"OBJETO": "VECTOR",
				"Z": 0,
				"Shape_Length": 163.24136711020103
			}
		},
		{
			"type": "Feature",
			"geometry": {
				"type": "LineString",
				"coordinates": [
					[
						-98.47335075402499,
						18.605377533962283,
						1327.6046999999962
					],
					[
						-98.47348921712616,
						18.605446100895612,
						1327.960300000006
					],
					[
						-98.47366265196462,
						18.605523265226733,
						1328.3157999999967
					],
					[
						-98.47389816466816,
						18.605648179004795,
						1326.8935999999958
					],
					[
						-98.47406966458719,
						18.605739140691515,
						1324.702099999995
					]
				]
			},
			"properties": {
				"OBJETO": "VECTOR",
				"Z": 0,
				"Shape_Length": 85.78778575518669
			}
		},
		{
			"type": "Feature",
			"geometry": {
				"type": "LineString",
				"coordinates": [
					[
						-98.47738073459224,
						18.606786619554768,
						1310.519100000005
					],
					[
						-98.47741163218808,
						18.60669454770259,
						1310.6376000000018
					],
					[
						-98.47747176706702,
						18.60652133165775,
						1309.3487000000023
					],
					[
						-98.47752381288156,
						18.606387108959602,
						1307.3487000000023
					],
					[
						-98.47758650258703,
						18.60622195707049,
						1303.993100000007
					],
					[
						-98.47761130350058,
						18.606157176587246,
						1302.570900000006
					],
					[
						-98.47772187484118,
						18.605925819641865,
						1297.6376000000018
					]
				]
			},
			"properties": {
				"OBJETO": "VECTOR",
				"Z": 0,
				"Shape_Length": 101.91438176894563
			}
		},
		{
			"type": "Feature",
			"geometry": {
				"type": "LineString",
				"coordinates": [
					[
						-98.4729198086952,
						18.604313467085344,
						1315.7887999999948
					],
					[
						-98.47297320882444,
						18.604339674563317,
						1315.3417999999947
					],
					[
						-98.47317369221885,
						18.604432609240202,
						1311.7862000000023
					],
					[
						-98.47332330073644,
						18.60451427691448,
						1310.008400000006
					]
				]
			},
			"properties": {
				"OBJETO": "VECTOR",
				"Z": 0,
				"Shape_Length": 48.0417844295021
			}
		},
		{
			"type": "Feature",
			"geometry": {
				"type": "LineString",
				"coordinates": [
					[
						-98.47557087468681,
						18.606130421062467,
						1309.5310000000027
					],
					[
						-98.47553225900592,
						18.606457738776022,
						1315.2198000000062
					],
					[
						-98.47553225900592,
						18.606457738776022,
						1315.2198000000062
					]
				]
			},
			"properties": {
				"OBJETO": "VECTOR",
				"Z": 0,
				"Shape_Length": 36.44523816142122
			}
		},
		{
			"type": "Feature",
			"geometry": {
				"type": "LineString",
				"coordinates": [
					[
						-98.4731381057789,
						18.60117542429582,
						1270.910699999993
					],
					[
						-98.47399643963335,
						18.601062423777396,
						1268.4997000000003
					],
					[
						-98.47499037186773,
						18.600930111583356,
						1267.4459999999963
					]
				]
			},
			"properties": {
				"OBJETO": "VECTOR",
				"Z": 1266.16638,
				"Shape_Length": 197.2942538545258
			}
		},
		{
			"type": "Feature",
			"geometry": {
				"type": "LineString",
				"coordinates": [
					[
						-98.47140216673002,
						18.60165900323689,
						1277.0835999999981
					],
					[
						-98.47146008586226,
						18.601639638637643,
						1278.0336000000025
					],
					[
						-98.47151930748548,
						18.601624725122768,
						1278.9836000000068
					]
				]
			},
			"properties": {
				"OBJETO": "VECTOR",
				"Z": 0,
				"Shape_Length": 12.940937019642158
			}
		},
		{
			"type": "Feature",
			"geometry": {
				"type": "LineString",
				"coordinates": [
					[
						-98.47196723852232,
						18.60645701993865,
						1310.6628999999957
					],
					[
						-98.47213204977305,
						18.606535940919247,
						1315.8534999999974
					]
				]
			},
			"properties": {
				"OBJETO": "VECTOR",
				"Z": 0,
				"Shape_Length": 19.45704274645467
			}
		},
		{
			"type": "Feature",
			"geometry": {
				"type": "LineString",
				"coordinates": [
					[
						-98.4773378453475,
						18.601548084169423,
						1267.1600000000035
					],
					[
						-98.47725979987875,
						18.601553307564583,
						1266.9229999999952
					],
					[
						-98.47701355741806,
						18.601655556550256,
						1267.0415000000066
					],
					[
						-98.47662934030124,
						18.601819936927555,
						1268.1082000000024
					],
					[
						-98.47662892397427,
						18.601820946949168,
						1268.1092000000062
					],
					[
						-98.47647713896737,
						18.60218918103684,
						1268.463699999993
					]
				]
			},
			"properties": {
				"OBJETO": "VECTOR",
				"Z": 0,
				"Shape_Length": 124.91699553479654
			}
		},
		{
			"type": "Feature",
			"geometry": {
				"type": "LineString",
				"coordinates": [
					[
						-98.47089970706618,
						18.60380225278121,
						1286.801099999997
					],
					[
						-98.47092984739787,
						18.60354528491777,
						1285.6033000000025
					],
					[
						-98.4709735518268,
						18.60319041802263,
						1283.070000000007
					],
					[
						-98.47098169846754,
						18.603124269551856,
						1282.862599999993
					]
				]
			},
			"properties": {
				"OBJETO": "VECTOR",
				"Z": 0,
				"Shape_Length": 75.51440003846687
			}
		},
		{
			"type": "Feature",
			"geometry": {
				"type": "LineString",
				"coordinates": [
					[
						-98.47617899779591,
						18.60644951955719,
						1306.3754000000044
					],
					[
						-98.47595112732436,
						18.6063527521016,
						1308.1532000000007
					]
				]
			},
			"properties": {
				"OBJETO": "VECTOR",
				"Z": 0,
				"Shape_Length": 26.316656491292797
			}
		},
		{
			"type": "Feature",
			"geometry": {
				"type": "LineString",
				"coordinates": [
					[
						-98.47377908429856,
						18.60701145189984,
						1357.1333000000013
					],
					[
						-98.47372219449649,
						18.607016814927473,
						1356.4222000000009
					],
					[
						-98.47337902377215,
						18.60687015483834,
						1350.2887999999948
					],
					[
						-98.47336115120645,
						18.60700278594102,
						1350.6821999999956
					]
				]
			},
			"properties": {
				"OBJETO": "VECTOR",
				"Z": 0,
				"Shape_Length": 60.50145292615983
			}
		},
		{
			"type": "Feature",
			"geometry": {
				"type": "LineString",
				"coordinates": [
					[
						-98.47191987001706,
						18.601407228550904,
						1273.6867999999959
					],
					[
						-98.47148024749127,
						18.601465886664474,
						1274.2868000000017
					]
				]
			},
			"properties": {
				"OBJETO": "VECTOR",
				"Z": 0,
				"Shape_Length": 46.83296810293933
			}
		},
		{
			"type": "Feature",
			"geometry": {
				"type": "LineString",
				"coordinates": [
					[
						-98.4775251152338,
						18.6041302924156,
						1278.6275000000023
					],
					[
						-98.47755762213313,
						18.604047909250518,
						1278.2559000000037
					],
					[
						-98.4777198404903,
						18.603636793300915,
						1274.5225000000064
					],
					[
						-98.47782054475809,
						18.603381573659348,
						1273.2657999999938
					]
				]
			},
			"properties": {
				"OBJETO": "VECTOR",
				"Z": 0,
				"Shape_Length": 88.5128018926079
			}
		},
		{
			"type": "Feature",
			"geometry": {
				"type": "LineString",
				"coordinates": [
					[
						-98.47243802821711,
						18.602180788307205,
						1279.0914000000048
					],
					[
						-98.47258979094094,
						18.602244827227917,
						1278.8246999999974
					],
					[
						-98.47274803670652,
						18.602322094772706,
						1278.374100000001
					],
					[
						-98.47277706975757,
						18.60233627088104,
						1278.2914000000019
					],
					[
						-98.47303587720334,
						18.602493052273257,
						1278.2914000000019
					],
					[
						-98.473393536738,
						18.602715850927424,
						1277.8469999999943
					],
					[
						-98.47362421609252,
						18.602883376956292,
						1278.213699999993
					],
					[
						-98.47381291373982,
						18.603020414203904,
						1278.5136000000057
					]
				]
			},
			"properties": {
				"OBJETO": "VECTOR",
				"Z": 0,
				"Shape_Length": 172.74586117003312
			}
		},
		{
			"type": "Feature",
			"geometry": {
				"type": "LineString",
				"coordinates": [
					[
						-98.47632082389627,
						18.604562366046537,
						1280.8571999999986
					],
					[
						-98.47641971483867,
						18.604599070208018,
						1281.0405000000028
					]
				]
			},
			"properties": {
				"OBJETO": "VECTOR",
				"Z": 0,
				"Shape_Length": 11.195571320874919
			}
		},
		{
			"type": "Feature",
			"geometry": {
				"type": "LineString",
				"coordinates": [
					[
						-98.47875086958885,
						18.605403985635725,
						1288.6352999999945
					],
					[
						-98.47875261582767,
						18.60539911199971,
						1288.5430999999953
					],
					[
						-98.47875410551248,
						18.605394954388558,
						1288.464399999997
					]
				]
			},
			"properties": {
				"OBJETO": "VECTOR",
				"Z": 0,
				"Shape_Length": 1.055988570374069
			}
		},
		{
			"type": "Feature",
			"geometry": {
				"type": "LineString",
				"coordinates": [
					[
						-98.48009611277152,
						18.604189718571924,
						1277.9594999999972
					],
					[
						-98.47998644115883,
						18.604149294535343,
						1277.9333000000042
					],
					[
						-98.47942877644158,
						18.60394374272306,
						1277.800000000003
					],
					[
						-98.47937386246713,
						18.60392350165195,
						1277.5332999999955
					],
					[
						-98.479322536108,
						18.60390458294279,
						1277.2546000000002
					]
				]
			},
			"properties": {
				"OBJETO": "VECTOR",
				"Z": 0,
				"Shape_Length": 87.49843350063776
			}
		},
		{
			"type": "Feature",
			"geometry": {
				"type": "LineString",
				"coordinates": [
					[
						-98.47515066535875,
						18.60500711004716,
						1291.9787999999971
					],
					[
						-98.47514312392263,
						18.605004379923024,
						1292.0071999999927
					],
					[
						-98.47495834482984,
						18.604900601481297,
						1288.4516000000003
					]
				]
			},
			"properties": {
				"OBJETO": "VECTOR",
				"Z": 0,
				"Shape_Length": 23.475731705811068
			}
		},
		{
			"type": "Feature",
			"geometry": {
				"type": "LineString",
				"coordinates": [
					[
						-98.47573167808535,
						18.604344122807664,
						1280.0516999999963
					],
					[
						-98.47554625409546,
						18.604277708284528,
						1279.877600000007
					],
					[
						-98.47525443318668,
						18.604162810053086,
						1280.1441999999952
					],
					[
						-98.47519199510604,
						18.60413876699271,
						1280.3549000000057
					],
					[
						-98.47509637623024,
						18.604101946935423,
						1280.6775999999954
					],
					[
						-98.47496632254635,
						18.604037644905496,
						1280.1441999999952
					]
				]
			},
			"properties": {
				"OBJETO": "VECTOR",
				"Z": 0,
				"Shape_Length": 87.64503267751853
			}
		},
		{
			"type": "Feature",
			"geometry": {
				"type": "LineString",
				"coordinates": [
					[
						-98.47641166791088,
						18.60662050435935,
						1306.560599999997
					],
					[
						-98.4763050406094,
						18.606687240674894,
						1309.286500000002
					],
					[
						-98.47626790173967,
						18.606702712028845,
						1309.8654499999975
					],
					[
						-98.47622903074489,
						18.60671309009231,
						1310.444399999993
					],
					[
						-98.47618446906439,
						18.606718504363425,
						1311.0882499999934
					],
					[
						-98.47613959534554,
						18.606717318169153,
						1311.7320999999938
					],
					[
						-98.47609538193971,
						18.606709557212678,
						1312.3759499999942
					],
					[
						-98.47605278689022,
						18.606695389663177,
						1313.0197999999946
					],
					[
						-98.47587904909166,
						18.606622263541933,
						1313.9199999999983
					],
					[
						-98.47577828833104,
						18.606579853304982,
						1314.4421000000002
					],
					[
						-98.4755484103692,
						18.606465755380654,
						1315.4965999999986
					],
					[
						-98.47553225900592,
						18.606457738776022,
						1315.5706999999966
					],
					[
						-98.47517761653343,
						18.606281714184966,
						1317.1975999999995
					]
				]
			},
			"properties": {
				"OBJETO": "VECTOR",
				"Z": 0,
				"Shape_Length": 144.09186306618167
			}
		},
		{
			"type": "Feature",
			"geometry": {
				"type": "LineString",
				"coordinates": [
					[
						-98.47406966458719,
						18.605739140691515,
						1324.702099999995
					],
					[
						-98.47409107622364,
						18.605750497172345,
						1324.4284000000043
					]
				]
			},
			"properties": {
				"OBJETO": "VECTOR",
				"Z": 0,
				"Shape_Length": 2.584886979769649
			}
		},
		{
			"type": "Feature",
			"geometry": {
				"type": "LineString",
				"coordinates": [
					[
						-98.4797545584624,
						18.606139046114055,
						1294.116399999999
					],
					[
						-98.47977801880239,
						18.606123220029872,
						1294.428700000004
					],
					[
						-98.47993658958154,
						18.606016249791413,
						1296.5397999999986
					],
					[
						-98.48010553475892,
						18.605900147036753,
						1297.1448999999993
					],
					[
						-98.48021577706184,
						18.605824385988633,
						1297.5397999999986
					],
					[
						-98.48038564454843,
						18.605707607045325,
						1297.9397999999928
					]
				]
			},
			"properties": {
				"OBJETO": "VECTOR",
				"Z": 0,
				"Shape_Length": 81.92524459421877
			}
		},
		{
			"type": "Feature",
			"geometry": {
				"type": "LineString",
				"coordinates": [
					[
						-98.47605969722964,
						18.60707483785832,
						1321.7381000000023
					],
					[
						-98.47587399933484,
						18.60706094039718,
						1325.4032000000007
					],
					[
						-98.47529464096314,
						18.607016460083454,
						1335.8031999999948
					],
					[
						-98.47475013926082,
						18.606950441238677,
						1347.8031999999948
					],
					[
						-98.47465047319298,
						18.606957976803685,
						1349.1906000000017
					],
					[
						-98.47408922514339,
						18.607000410719664,
						1357.0032000000065
					],
					[
						-98.47380160277694,
						18.60703001251559,
						1357.0032000000065
					],
					[
						-98.47380160277694,
						18.60703001251559,
						1357.0032000000065
					]
				]
			},
			"properties": {
				"OBJETO": "VECTOR",
				"Z": 0,
				"Shape_Length": 239.3414173792224
			}
		},
		{
			"type": "Feature",
			"geometry": {
				"type": "LineString",
				"coordinates": [
					[
						-98.475426352245,
						18.605106912978,
						1290.940499999997
					],
					[
						-98.47515066535875,
						18.60500711004716,
						1291.9787999999971
					]
				]
			},
			"properties": {
				"OBJETO": "VECTOR",
				"Z": 0,
				"Shape_Length": 31.110718604822893
			}
		},
		{
			"type": "Feature",
			"geometry": {
				"type": "LineString",
				"coordinates": [
					[
						-98.47573551896268,
						18.604345498517347,
						1280.1515999999974
					],
					[
						-98.47603603358662,
						18.60445666347763,
						1280.3294000000024
					],
					[
						-98.47632082389627,
						18.604562366046537,
						1280.8571999999986
					]
				]
			},
			"properties": {
				"OBJETO": "VECTOR",
				"Z": 0,
				"Shape_Length": 66.24822136371162
			}
		},
		{
			"type": "Feature",
			"geometry": {
				"type": "LineString",
				"coordinates": [
					[
						-98.47331563743623,
						18.602187324528618,
						1272.5071000000025
					],
					[
						-98.47296619221369,
						18.601931061517764,
						1272.9429999999993
					],
					[
						-98.47292366656785,
						18.601899875561358,
						1272.9959999999992
					],
					[
						-98.4727547963502,
						18.60178392878911,
						1272.9959999999992
					],
					[
						-98.47232557649784,
						18.60151248564105,
						1273.5293999999994
					]
				]
			},
			"properties": {
				"OBJETO": "VECTOR",
				"Z": 1272.50708,
				"Shape_Length": 128.4628949461019
			}
		},
		{
			"type": "Feature",
			"geometry": {
				"type": "LineString",
				"coordinates": [
					[
						-98.4759156666124,
						18.60590356436051,
						1298.4665999999997
					],
					[
						-98.47597733183231,
						18.605720082543076,
						1296.8073000000004
					],
					[
						-98.47602817155162,
						18.605691084503626,
						1295.6220999999932
					]
				]
			},
			"properties": {
				"OBJETO": "VECTOR",
				"Z": 0,
				"Shape_Length": 27.568659593983178
			}
		},
		{
			"type": "Feature",
			"geometry": {
				"type": "LineString",
				"coordinates": [
					[
						-98.47073260401216,
						18.605911025634786,
						1286.8791000000056
					],
					[
						-98.47073379226893,
						18.60590327940344,
						1286.8858999999939
					],
					[
						-98.47074447930885,
						18.605833610689153,
						1286.9470000000001
					],
					[
						-98.47075077039891,
						18.605746514414964,
						1285.8803000000044
					],
					[
						-98.47075908182438,
						18.605581916656625,
						1285.8803000000044
					],
					[
						-98.47076077939934,
						18.605548298181695,
						1285.8803000000044
					],
					[
						-98.47073078404871,
						18.605439878015805,
						1285.169200000004
					],
					[
						-98.47061282243368,
						18.605242792066875,
						1284.0405000000028
					]
				]
			},
			"properties": {
				"OBJETO": "VECTOR",
				"Z": 0,
				"Shape_Length": 77.78920305141818
			}
		},
		{
			"type": "Feature",
			"geometry": {
				"type": "LineString",
				"coordinates": [
					[
						-98.47334244130188,
						18.6053737553821,
						1327.2418000000034
					],
					[
						-98.47312888269086,
						18.605276681314265,
						1327.2418000000034
					],
					[
						-98.47264769870665,
						18.605041271400406,
						1326.7084000000032
					]
				]
			},
			"properties": {
				"OBJETO": "VECTOR",
				"Z": 0,
				"Shape_Length": 82.01693991088679
			}
		},
		{
			"type": "Feature",
			"geometry": {
				"type": "LineString",
				"coordinates": [
					[
						-98.47954458683778,
						18.605698571348206,
						1289.4921999999933
					],
					[
						-98.47954490763519,
						18.605697814093453,
						1289.4897999999957
					],
					[
						-98.47959862523176,
						18.60557101151824,
						1289.0921999999991
					]
				]
			},
			"properties": {
				"OBJETO": "VECTOR",
				"Z": 0,
				"Shape_Length": 15.222043367302783
			}
		},
		{
			"type": "Feature",
			"geometry": {
				"type": "LineString",
				"coordinates": [
					[
						-98.4801042878143,
						18.604192731820856,
						1280.5144
					],
					[
						-98.48004035431093,
						18.60436587307231,
						1281.8032999999996
					],
					[
						-98.4799662532309,
						18.604555328125745,
						1282.692200000005
					],
					[
						-98.47989082460218,
						18.604774406459885,
						1283.6477000000014
					],
					[
						-98.47983468383546,
						18.604924946617054,
						1283.6698999999935
					],
					[
						-98.47983064489078,
						18.604935918685314,
						1283.7510000000038
					],
					[
						-98.47975834729263,
						18.605132319768583,
						1285.2032999999938
					],
					[
						-98.47968921926442,
						18.605306421820252,
						1287.5587999999989
					],
					[
						-98.47963331452529,
						18.605460677337497,
						1288.336599999995
					],
					[
						-98.47959862523176,
						18.60557101151824,
						1288.892200000002
					]
				]
			},
			"properties": {
				"OBJETO": "VECTOR",
				"Z": 0,
				"Shape_Length": 161.59392126175635
			}
		},
		{
			"type": "Feature",
			"geometry": {
				"type": "LineString",
				"coordinates": [
					[
						-98.47849714781404,
						18.60387414985905,
						1276.1828999999998
					],
					[
						-98.47856033330162,
						18.603709133006312,
						1275.1753999999928
					]
				]
			},
			"properties": {
				"OBJETO": "VECTOR",
				"Z": 0,
				"Shape_Length": 19.437476797548175
			}
		},
		{
			"type": "Feature",
			"geometry": {
				"type": "LineString",
				"coordinates": [
					[
						-98.47067270871463,
						18.602224515469565,
						1278.0513000000064
					],
					[
						-98.4707060293421,
						18.602001221229706,
						1277.076000000001
					]
				]
			},
			"properties": {
				"OBJETO": "VECTOR",
				"Z": 0,
				"Shape_Length": 24.955752347453423
			}
		},
		{
			"type": "Feature",
			"geometry": {
				"type": "LineString",
				"coordinates": [
					[
						-98.47968194839495,
						18.60603763065986,
						1293.3620999999985
					],
					[
						-98.47972682109628,
						18.606100304980348,
						1294.5176000000065
					],
					[
						-98.4797545584624,
						18.606139046114055,
						1295.2318999999989
					]
				]
			},
			"properties": {
				"OBJETO": "VECTOR",
				"Z": 0,
				"Shape_Length": 13.58670456523215
			}
		},
		{
			"type": "Feature",
			"geometry": {
				"type": "LineString",
				"coordinates": [
					[
						-98.47516239104738,
						18.60627508839666,
						1317.1217000000033
					],
					[
						-98.47517442240131,
						18.606206862240867,
						1316.0945000000065
					],
					[
						-98.47518451674648,
						18.606138549972897,
						1314.9092999999993
					],
					[
						-98.47519765343554,
						18.60601600445679,
						1311.5908000000054
					],
					[
						-98.47520627110814,
						18.605936290254483,
						1309.1612000000023
					],
					[
						-98.4751097789115,
						18.60591423965936,
						1310.5834000000032
					],
					[
						-98.47502906683859,
						18.605894370720733,
						1309.8723000000027
					],
					[
						-98.47482133628543,
						18.605874218528648,
						1310.8804999999993
					],
					[
						-98.4748071754968,
						18.605872844764896,
						1311.3862999999983
					]
				]
			},
			"properties": {
				"OBJETO": "VECTOR",
				"Z": 0,
				"Shape_Length": 80.57774625176286
			}
		},
		{
			"type": "Feature",
			"geometry": {
				"type": "LineString",
				"coordinates": [
					[
						-98.47305958190182,
						18.603189939921872,
						1285.643200000006
					],
					[
						-98.473075141828,
						18.603092322547234,
						1283.9839000000065
					],
					[
						-98.47310186462856,
						18.602942800996566,
						1282.4135999999999
					],
					[
						-98.47310545559135,
						18.602914546016947,
						1282.0383000000002
					]
				]
			},
			"properties": {
				"OBJETO": "VECTOR",
				"Z": 0,
				"Shape_Length": 30.857000742143637
			}
		},
		{
			"type": "Feature",
			"geometry": {
				"type": "LineString",
				"coordinates": [
					[
						-98.4789332903346,
						18.601432115891082,
						1265.400099999999
					],
					[
						-98.47863635754112,
						18.60204107699936,
						1266.2890000000043
					],
					[
						-98.47851945826442,
						18.602290113899908,
						1267.7112000000052
					]
				]
			},
			"properties": {
				"OBJETO": "VECTOR",
				"Z": 0,
				"Shape_Length": 104.4955810651818
			}
		},
		{
			"type": "Feature",
			"geometry": {
				"type": "LineString",
				"coordinates": [
					[
						-98.47515066535875,
						18.60500711004716,
						1292.0071999999927
					],
					[
						-98.47508286484162,
						18.60520697592721,
						1293.073900000003
					]
				]
			},
			"properties": {
				"OBJETO": "VECTOR",
				"Z": 0,
				"Shape_Length": 23.242654344981606
			}
		},
		{
			"type": "Feature",
			"geometry": {
				"type": "LineString",
				"coordinates": [
					[
						-98.47588017207819,
						18.603974561383442,
						1276.8359000000055
					],
					[
						-98.47602207943333,
						18.603602224571528,
						1274.129700000005
					]
				]
			},
			"properties": {
				"OBJETO": "VECTOR",
				"Z": 0,
				"Shape_Length": 43.833999967701374
			}
		},
		{
			"type": "Feature",
			"geometry": {
				"type": "LineString",
				"coordinates": [
					[
						-98.47195738513241,
						18.604756716019498,
						1316.948000000004
					],
					[
						-98.47193997202795,
						18.604824429725085,
						1316.948000000004
					],
					[
						-98.47189508683113,
						18.60507235149816,
						1319.0813000000053
					],
					[
						-98.47186041792484,
						18.605329829754485,
						1317.8812999999936
					],
					[
						-98.47185045690347,
						18.605432112645797,
						1316.5479999999952
					],
					[
						-98.47183957689037,
						18.605513991371275,
						1314.592399999994
					],
					[
						-98.47183908459363,
						18.605513804105776,
						1314.577999999994
					],
					[
						-98.47166184614028,
						18.605446383979345,
						1309.392399999997
					],
					[
						-98.47151724864908,
						18.605396526764455,
						1304.4590999999928
					],
					[
						-98.47152377983504,
						18.605163269567477,
						1304.4330999999947
					]
				]
			},
			"properties": {
				"OBJETO": "VECTOR",
				"Z": 0,
				"Shape_Length": 147.0010302493523
			}
		},
		{
			"type": "Feature",
			"geometry": {
				"type": "LineString",
				"coordinates": [
					[
						-98.47283031786034,
						18.60209053682744,
						1273.7467999999935
					],
					[
						-98.47283031786034,
						18.60209053682744,
						1273.7467999999935
					],
					[
						-98.47294535696044,
						18.60195551581657,
						1273.391300000003
					],
					[
						-98.47296619221369,
						18.601931061517764,
						1273.6282999999967
					]
				]
			},
			"properties": {
				"OBJETO": "VECTOR",
				"Z": 1273.39136,
				"Shape_Length": 22.7344538094417
			}
		},
		{
			"type": "Feature",
			"geometry": {
				"type": "LineString",
				"coordinates": [
					[
						-98.47617750778008,
						18.60491993727456,
						1283.2348999999958
					],
					[
						-98.47632082389627,
						18.604562366046537,
						1281.1015999999945
					]
				]
			},
			"properties": {
				"OBJETO": "VECTOR",
				"Z": 0,
				"Shape_Length": 42.35495533334712
			}
		},
		{
			"type": "Feature",
			"geometry": {
				"type": "LineString",
				"coordinates": [
					[
						-98.47430455220217,
						18.602789321045133,
						1273.0359000000026
					],
					[
						-98.47439980193359,
						18.60275114521241,
						1271.613599999997
					],
					[
						-98.47462530655034,
						18.60266267646037,
						1270.395399999994
					],
					[
						-98.47466307321173,
						18.602647860012183,
						1270.191399999996
					],
					[
						-98.47505138712265,
						18.602488071471527,
						1269.3913999999932
					],
					[
						-98.47542783499264,
						18.60232642762504,
						1269.3913999999932
					],
					[
						-98.47545571125298,
						18.60231392645207,
						1269.3126000000047
					],
					[
						-98.4756164991398,
						18.602241820636948,
						1268.8580999999976
					],
					[
						-98.47570955082342,
						18.60216754010282,
						1268.8580999999976
					]
				]
			},
			"properties": {
				"OBJETO": "VECTOR",
				"Z": 0,
				"Shape_Length": 163.91164813017795
			}
		},
		{
			"type": "Feature",
			"geometry": {
				"type": "LineString",
				"coordinates": [
					[
						-98.4803915319284,
						18.603437094383448,
						1273.5289000000048
					],
					[
						-98.48033806762702,
						18.603417841500093,
						1273.4324999999953
					],
					[
						-98.47959845455195,
						18.603151499470346,
						1272.099199999997
					]
				]
			},
			"properties": {
				"OBJETO": "VECTOR",
				"Z": 0,
				"Shape_Length": 89.43872939318123
			}
		},
		{
			"type": "Feature",
			"geometry": {
				"type": "LineString",
				"coordinates": [
					[
						-98.47573167808535,
						18.604344122807664,
						1279.9887000000017
					],
					[
						-98.47577495245115,
						18.604238574247923,
						1279.2776000000013
					],
					[
						-98.47588017207819,
						18.603974561383442,
						1276.5516000000061
					]
				]
			},
			"properties": {
				"OBJETO": "VECTOR",
				"Z": 0,
				"Shape_Length": 43.78967079390481
			}
		},
		{
			"type": "Feature",
			"geometry": {
				"type": "LineString",
				"coordinates": [
					[
						-98.47570955082342,
						18.60216754010282,
						1268.596000000005
					],
					[
						-98.4759695161116,
						18.602081399333564,
						1267.973800000007
					],
					[
						-98.47598791581795,
						18.602074183035544,
						1267.973800000007
					],
					[
						-98.47607039351621,
						18.60204183555181,
						1267.973800000007
					],
					[
						-98.47651202960431,
						18.601864687618036,
						1267.973800000007
					],
					[
						-98.4765121636046,
						18.601864635682734,
						1267.973800000007
					]
				]
			},
			"properties": {
				"OBJETO": "VECTOR",
				"Z": 1267.97375,
				"Shape_Length": 91.1071316275598
			}
		},
		{
			"type": "Feature",
			"geometry": {
				"type": "LineString",
				"coordinates": [
					[
						-98.47204380601335,
						18.601538541475065,
						1277.467399999994
					],
					[
						-98.47169048929696,
						18.60159098189338,
						1278.800700000007
					],
					[
						-98.47151930748548,
						18.601624725122768,
						1278.6674000000057
					]
				]
			},
			"properties": {
				"OBJETO": "VECTOR",
				"Z": 0,
				"Shape_Length": 56.16638801745402
			}
		},
		{
			"type": "Feature",
			"geometry": {
				"type": "LineString",
				"coordinates": [
					[
						-98.47639907073093,
						18.603734779965315,
						1275.127800000002
					],
					[
						-98.4774479996871,
						18.6041035929865,
						1278.4611000000004
					],
					[
						-98.4775251152338,
						18.6041302924156,
						1278.6275000000023
					]
				]
			},
			"properties": {
				"OBJETO": "VECTOR",
				"Z": 0,
				"Shape_Length": 126.60238334272235
			}
		},
		{
			"type": "Feature",
			"geometry": {
				"type": "LineString",
				"coordinates": [
					[
						-98.4724057933218,
						18.60323654589608,
						1301.3380000000034
					],
					[
						-98.47262935363707,
						18.60328069266662,
						1297.1601999999984
					],
					[
						-98.47280932369178,
						18.603309166679733,
						1294.7602000000043
					],
					[
						-98.47304317702539,
						18.60333367969177,
						1290.449099999998
					],
					[
						-98.47319250397226,
						18.603358553322256,
						1286.9023000000016
					],
					[
						-98.47320917788753,
						18.603361330715476,
						1286.5062999999936
					],
					[
						-98.47321719957965,
						18.603362666897354,
						1286.3157999999967
					],
					[
						-98.47334270768704,
						18.603382442283838,
						1283.204700000002
					],
					[
						-98.47359212754402,
						18.60341754555061,
						1281.026899999997
					],
					[
						-98.47371549662343,
						18.60343025597288,
						1280.0801000000065
					],
					[
						-98.47376586063281,
						18.603435444833053,
						1279.6935999999987
					],
					[
						-98.47417584933952,
						18.603610318441063,
						1279.8269
					],
					[
						-98.47467138992991,
						18.603874293374776,
						1280.3601999999955
					],
					[
						-98.47496632254635,
						18.604037644905496,
						1280.5157999999938
					]
				]
			},
			"properties": {
				"OBJETO": "VECTOR",
				"Z": 0,
				"Shape_Length": 288.5008961562024
			}
		},
		{
			"type": "Feature",
			"geometry": {
				"type": "LineString",
				"coordinates": [
					[
						-98.47668155503452,
						18.602919896469224,
						1270.9928000000073
					],
					[
						-98.47683496558103,
						18.60286277681922,
						1270.5436000000045
					],
					[
						-98.47752326612323,
						18.60263418301097,
						1269.210300000006
					],
					[
						-98.47759635340987,
						18.60260990956099,
						1269.0770000000048
					],
					[
						-98.47790464275201,
						18.60253004764696,
						1268.5390000000043
					]
				]
			},
			"properties": {
				"OBJETO": "VECTOR",
				"Z": 0,
				"Shape_Length": 136.13963758341478
			}
		},
		{
			"type": "Feature",
			"geometry": {
				"type": "LineString",
				"coordinates": [
					[
						-98.47602817155162,
						18.605691084503626,
						1295.290399999998
					],
					[
						-98.4760442465445,
						18.60563632000866,
						1294.196100000001
					],
					[
						-98.47607860851075,
						18.605513030808144,
						1292.0627999999997
					],
					[
						-98.47612151701358,
						18.605365936414728,
						1290.2850000000035
					]
				]
			},
			"properties": {
				"OBJETO": "VECTOR",
				"Z": 0,
				"Shape_Length": 37.30087836582445
			}
		},
		{
			"type": "Feature",
			"geometry": {
				"type": "LineString",
				"coordinates": [
					[
						-98.48027033868833,
						18.606081875489856,
						1299.4407999999967
					],
					[
						-98.48030026821783,
						18.606115433761516,
						1299.8359000000055
					]
				]
			},
			"properties": {
				"OBJETO": "VECTOR",
				"Z": 0,
				"Shape_Length": 4.874152676452946
			}
		},
		{
			"type": "Feature",
			"geometry": {
				"type": "LineString",
				"coordinates": [
					[
						-98.47089643099018,
						18.603830183617276,
						1286.9526000000042
					],
					[
						-98.47096126179139,
						18.60383774906171,
						1287.685599999997
					],
					[
						-98.47105344573053,
						18.60384984089318,
						1289.5424000000057
					],
					[
						-98.47113801294658,
						18.603857470889842,
						1290.6091000000015
					],
					[
						-98.47121088047625,
						18.603850684538543,
						1292.8016999999963
					],
					[
						-98.47128657097092,
						18.603841643016498,
						1296.5151999999944
					],
					[
						-98.47136824913316,
						18.603828597873544,
						1301.1967000000004
					],
					[
						-98.4714911795727,
						18.603836386712118,
						1307.264200000005
					],
					[
						-98.4715123613357,
						18.60376960082867,
						1307.2312999999995
					],
					[
						-98.47154014696451,
						18.603755885664793,
						1307.6202000000048
					],
					[
						-98.47176615494419,
						18.603829597769344,
						1312.0645999999979
					],
					[
						-98.47197067935781,
						18.60390291116433,
						1316.264599999995
					],
					[
						-98.47207724773902,
						18.603944616130015,
						1316.7535000000062
					]
				]
			},
			"properties": {
				"OBJETO": "VECTOR",
				"Z": 0,
				"Shape_Length": 134.60288268993605
			}
		},
		{
			"type": "Feature",
			"geometry": {
				"type": "LineString",
				"coordinates": [
					[
						-98.47782054475809,
						18.603381573659348,
						1273.2657999999938
					],
					[
						-98.47800474759929,
						18.602914737387668,
						1270.9670000000042
					],
					[
						-98.47811603464075,
						18.602632694605916,
						1268.914300000004
					]
				]
			},
			"properties": {
				"OBJETO": "VECTOR",
				"Z": 0,
				"Shape_Length": 88.53168275421774
			}
		},
		{
			"type": "Feature",
			"geometry": {
				"type": "LineString",
				"coordinates": [
					[
						-98.47514450557259,
						18.607355530393153,
						1353.1889999999985
					],
					[
						-98.47507225853765,
						18.607298030996574,
						1353.4032000000007
					],
					[
						-98.47465047319298,
						18.606957976803685,
						1348.6031999999977
					]
				]
			},
			"properties": {
				"OBJETO": "VECTOR",
				"Z": 0,
				"Shape_Length": 68.20150856778851
			}
		},
		{
			"type": "Feature",
			"geometry": {
				"type": "LineString",
				"coordinates": [
					[
						-98.4721017833317,
						18.60203295508723,
						1279.2785000000003
					],
					[
						-98.47195118382595,
						18.602011905037486,
						1280.967399999994
					],
					[
						-98.4718379569253,
						18.602007245831256,
						1282.523000000001
					],
					[
						-98.4717331526351,
						18.602023775255724,
						1283.1006999999954
					],
					[
						-98.47158523582306,
						18.602068060680963,
						1284.0341000000044
					]
				]
			},
			"properties": {
				"OBJETO": "VECTOR",
				"Z": 0,
				"Shape_Length": 55.5789935957452
			}
		},
		{
			"type": "Feature",
			"geometry": {
				"type": "LineString",
				"coordinates": [
					[
						-98.47647713896737,
						18.60218918103684,
						1267.7226999999984
					],
					[
						-98.47630438293602,
						18.602574081933408,
						1268.5227000000014
					],
					[
						-98.47607362368734,
						18.60308596939269,
						1272.211500000005
					],
					[
						-98.47607362368734,
						18.60308596939269,
						1272.211500000005
					]
				]
			},
			"properties": {
				"OBJETO": "VECTOR",
				"Z": 0,
				"Shape_Length": 107.97388236739326
			}
		},
		{
			"type": "Feature",
			"geometry": {
				"type": "LineString",
				"coordinates": [
					[
						-98.4766070457253,
						18.602946351500087,
						1270.9737000000023
					],
					[
						-98.47662244364695,
						18.60294190548425,
						1270.959600000002
					]
				]
			},
			"properties": {
				"OBJETO": "VECTOR",
				"Z": 0,
				"Shape_Length": 1.697348416692132
			}
		},
		{
			"type": "Feature",
			"geometry": {
				"type": "LineString",
				"coordinates": [
					[
						-98.47966520042024,
						18.607385335729486,
						1327.5380000000005
					],
					[
						-98.47981132606401,
						18.60724045062222,
						1322.2896000000037
					],
					[
						-98.47999121254348,
						18.607069253036713,
						1317.1561999999976
					],
					[
						-98.4801006697188,
						18.606962512547867,
						1310.4896000000008
					],
					[
						-98.48019492805702,
						18.606871506049664,
						1307.2896000000037
					],
					[
						-98.48038110084703,
						18.606699824695966,
						1306.8228999999992
					],
					[
						-98.4804131654969,
						18.60667025586019,
						1306.742499999993
					]
				]
			},
			"properties": {
				"OBJETO": "VECTOR",
				"Z": 0,
				"Shape_Length": 111.75467572264141
			}
		},
		{
			"type": "Feature",
			"geometry": {
				"type": "LineString",
				"coordinates": [
					[
						-98.47919732999615,
						18.604227750840536,
						1279.417499999996
					],
					[
						-98.47931857025918,
						18.603915407157185,
						1277.322199999995
					],
					[
						-98.479322536108,
						18.60390458294279,
						1277.2546000000002
					]
				]
			},
			"properties": {
				"OBJETO": "VECTOR",
				"Z": 0,
				"Shape_Length": 38.11966962437578
			}
		},
		{
			"type": "Feature",
			"geometry": {
				"type": "LineString",
				"coordinates": [
					[
						-98.47476748496194,
						18.60609495741704,
						1316.8846000000049
					],
					[
						-98.47478218537617,
						18.606043625695502,
						1316.1735000000044
					],
					[
						-98.47480547919935,
						18.605882520156005,
						1311.6698000000033
					],
					[
						-98.4748071754968,
						18.605872844764896,
						1311.3862999999983
					],
					[
						-98.4748288806221,
						18.60574904233081,
						1307.7587000000058
					],
					[
						-98.47485872021836,
						18.605595372200757,
						1306.6919999999955
					],
					[
						-98.47490543177699,
						18.605468154108397,
						1303.966100000005
					]
				]
			},
			"properties": {
				"OBJETO": "VECTOR",
				"Z": 0,
				"Shape_Length": 71.06224677099976
			}
		},
		{
			"type": "Feature",
			"geometry": {
				"type": "LineString",
				"coordinates": [
					[
						-98.47238785874872,
						18.602831193608928,
						1288.569199999998
					],
					[
						-98.4723700455035,
						18.602819734738198,
						1288.6242000000057
					],
					[
						-98.47233032395431,
						18.602794182723535,
						1288.747000000003
					],
					[
						-98.47221293330684,
						18.60274902463624,
						1290.2581000000064
					],
					[
						-98.47207483314169,
						18.602680667434633,
						1290.7024999999994
					],
					[
						-98.47199371063076,
						18.60263502538759,
						1289.991399999999
					]
				]
			},
			"properties": {
				"OBJETO": "VECTOR",
				"Z": 0,
				"Shape_Length": 47.030440465748825
			}
		},
		{
			"type": "Feature",
			"geometry": {
				"type": "LineString",
				"coordinates": [
					[
						-98.47132053693377,
						18.60442106683273,
						1296.8623999999982
					],
					[
						-98.47132791356346,
						18.604462201513073,
						1296.5994999999966
					],
					[
						-98.47134435350134,
						18.604570899995974,
						1294.6242000000057
					],
					[
						-98.47134693423585,
						18.604587963426376,
						1294.7822000000015
					]
				]
			},
			"properties": {
				"OBJETO": "VECTOR",
				"Z": 0,
				"Shape_Length": 18.676668213439733
			}
		},
		{
			"type": "Feature",
			"geometry": {
				"type": "LineString",
				"coordinates": [
					[
						-98.47289455013542,
						18.602138613218845,
						1274.635699999999
					],
					[
						-98.47283031786034,
						18.60209053682744,
						1274.5402999999933
					],
					[
						-98.47271507361786,
						18.6020042790217,
						1274.3690999999963
					],
					[
						-98.47254453630258,
						18.601879857202327,
						1274.7246000000014
					],
					[
						-98.47233339432557,
						18.601733078984836,
						1274.9912999999942
					],
					[
						-98.47221148797519,
						18.601648333906823,
						1274.9912999999942
					]
				]
			},
			"properties": {
				"OBJETO": "VECTOR",
				"Z": 1274.36914,
				"Shape_Length": 90.21109760159486
			}
		},
		{
			"type": "Feature",
			"geometry": {
				"type": "LineString",
				"coordinates": [
					[
						-98.47089643099018,
						18.603830183617276,
						1286.9312999999966
					],
					[
						-98.47089970706618,
						18.60380225278121,
						1286.801099999997
					]
				]
			},
			"properties": {
				"OBJETO": "VECTOR",
				"Z": 0,
				"Shape_Length": 3.109740277386659
			}
		},
		{
			"type": "Feature",
			"geometry": {
				"type": "LineString",
				"coordinates": [
					[
						-98.47331563743623,
						18.602187324528618,
						1272.4101999999984
					],
					[
						-98.47361630378366,
						18.602385290840775,
						1272.499100000001
					],
					[
						-98.4737598593946,
						18.60248047888684,
						1272.6285000000062
					],
					[
						-98.47385802644136,
						18.60254557081657,
						1272.7170000000042
					],
					[
						-98.4739862087801,
						18.602630564929367,
						1272.832500000004
					],
					[
						-98.47430455220217,
						18.602789321045133,
						1273.1116000000038
					],
					[
						-98.47444249436008,
						18.60285811178504,
						1273.2324999999983
					],
					[
						-98.47498408089781,
						18.603117772597013,
						1272.4238999999943
					],
					[
						-98.47511230794963,
						18.60317925004081,
						1272.2324999999983
					],
					[
						-98.47521533288806,
						18.60319107979827,
						1272.2324999999983
					],
					[
						-98.47540595941696,
						18.603212968186867,
						1272.2324999999983
					],
					[
						-98.47547530116395,
						18.60319977856628,
						1272.1711000000068
					],
					[
						-98.47607362368734,
						18.60308596939269,
						1271.6410000000033
					],
					[
						-98.47621980512159,
						18.60305816335957,
						1271.5114999999932
					]
				]
			},
			"properties": {
				"OBJETO": "VECTOR",
				"Z": 0,
				"Shape_Length": 338.26259785516794
			}
		},
		{
			"type": "Feature",
			"geometry": {
				"type": "LineString",
				"coordinates": [
					[
						-98.4755700872023,
						18.605986532760213,
						1307.3552999999956
					],
					[
						-98.47557404088904,
						18.606031423956175,
						1307.8294000000024
					],
					[
						-98.47557087468681,
						18.606130421062467,
						1309.873900000006
					]
				]
			},
			"properties": {
				"OBJETO": "VECTOR",
				"Z": 0,
				"Shape_Length": 15.943429091935695
			}
		},
		{
			"type": "Feature",
			"geometry": {
				"type": "LineString",
				"coordinates": [
					[
						-98.4732850144241,
						18.602940127660332,
						1280.7773000000016
					],
					[
						-98.47324694131048,
						18.603157195449953,
						1283.0883999999933
					],
					[
						-98.47320917788753,
						18.603361330715476,
						1286.0513999999966
					],
					[
						-98.47320917788753,
						18.603361330715476,
						1286.0513999999966
					]
				]
			},
			"properties": {
				"OBJETO": "VECTOR",
				"Z": 0,
				"Shape_Length": 47.28723195518483
			}
		},
		{
			"type": "Feature",
			"geometry": {
				"type": "LineString",
				"coordinates": [
					[
						-98.47250565034716,
						18.605824995003623,
						1325.1083999999973
					],
					[
						-98.47257783118006,
						18.60587055976019,
						1326.8861999999936
					],
					[
						-98.4727262223004,
						18.605936805646806,
						1330.6195000000007
					],
					[
						-98.47295766797087,
						18.606047097944934,
						1334.7084000000032
					],
					[
						-98.473200261806,
						18.606162702295595,
						1340.2195000000065
					],
					[
						-98.4732064300381,
						18.6061305207174,
						1339.7734999999957
					],
					[
						-98.47322976433637,
						18.60600877833301,
						1338.0862000000052
					],
					[
						-98.47329344231964,
						18.60567654926652,
						1332.0418000000063
					],
					[
						-98.47335075402499,
						18.605377533962283,
						1327.2418000000034
					]
				]
			},
			"properties": {
				"OBJETO": "VECTOR",
				"Z": 0,
				"Shape_Length": 170.6435447511089
			}
		},
		{
			"type": "Feature",
			"geometry": {
				"type": "LineString",
				"coordinates": [
					[
						-98.47238785874872,
						18.602831193608928,
						1288.191399999996
					],
					[
						-98.47222292620536,
						18.602865997275895,
						1288.2802999999985
					],
					[
						-98.47198499864368,
						18.602914285887824,
						1287.0359000000026
					]
				]
			},
			"properties": {
				"OBJETO": "VECTOR",
				"Z": 0,
				"Shape_Length": 43.48556147175983
			}
		},
		{
			"type": "Feature",
			"geometry": {
				"type": "LineString",
				"coordinates": [
					[
						-98.4708962978063,
						18.603831319102568,
						1286.936600000001
					],
					[
						-98.47089643099018,
						18.603830183617276,
						1286.9312999999966
					]
				]
			},
			"properties": {
				"OBJETO": "VECTOR",
				"Z": 0,
				"Shape_Length": 0.12642172052366885
			}
		},
		{
			"type": "Feature",
			"geometry": {
				"type": "LineString",
				"coordinates": [
					[
						-98.47152377983504,
						18.605163269567477,
						1304.4330999999947
					],
					[
						-98.47152470515668,
						18.605130222210295,
						1304.4293999999936
					],
					[
						-98.47137981676448,
						18.605108236668553,
						1298.5405000000028
					],
					[
						-98.4713030455581,
						18.605092476336164,
						1295.2069000000047
					],
					[
						-98.47123447578208,
						18.605078399643535,
						1292.2293999999965
					],
					[
						-98.47105263438758,
						18.60503990047944,
						1287.3754999999946
					]
				]
			},
			"properties": {
				"OBJETO": "VECTOR",
				"Z": 0,
				"Shape_Length": 54.47224942583519
			}
		},
		{
			"type": "Feature",
			"geometry": {
				"type": "LineString",
				"coordinates": [
					[
						-98.47848207351711,
						18.606155523005892,
						1299.5152999999991
					],
					[
						-98.47844308120597,
						18.606261381221998,
						1301.737599999993
					],
					[
						-98.47841000194308,
						18.606359567646543,
						1303.6042000000016
					]
				]
			},
			"properties": {
				"OBJETO": "VECTOR",
				"Z": 0,
				"Shape_Length": 23.825107113207405
			}
		},
		{
			"type": "Feature",
			"geometry": {
				"type": "LineString",
				"coordinates": [
					[
						-98.475426352245,
						18.605106912978,
						1290.9244000000035
					],
					[
						-98.47543881701351,
						18.605074686131292,
						1290.4627999999939
					],
					[
						-98.47560534104448,
						18.604665430289167,
						1284.0627999999997
					],
					[
						-98.47573551896268,
						18.604345498517347,
						1280.1515999999974
					]
				]
			},
			"properties": {
				"OBJETO": "VECTOR",
				"Z": 0,
				"Shape_Length": 90.34250035813676
			}
		},
		{
			"type": "Feature",
			"geometry": {
				"type": "LineString",
				"coordinates": [
					[
						-98.47662892397427,
						18.601820946949168,
						1268.1674000000057
					],
					[
						-98.4765121636046,
						18.601864635682734,
						1267.9306999999972
					],
					[
						-98.47651202960431,
						18.601864687618036,
						1267.9303999999975
					]
				]
			},
			"properties": {
				"OBJETO": "VECTOR",
				"Z": 0,
				"Shape_Length": 13.248221196282007
			}
		},
		{
			"type": "Feature",
			"geometry": {
				"type": "LineString",
				"coordinates": [
					[
						-98.47289455013542,
						18.602138613218845,
						1274.3435999999929
					],
					[
						-98.4729992515928,
						18.602216173415822,
						1274.254700000005
					],
					[
						-98.47321588059587,
						18.602346000372513,
						1273.7213000000047
					],
					[
						-98.47353954152358,
						18.60252966221272,
						1273.5880000000034
					],
					[
						-98.47362400168659,
						18.60254873373617,
						1273.321299999996
					],
					[
						-98.47369357872846,
						18.602513778282052,
						1272.9658000000054
					],
					[
						-98.4737598593946,
						18.60248047888684,
						1272.6285000000062
					]
				]
			},
			"properties": {
				"OBJETO": "VECTOR",
				"Z": 0,
				"Shape_Length": 106.07671302945043
			}
		},
		{
			"type": "Feature",
			"geometry": {
				"type": "LineString",
				"coordinates": [
					[
						-98.47068478127257,
						18.603950332824805,
						1282.4428999999946
					],
					[
						-98.47068549391287,
						18.603908487311454,
						1282.2651999999944
					],
					[
						-98.47056863711701,
						18.60390667801097,
						1281.9162999999971
					]
				]
			},
			"properties": {
				"OBJETO": "VECTOR",
				"Z": 0,
				"Shape_Length": 16.96078070820323
			}
		},
		{
			"type": "Feature",
			"geometry": {
				"type": "LineString",
				"coordinates": [
					[
						-98.47076637449999,
						18.603877596166555,
						1285.4551999999967
					],
					[
						-98.47079277115041,
						18.603878543257895,
						1285.5341999999946
					],
					[
						-98.47088019414437,
						18.603816173746353,
						1286.8773999999976
					],
					[
						-98.4708856343529,
						18.60381229257749,
						1286.936600000001
					],
					[
						-98.47089970706618,
						18.60380225278121,
						1286.801099999997
					]
				]
			},
			"properties": {
				"OBJETO": "VECTOR",
				"Z": 0,
				"Shape_Length": 16.877080489571192
			}
		},
		{
			"type": "Feature",
			"geometry": {
				"type": "LineString",
				"coordinates": [
					[
						-98.47098169846754,
						18.603124269551856,
						1283.4327000000048
					],
					[
						-98.47101236335786,
						18.60280497844464,
						1282.9660000000003
					]
				]
			},
			"properties": {
				"OBJETO": "VECTOR",
				"Z": 0,
				"Shape_Length": 35.476535459897306
			}
		},
		{
			"type": "Feature",
			"geometry": {
				"type": "LineString",
				"coordinates": [
					[
						-98.48009611277152,
						18.604189718571924,
						1279.2636999999959
					],
					[
						-98.48012793403684,
						18.604108649526776,
						1278.5944000000018
					],
					[
						-98.48039100635903,
						18.60343843335611,
						1273.0611000000063
					],
					[
						-98.4803915319284,
						18.603437094383448,
						1273.050000000003
					]
				]
			},
			"properties": {
				"OBJETO": "VECTOR",
				"Z": 0,
				"Shape_Length": 88.91696103542759
			}
		},
		{
			"type": "Feature",
			"geometry": {
				"type": "LineString",
				"coordinates": [
					[
						-98.47498408089781,
						18.603117772597013,
						1272.5062000000034
					],
					[
						-98.47506698009842,
						18.602979076531525,
						1270.639599999995
					],
					[
						-98.4751125338997,
						18.602906256456283,
						1270.3322000000044
					],
					[
						-98.47521185865477,
						18.60274748050709,
						1269.6618000000017
					],
					[
						-98.47545216373732,
						18.602356908705698,
						1268.9951
					],
					[
						-98.47545571125298,
						18.60231392645207,
						1268.9951
					]
				]
			},
			"properties": {
				"OBJETO": "VECTOR",
				"Z": 0,
				"Shape_Length": 102.37524654221741
			}
		},
		{
			"type": "Feature",
			"geometry": {
				"type": "LineString",
				"coordinates": [
					[
						-98.47263352486164,
						18.605034673779556,
						1326.5899000000063
					],
					[
						-98.47264748374563,
						18.60499411529679,
						1326.352899999998
					],
					[
						-98.47267306276244,
						18.60484886227257,
						1324.100999999995
					],
					[
						-98.47271297061917,
						18.60459173229533,
						1320.900999999998
					],
					[
						-98.47275608358669,
						18.604368155394866,
						1317.3454999999958
					],
					[
						-98.47278148253409,
						18.60424561228748,
						1317.1083999999973
					]
				]
			},
			"properties": {
				"OBJETO": "VECTOR",
				"Z": 0,
				"Shape_Length": 88.7547424409812
			}
		},
		{
			"type": "Feature",
			"geometry": {
				"type": "LineString",
				"coordinates": [
					[
						-98.47098169846754,
						18.603124269551856,
						1282.9354000000021
					],
					[
						-98.47091285623684,
						18.60313975019235,
						1282.637499999997
					],
					[
						-98.4707276301253,
						18.603195954064386,
						1281.7041999999929
					],
					[
						-98.47067334671674,
						18.603210429938382,
						1281.637499999997
					],
					[
						-98.4706402392641,
						18.60329896291196,
						1281.7707999999984
					],
					[
						-98.47058851956865,
						18.603605006420402,
						1281.6708000000071
					],
					[
						-98.47056336003752,
						18.603747104260584,
						1281.9168999999965
					]
				]
			},
			"properties": {
				"OBJETO": "VECTOR",
				"Z": 0,
				"Shape_Length": 94.56104651160793
			}
		},
		{
			"type": "Feature",
			"geometry": {
				"type": "LineString",
				"coordinates": [
					[
						-98.48010553475892,
						18.605900147036753,
						1296.9397999999928
					],
					[
						-98.48018732982767,
						18.605988802304115,
						1298.3175999999949
					],
					[
						-98.48027033868833,
						18.606081875489856,
						1299.473199999993
					]
				]
			},
			"properties": {
				"OBJETO": "VECTOR",
				"Z": 0,
				"Shape_Length": 26.583214885627314
			}
		},
		{
			"type": "Feature",
			"geometry": {
				"type": "LineString",
				"coordinates": [
					[
						-98.4722402192835,
						18.60658424283789,
						1319.3576999999932
					],
					[
						-98.47232887052071,
						18.606346995025085,
						1324.625199999995
					],
					[
						-98.47239881626794,
						18.606209187367444,
						1324.758600000001
					],
					[
						-98.47242368565142,
						18.606138373423118,
						1324.546199999997
					]
				]
			},
			"properties": {
				"OBJETO": "VECTOR",
				"Z": 0,
				"Shape_Length": 53.069909811642205
			}
		},
		{
			"type": "Feature",
			"geometry": {
				"type": "LineString",
				"coordinates": [
					[
						-98.47516544101252,
						18.606276415672852,
						1317.1677999999956
					],
					[
						-98.47516544101252,
						18.606276415672852,
						1317.1677999999956
					],
					[
						-98.47517538105934,
						18.60622775847998,
						1316.6937999999936
					],
					[
						-98.47518915616826,
						18.60611751144854,
						1314.4419000000053
					],
					[
						-98.47519754917965,
						18.606031961643453,
						1312.190100000007
					]
				]
			},
			"properties": {
				"OBJETO": "VECTOR",
				"Z": 0,
				"Shape_Length": 27.27694872457871
			}
		},
		{
			"type": "Feature",
			"geometry": {
				"type": "LineString",
				"coordinates": [
					[
						-98.47198499864368,
						18.602914285887824,
						1287.0708000000013
					],
					[
						-98.47121325297788,
						18.60307219938617,
						1283.9375
					],
					[
						-98.47098169846754,
						18.603124269551856,
						1282.9354000000021
					]
				]
			},
			"properties": {
				"OBJETO": "VECTOR",
				"Z": 0,
				"Shape_Length": 108.37311171946628
			}
		},
		{
			"type": "Feature",
			"geometry": {
				"type": "LineString",
				"coordinates": [
					[
						-98.48027114306696,
						18.604254233100185,
						1281.6150999999954
					],
					[
						-98.48031808048472,
						18.60427153375724,
						1281.8818000000028
					]
				]
			},
			"properties": {
				"OBJETO": "VECTOR",
				"Z": 0,
				"Shape_Length": 5.309027636515396
			}
		},
		{
			"type": "Feature",
			"geometry": {
				"type": "LineString",
				"coordinates": [
					[
						-98.47675377734707,
						18.60609305771681,
						1295.1398000000045
					],
					[
						-98.47684820668148,
						18.605838209533317,
						1291.2065000000002
					],
					[
						-98.47691593517875,
						18.605659882260092,
						1289.284599999999
					],
					[
						-98.47698329000592,
						18.605482538439333,
						1287.3732000000018
					],
					[
						-98.47722386392861,
						18.604887528478763,
						1284.3046999999933
					],
					[
						-98.47727076364446,
						18.604771531167984,
						1283.7065000000002
					]
				]
			},
			"properties": {
				"OBJETO": "VECTOR",
				"Z": 0,
				"Shape_Length": 156.0757970483702
			}
		},
		{
			"type": "Feature",
			"geometry": {
				"type": "LineString",
				"coordinates": [
					[
						-98.47801553056009,
						18.602297712128063,
						1267.5213999999978
					],
					[
						-98.47790464275201,
						18.60253004764696,
						1268.1435999999958
					]
				]
			},
			"properties": {
				"OBJETO": "VECTOR",
				"Z": 0,
				"Shape_Length": 28.244052440120157
			}
		},
		{
			"type": "Feature",
			"geometry": {
				"type": "LineString",
				"coordinates": [
					[
						-98.4761903543591,
						18.606254663593077,
						1303.4293999999936
					],
					[
						-98.47601199622504,
						18.606179363483083,
						1305.0293999999994
					],
					[
						-98.47599911479819,
						18.606173319145704,
						1305.0777999999991
					],
					[
						-98.47587000812244,
						18.606112738493955,
						1305.5627999999997
					]
				]
			},
			"properties": {
				"OBJETO": "VECTOR",
				"Z": 0,
				"Shape_Length": 37.273997426628725
			}
		},
		{
			"type": "Feature",
			"geometry": {
				"type": "LineString",
				"coordinates": [
					[
						-98.47518171043906,
						18.605837044524623,
						1303.9738999999972
					],
					[
						-98.47520376819965,
						18.605709142306953,
						1302.196100000001
					],
					[
						-98.47522274551291,
						18.605633322996024,
						1301.4850000000006
					],
					[
						-98.4752947879453,
						18.605447063074237,
						1295.7961000000068
					],
					[
						-98.475426352245,
						18.605106912978,
						1290.9244000000035
					]
				]
			},
			"properties": {
				"OBJETO": "VECTOR",
				"Z": 0,
				"Shape_Length": 85.04737606266347
			}
		},
		{
			"type": "Feature",
			"geometry": {
				"type": "LineString",
				"coordinates": [
					[
						-98.47661738282139,
						18.60642702415984,
						1300.664699999994
					],
					[
						-98.476659162843,
						18.606444361612315,
						1300.4869999999937
					],
					[
						-98.47680633941064,
						18.606521019577766,
						1298.1313999999984
					],
					[
						-98.47692642976502,
						18.60657741709825,
						1297.5092000000004
					],
					[
						-98.47694233132789,
						18.606584958845623,
						1297.567200000005
					],
					[
						-98.47707269513077,
						18.606646787338725,
						1298.042499999996
					],
					[
						-98.47716911824324,
						18.606691658416782,
						1300.9758000000002
					],
					[
						-98.47727515022515,
						18.60674084057802,
						1304.8870000000024
					],
					[
						-98.47737423090398,
						18.606783441539097,
						1309.8647000000055
					],
					[
						-98.47738073459224,
						18.606786619554768,
						1310.1435000000056
					],
					[
						-98.47739651224936,
						18.606794329277342,
						1310.820000000007
					],
					[
						-98.47740740522548,
						18.606799652108503,
						1311.2869999999966
					],
					[
						-98.47750030519744,
						18.606835474272756,
						1315.6425000000017
					],
					[
						-98.47758323338249,
						18.60686411139048,
						1319.3757999999943
					],
					[
						-98.47766338158748,
						18.606893998630124,
						1324.4425000000047
					],
					[
						-98.47772327428939,
						18.60687879179102,
						1324.8870000000024
					],
					[
						-98.47783214539004,
						18.606841284627645,
						1324.620299999995
					],
					[
						-98.47790119122158,
						18.60681749761906,
						1324.5017999999982
					]
				]
			},
			"properties": {
				"OBJETO": "VECTOR",
				"Z": 0,
				"Shape_Length": 148.46789201487925
			}
		},
		{
			"type": "Feature",
			"geometry": {
				"type": "LineString",
				"coordinates": [
					[
						-98.47067357006156,
						18.604608638848607,
						1283.3999999999942
					],
					[
						-98.47068478127257,
						18.603950332824805,
						1282.6411999999982
					]
				]
			},
			"properties": {
				"OBJETO": "VECTOR",
				"Z": 0,
				"Shape_Length": 72.84943570237037
			}
		},
		{
			"type": "Feature",
			"geometry": {
				"type": "LineString",
				"coordinates": [
					[
						-98.4775251152338,
						18.6041302924156,
						1278.8699000000051
					],
					[
						-98.47833777096893,
						18.604414453389513,
						1280.0699000000022
					],
					[
						-98.47903520840298,
						18.604658322505898,
						1283.192200000005
					],
					[
						-98.47978220735892,
						18.6049195179161,
						1283.8588000000018
					]
				]
			},
			"properties": {
				"OBJETO": "VECTOR",
				"Z": 0,
				"Shape_Length": 253.6304744246513
			}
		},
		{
			"type": "Feature",
			"geometry": {
				"type": "LineString",
				"coordinates": [
					[
						-98.47320031317875,
						18.606162670106247,
						1340.0629000000044
					],
					[
						-98.4731201363792,
						18.606497858850783,
						1342.0185000000056
					],
					[
						-98.47305019257864,
						18.606707271585318,
						1342.1073000000033
					],
					[
						-98.47294914684677,
						18.60690080453653,
						1339.432799999995
					]
				]
			},
			"properties": {
				"OBJETO": "VECTOR",
				"Z": 0,
				"Shape_Length": 86.27824224023911
			}
		},
		{
			"type": "Feature",
			"geometry": {
				"type": "LineString",
				"coordinates": [
					[
						-98.47727076364446,
						18.604771531167984,
						1283.685599999997
					],
					[
						-98.4775251152338,
						18.6041302924156,
						1279.2189999999973
					]
				]
			},
			"properties": {
				"OBJETO": "VECTOR",
				"Z": 0,
				"Shape_Length": 75.85617015661163
			}
		},
		{
			"type": "Feature",
			"geometry": {
				"type": "LineString",
				"coordinates": [
					[
						-98.4739939055817,
						18.60620513648111,
						1337.5332999999955
					],
					[
						-98.47394854646626,
						18.606459338396444,
						1345.977700000003
					]
				]
			},
			"properties": {
				"OBJETO": "VECTOR",
				"Z": 0,
				"Shape_Length": 28.530939334048124
			}
		},
		{
			"type": "Feature",
			"geometry": {
				"type": "LineString",
				"coordinates": [
					[
						-98.47127106181762,
						18.60573077024192,
						1294.5636999999988
					],
					[
						-98.47126389106477,
						18.605632895108,
						1294.800700000007
					],
					[
						-98.47126601445927,
						18.60556605197921,
						1294.5636999999988
					],
					[
						-98.47127999454426,
						18.60545478409458,
						1294.800700000007
					],
					[
						-98.47129926404119,
						18.605274037049668,
						1294.800700000007
					],
					[
						-98.47129801761899,
						18.605173512709804,
						1295.0377000000008
					],
					[
						-98.4713030455581,
						18.605092476336164,
						1295.0377000000008
					]
				]
			},
			"properties": {
				"OBJETO": "VECTOR",
				"Z": 0,
				"Shape_Length": 70.86287179649193
			}
		},
		{
			"type": "Feature",
			"geometry": {
				"type": "LineString",
				"coordinates": [
					[
						-98.47795661070899,
						18.60128757153283,
						1265.4612999999954
					],
					[
						-98.47775519125712,
						18.60133908023146,
						1266.409400000004
					],
					[
						-98.47771936202403,
						18.60136346503753,
						1266.1723999999958
					],
					[
						-98.47754845291027,
						18.60141860088885,
						1266.5674
					],
					[
						-98.47737223153663,
						18.601472280155434,
						1266.9226999999955
					],
					[
						-98.47737208773911,
						18.60147232395786,
						1266.9229999999952
					],
					[
						-98.4773378453475,
						18.601548084169423,
						1266.9229999999952
					],
					[
						-98.47725862795039,
						18.60172334986975,
						1266.9229999999952
					],
					[
						-98.47701412944735,
						18.6022303138907,
						1268.345199999996
					]
				]
			},
			"properties": {
				"OBJETO": "VECTOR",
				"Z": 0,
				"Shape_Length": 157.199779104061
			}
		},
		{
			"type": "Feature",
			"geometry": {
				"type": "LineString",
				"coordinates": [
					[
						-98.47593438247341,
						18.602195720960797,
						1267.9449000000022
					],
					[
						-98.47556541849151,
						18.602998447837567,
						1270.3003999999928
					],
					[
						-98.47547530116395,
						18.60319977856628,
						1272.167100000006
					],
					[
						-98.47547530116395,
						18.60319977856628,
						1272.167100000006
					]
				]
			},
			"properties": {
				"OBJETO": "VECTOR",
				"Z": 0,
				"Shape_Length": 121.1957427517819
			}
		},
		{
			"type": "Feature",
			"geometry": {
				"type": "LineString",
				"coordinates": [
					[
						-98.47573551896268,
						18.604345498517347,
						1280.0553000000073
					],
					[
						-98.47573167808535,
						18.604344122807664,
						1280.0516999999963
					]
				]
			},
			"properties": {
				"OBJETO": "VECTOR",
				"Z": 0,
				"Shape_Length": 0.4328604206866586
			}
		},
		{
			"type": "Feature",
			"geometry": {
				"type": "LineString",
				"coordinates": [
					[
						-98.47227920375444,
						18.60237961986898,
						1284.936400000006
					],
					[
						-98.47233926371617,
						18.602286563271687,
						1282.6252999999997
					],
					[
						-98.47237630948852,
						18.602226760530588,
						1279.7939999999944
					],
					[
						-98.47241019330258,
						18.602170546770623,
						1278.9248999999982
					]
				]
			},
			"properties": {
				"OBJETO": "VECTOR",
				"Z": 0,
				"Shape_Length": 26.949041707422662
			}
		},
		{
			"type": "Feature",
			"geometry": {
				"type": "LineString",
				"coordinates": [
					[
						-98.47475013926082,
						18.606950441238677,
						1347.4475999999995
					],
					[
						-98.47469376827947,
						18.606916871245655,
						1347.5498999999982
					],
					[
						-98.47455426194715,
						18.606833792439637,
						1347.8031999999948
					],
					[
						-98.47421197605826,
						18.606656355281284,
						1348.9587000000029
					],
					[
						-98.47393546324793,
						18.60652211646042,
						1349.3142999999982
					]
				]
			},
			"properties": {
				"OBJETO": "VECTOR",
				"Z": 0,
				"Shape_Length": 98.20251474938271
			}
		},
		{
			"type": "Feature",
			"geometry": {
				"type": "LineString",
				"coordinates": [
					[
						-98.47696484002236,
						18.60090237020234,
						1266.5576
					],
					[
						-98.47702642002305,
						18.60098013160795,
						1265.846399999995
					],
					[
						-98.4771850987956,
						18.6010322210534,
						1265.846399999995
					],
					[
						-98.47737399637377,
						18.601089751639094,
						1265.846399999995
					],
					[
						-98.47755730204835,
						18.60113641010289,
						1265.846399999995
					],
					[
						-98.47766814554673,
						18.601163390469566,
						1265.846399999995
					],
					[
						-98.47780865239474,
						18.601203038829535,
						1265.846399999995
					],
					[
						-98.47796542021631,
						18.601263317105335,
						1265.4569999999949
					],
					[
						-98.47799946332853,
						18.601276406886946,
						1265.372399999993
					],
					[
						-98.47816867643495,
						18.6012952560091,
						1264.9428999999946
					],
					[
						-98.47818623808864,
						18.601297212241985,
						1264.8983000000007
					],
					[
						-98.47848116178335,
						18.601337933412,
						1264.8983000000007
					],
					[
						-98.4785898958796,
						18.601352946596815,
						1264.8983000000007
					],
					[
						-98.4787502405089,
						18.601378222170347,
						1264.5427000000054
					],
					[
						-98.47893266176294,
						18.60143188449231,
						1264.8983000000007
					],
					[
						-98.4789332903346,
						18.601432115891082,
						1264.8983000000007
					],
					[
						-98.4791717407799,
						18.6015198974696,
						1264.8983000000007
					],
					[
						-98.47936495582924,
						18.60159292486619,
						1264.8983000000007
					],
					[
						-98.47944155750389,
						18.601621877098626,
						1264.8983000000007
					],
					[
						-98.47978009500355,
						18.60174921814298,
						1265.2283000000025
					],
					[
						-98.47980627811044,
						18.60175906689824,
						1265.2538000000059
					],
					[
						-98.48015099390193,
						18.60189554417001,
						1265.7872000000061
					],
					[
						-98.48023806499627,
						18.601942751435903,
						1265.7872000000061
					],
					[
						-98.48032938620597,
						18.6019157983245,
						1265.7872000000061
					]
				]
			},
			"properties": {
				"OBJETO": "VECTOR",
				"Z": 0,
				"Shape_Length": 377.8709325973166
			}
		},
		{
			"type": "Feature",
			"geometry": {
				"type": "LineString",
				"coordinates": [
					[
						-98.4759623898565,
						18.605915904440465,
						1300.2404999999999
					],
					[
						-98.47601290826206,
						18.60574308364158,
						1296.3294000000024
					],
					[
						-98.47602817155162,
						18.605691084503626,
						1295.290399999998
					]
				]
			},
			"properties": {
				"OBJETO": "VECTOR",
				"Z": 0,
				"Shape_Length": 25.825647778721
			}
		},
		{
			"type": "Feature",
			"geometry": {
				"type": "LineString",
				"coordinates": [
					[
						-98.479322536108,
						18.60390458294279,
						1277.0325000000012
					],
					[
						-98.47848312666167,
						18.60361229354831,
						1274.3659000000043
					],
					[
						-98.47782054475809,
						18.603381573659348,
						1273.3880999999965
					]
				]
			},
			"properties": {
				"OBJETO": "VECTOR",
				"Z": 0,
				"Shape_Length": 168.6971680331587
			}
		},
		{
			"type": "Feature",
			"geometry": {
				"type": "LineString",
				"coordinates": [
					[
						-98.47238785874872,
						18.602831193608928,
						1288.2461999999941
					],
					[
						-98.47239056640832,
						18.60283282009963,
						1288.2209000000003
					],
					[
						-98.47257549279674,
						18.602846871268785,
						1287.1542000000045
					],
					[
						-98.47283562916134,
						18.602881399457072,
						1285.065300000002
					],
					[
						-98.47310545559135,
						18.602914546016947,
						1282.4946999999956
					],
					[
						-98.47316451475574,
						18.60292180102826,
						1281.9320000000007
					],
					[
						-98.4732850144241,
						18.602940127660332,
						1280.9458000000013
					],
					[
						-98.47381291373982,
						18.603020414203904,
						1276.625199999995
					]
				]
			},
			"properties": {
				"OBJETO": "VECTOR",
				"Z": 0,
				"Shape_Length": 151.87478831403212
			}
		},
		{
			"type": "Feature",
			"geometry": {
				"type": "LineString",
				"coordinates": [
					[
						-98.47228514255886,
						18.60135849001973,
						1272.5331000000006
					],
					[
						-98.47191987001706,
						18.601407228550904,
						1273.7997000000032
					]
				]
			},
			"properties": {
				"OBJETO": "VECTOR",
				"Z": 1272.53308,
				"Shape_Length": 38.91248979086
			}
		},
		{
			"type": "Feature",
			"geometry": {
				"type": "LineString",
				"coordinates": [
					[
						-98.47929047856934,
						18.60731746849338,
						1327.5258999999933
					],
					[
						-98.47911563267654,
						18.60715460212309,
						1324.1812000000064
					],
					[
						-98.47899633367426,
						18.607040665879996,
						1321.7811999999976
					],
					[
						-98.47894943247923,
						18.606995872937848,
						1320.9811999999947
					]
				]
			},
			"properties": {
				"OBJETO": "VECTOR",
				"Z": 0,
				"Shape_Length": 50.60477864811476
			}
		},
		{
			"type": "Feature",
			"geometry": {
				"type": "LineString",
				"coordinates": [
					[
						-98.47060520708365,
						18.605012513368692,
						1284.0117000000027
					],
					[
						-98.47066704445395,
						18.60499180881748,
						1284.0746000000072
					]
				]
			},
			"properties": {
				"OBJETO": "VECTOR",
				"Z": 0,
				"Shape_Length": 6.914377372521104
			}
		},
		{
			"type": "Feature",
			"geometry": {
				"type": "LineString",
				"coordinates": [
					[
						-98.4713070870574,
						18.60226864154816,
						1284.3316999999952
					],
					[
						-98.47126598914441,
						18.602246415050633,
						1283.4872999999934
					]
				]
			},
			"properties": {
				"OBJETO": "VECTOR",
				"Z": 0,
				"Shape_Length": 4.984789204484717
			}
		},
		{
			"type": "Feature",
			"geometry": {
				"type": "LineString",
				"coordinates": [
					[
						-98.47612151701358,
						18.605365936414728,
						1290.6650999999983
					],
					[
						-98.47610607776912,
						18.60536014681809,
						1290.6738999999943
					],
					[
						-98.47563299467859,
						18.605176963764098,
						1291.2961000000068
					],
					[
						-98.475426352245,
						18.605106912978,
						1290.940499999997
					]
				]
			},
			"properties": {
				"OBJETO": "VECTOR",
				"Z": 0,
				"Shape_Length": 78.75654043578471
			}
		},
		{
			"type": "Feature",
			"geometry": {
				"type": "LineString",
				"coordinates": [
					[
						-98.47243802821711,
						18.602180788307205,
						1278.8959999999934
					],
					[
						-98.47241019330258,
						18.602170546770623,
						1278.9109000000026
					],
					[
						-98.47210519127428,
						18.602058324435365,
						1279.0737999999983
					],
					[
						-98.4721017833317,
						18.60203295508723,
						1278.8598000000056
					],
					[
						-98.47207193332952,
						18.601810745915643,
						1276.9848999999958
					],
					[
						-98.47206766242417,
						18.60175046080701,
						1276.9848999999958
					],
					[
						-98.4720666573915,
						18.601721073610907,
						1276.9848999999958
					],
					[
						-98.47207036146062,
						18.60170429139117,
						1276.9848999999958
					],
					[
						-98.47207727258548,
						18.601688970106192,
						1276.9848999999958
					],
					[
						-98.47209580508225,
						18.6016692387466,
						1276.6294000000053
					],
					[
						-98.47210694738419,
						18.6016645910809,
						1276.6294000000053
					],
					[
						-98.47212006867197,
						18.601663500185122,
						1276.6294000000053
					],
					[
						-98.47216543107649,
						18.601660998511605,
						1275.562699999995
					],
					[
						-98.47218451416411,
						18.601659548690023,
						1275.562699999995
					],
					[
						-98.47220746603334,
						18.601651008547726,
						1275.2070999999996
					],
					[
						-98.47221148797519,
						18.601648333906823,
						1275.2070999999996
					],
					[
						-98.4722170507295,
						18.601644634606405,
						1275.2070999999996
					],
					[
						-98.47222733633814,
						18.601633904823167,
						1275.2070999999996
					],
					[
						-98.47232557649784,
						18.60151248564105,
						1273.456600000005
					],
					[
						-98.47232876840458,
						18.601508540624213,
						1273.3996999999945
					],
					[
						-98.47228514255886,
						18.60135849001973,
						1272.7330999999976
					],
					[
						-98.47280029211213,
						18.601291174723716,
						1271.2663999999932
					],
					[
						-98.47357926954666,
						18.601188456726565,
						1269.3996999999945
					],
					[
						-98.47444878179311,
						18.601073796607437,
						1268.3331000000035
					],
					[
						-98.47537279635625,
						18.60095003884058,
						1267.1331000000064
					],
					[
						-98.47607849878823,
						18.600859587050383,
						1266.4664000000048
					]
				]
			},
			"properties": {
				"OBJETO": "VECTOR",
				"Z": 1266.46643,
				"Shape_Length": 535.5411573108726
			}
		},
		{
			"type": "Feature",
			"geometry": {
				"type": "LineString",
				"coordinates": [
					[
						-98.47335075402499,
						18.605377533962283,
						1327.2418000000034
					],
					[
						-98.47334244130188,
						18.6053737553821,
						1327.2418000000034
					]
				]
			},
			"properties": {
				"OBJETO": "VECTOR",
				"Z": 0,
				"Shape_Length": 0.9715492413231027
			}
		},
		{
			"type": "Feature",
			"geometry": {
				"type": "LineString",
				"coordinates": [
					[
						-98.47250565034716,
						18.605824995003623,
						1325.0602999999974
					],
					[
						-98.47244445980645,
						18.606074704583396,
						1325.0602999999974
					],
					[
						-98.47242368565142,
						18.606138373423118,
						1325.0602999999974
					]
				]
			},
			"properties": {
				"OBJETO": "VECTOR",
				"Z": 0,
				"Shape_Length": 35.751673798096576
			}
		},
		{
			"type": "Feature",
			"geometry": {
				"type": "MultiLineString",
				"coordinates": [
					[
						[
							-98.47803993916146,
							18.607433345457213,
							1341.3934000000008
						],
						[
							-98.47802268466762,
							18.6074086489954,
							1340.8432999999932
						],
						[
							-98.4779663365742,
							18.6073235047634,
							1338.5322000000015
						],
						[
							-98.47790664586013,
							18.607280762246894,
							1336.7988000000041
						],
						[
							-98.47785241194691,
							18.607243564896535,
							1335.3322000000044
						],
						[
							-98.47780539373812,
							18.607201354145932,
							1333.9321999999956
						],
						[
							-98.47775577754781,
							18.607144701370107,
							1332.1098999999958
						],
						[
							-98.47772983160087,
							18.6071087140232,
							1331.309899999993
						],
						[
							-98.47772385494305,
							18.607095202832802,
							1330.9958399999946
						],
						[
							-98.47772026001753,
							18.607080872821804,
							1330.6817799999963
						],
						[
							-98.47771915129466,
							18.607066140427623,
							1330.367719999998
						],
						[
							-98.47772056099451,
							18.60705143378113,
							1330.0536599999996
						],
						[
							-98.47772444815048,
							18.60703718026496,
							1329.7396000000008
						],
						[
							-98.47775221649326,
							18.606998971282383,
							1329.7988000000041
						],
						[
							-98.47779569128382,
							18.60695100848263,
							1327.7247999999963
						],
						[
							-98.47787414818026,
							18.606852225578677,
							1325.0285000000003
						],
						[
							-98.47790119122158,
							18.60681749761906,
							1324.4507000000012
						],
						[
							-98.47791575205585,
							18.606798798972502,
							1324.139599999995
						],
						[
							-98.47797630129043,
							18.60673981217233,
							1322.3396000000066
						],
						[
							-98.47807988504722,
							18.60666417334964,
							1319.5396000000037
						],
						[
							-98.47828634232715,
							18.606556478675447,
							1314.2396000000008
						],
						[
							-98.47847117982236,
							18.606456408898346,
							1309.2396000000008
						],
						[
							-98.4785692006734,
							18.60639708777283,
							1307.1061999999947
						],
						[
							-98.47875742957973,
							18.60627073903862,
							1302.9061999999976
						],
						[
							-98.47884459221709,
							18.606208422274815,
							1300.9135999999999
						]
					],
					[
						[
							-98.48033321375087,
							18.60609146915522,
							1299.871100000004
						],
						[
							-98.48032682142725,
							18.60609611893738,
							1299.8877000000066
						],
						[
							-98.48030026821783,
							18.606115433761516,
							1299.9565000000002
						],
						[
							-98.48012104050648,
							18.60624580391508,
							1300.4211000000068
						],
						[
							-98.48003481847944,
							18.60629683835214,
							1300.1039000000019
						],
						[
							-98.47990357490922,
							18.606374520705348,
							1299.621100000004
						],
						[
							-98.47967995830557,
							18.60652422190806,
							1300.5543999999936
						],
						[
							-98.47949938922893,
							18.60665026904515,
							1305.9544000000024
						],
						[
							-98.47933023821602,
							18.60675687213708,
							1313.0210999999981
						],
						[
							-98.47916289583175,
							18.60685995912848,
							1316.1543999999994
						],
						[
							-98.47901606026988,
							18.606953254352298,
							1319.3543999999965
						],
						[
							-98.47894943247923,
							18.606995872937848,
							1321.1447000000044
						],
						[
							-98.4788026937237,
							18.60708973448472,
							1325.0877000000037
						],
						[
							-98.4786496819236,
							18.607183634043665,
							1332.5543999999936
						],
						[
							-98.47853848706735,
							18.60725519183511,
							1337.9988000000012
						],
						[
							-98.47846214061512,
							18.60730934048304,
							1339.494399999996
						],
						[
							-98.47842051223009,
							18.607338865347177,
							1340.309899999993
						],
						[
							-98.4783551005692,
							18.607382844761407,
							1341.0720000000001
						]
					]
				]
			},
			"properties": {
				"OBJETO": "VECTOR",
				"Z": 0,
				"Shape_Length": 461.7566050806873
			}
		},
		{
			"type": "Feature",
			"geometry": {
				"type": "LineString",
				"coordinates": [
					[
						-98.4806419684506,
						18.606372482551485,
						1305.0368000000017
					],
					[
						-98.48050181384858,
						18.606244984484604,
						1302.0589999999938
					],
					[
						-98.48036539358249,
						18.606120769867417,
						1300.2811999999976
					],
					[
						-98.48033321375087,
						18.60609146915522,
						1299.8617999999988
					]
				]
			},
			"properties": {
				"OBJETO": "VECTOR",
				"Z": 0,
				"Shape_Length": 45.0312748012608
			}
		},
		{
			"type": "Feature",
			"geometry": {
				"type": "LineString",
				"coordinates": [
					[
						-98.4779663365742,
						18.6073235047634,
						1338.724199999997
					],
					[
						-98.47811702826084,
						18.60721774448607,
						1339.6575000000012
					],
					[
						-98.47820562077042,
						18.60715612160209,
						1339.346399999995
					],
					[
						-98.47832458718102,
						18.607084618449715,
						1335.1242000000057
					],
					[
						-98.47845457933226,
						18.60699450989176,
						1328.8574999999983
					],
					[
						-98.47859225219277,
						18.606903258809727,
						1322.1907999999967
					],
					[
						-98.47872205058849,
						18.60682176649018,
						1318.3242000000027
					],
					[
						-98.47885734076719,
						18.60672854776425,
						1314.257500000007
					],
					[
						-98.478921189023,
						18.606685265979852,
						1311.9907999999996
					],
					[
						-98.47898566773712,
						18.606645082031303,
						1308.724199999997
					],
					[
						-98.47910342652658,
						18.606566061306935,
						1306.1907999999967
					],
					[
						-98.47923069040641,
						18.606479111959235,
						1302.8574999999983
					],
					[
						-98.47936390483548,
						18.60639326002147,
						1300.3242000000027
					],
					[
						-98.47958801323111,
						18.606248845285734,
						1296.1907999999967
					],
					[
						-98.4797545584624,
						18.606139046114055,
						1294.6352999999945
					]
				]
			},
			"properties": {
				"OBJETO": "VECTOR",
				"Z": 0,
				"Shape_Length": 229.75683213346042
			}
		},
		{
			"type": "Feature",
			"geometry": {
				"type": "LineString",
				"coordinates": [
					[
						-98.47605969722964,
						18.60707483785832,
						1321.2253999999957
					],
					[
						-98.4760659876079,
						18.60702135532621,
						1320.0697999999975
					],
					[
						-98.4761442132332,
						18.60686320108644,
						1315.9809999999998
					],
					[
						-98.4762317454177,
						18.606761634875355,
						1311.6254000000044
					],
					[
						-98.47622903074489,
						18.60671309009231,
						1311.0032000000065
					]
				]
			},
			"properties": {
				"OBJETO": "VECTOR",
				"Z": 0,
				"Shape_Length": 45.22691844344928
			}
		},
		{
			"type": "Feature",
			"geometry": {
				"type": "LineString",
				"coordinates": [
					[
						-98.479322536108,
						18.60390458294279,
						1277.2546000000002
					],
					[
						-98.47959501435633,
						18.603160889081586,
						1272.6110999999946
					],
					[
						-98.47959845455195,
						18.603151499470346,
						1272.099199999997
					]
				]
			},
			"properties": {
				"OBJETO": "VECTOR",
				"Z": 0,
				"Shape_Length": 88.2648745502749
			}
		},
		{
			"type": "Feature",
			"geometry": {
				"type": "LineString",
				"coordinates": [
					[
						-98.47332330073644,
						18.60451427691448,
						1309.8910999999935
					],
					[
						-98.47338192445478,
						18.604436461902466,
						1306.0985999999975
					],
					[
						-98.47349431334806,
						18.604268187552538,
						1295.1949000000022
					],
					[
						-98.47353041698973,
						18.60423816740839,
						1294.2467000000033
					]
				]
			},
			"properties": {
				"OBJETO": "VECTOR",
				"Z": 0,
				"Shape_Length": 37.728981662006866
			}
		},
		{
			"type": "Feature",
			"geometry": {
				"type": "LineString",
				"coordinates": [
					[
						-98.47848116178335,
						18.601337933412,
						1265.6667000000016
					],
					[
						-98.47822674432184,
						18.60185516860984,
						1266.7333999999973
					],
					[
						-98.47822674432184,
						18.60185516860984,
						1266.7333999999973
					],
					[
						-98.47801553056009,
						18.602297712128063,
						1267.7112000000052
					]
				]
			},
			"properties": {
				"OBJETO": "VECTOR",
				"Z": 0,
				"Shape_Length": 117.01056327970434
			}
		},
		{
			"type": "Feature",
			"geometry": {
				"type": "LineString",
				"coordinates": [
					[
						-98.47961637773679,
						18.600519312614136,
						1262.4658000000054
					],
					[
						-98.47960239253187,
						18.600633590289398,
						1262.1103000000003
					],
					[
						-98.47924219010709,
						18.600790891053773,
						1262.4658000000054
					]
				]
			},
			"properties": {
				"OBJETO": "VECTOR",
				"Z": 0,
				"Shape_Length": 54.52858456567144
			}
		},
		{
			"type": "Feature",
			"geometry": {
				"type": "LineString",
				"coordinates": [
					[
						-98.4739939055817,
						18.60620513648111,
						1336.4183000000048
					],
					[
						-98.47402536066846,
						18.60602885514514,
						1330.7293999999965
					],
					[
						-98.4740554562766,
						18.605907260339702,
						1327.1738999999943
					],
					[
						-98.47409107622364,
						18.605750497172345,
						1323.618300000002
					]
				]
			},
			"properties": {
				"OBJETO": "VECTOR",
				"Z": 0,
				"Shape_Length": 51.35688185742656
			}
		},
		{
			"type": "Feature",
			"geometry": {
				"type": "LineString",
				"coordinates": [
					[
						-98.47067334671674,
						18.603210429938382,
						1282.3160000000062
					],
					[
						-98.47074346871521,
						18.60263267985883,
						1281.3493000000017
					],
					[
						-98.47084396223251,
						18.602207161792833,
						1280.5206000000035
					],
					[
						-98.47085261171244,
						18.602170537332334,
						1280.449299999993
					],
					[
						-98.47103561465075,
						18.601895665425154,
						1279.949299999993
					],
					[
						-98.47122003082646,
						18.601746334050823,
						1279.7492999999959
					],
					[
						-98.47140216673002,
						18.60165900323689,
						1279.5492999999988
					]
				]
			},
			"properties": {
				"OBJETO": "VECTOR",
				"Z": 0,
				"Shape_Length": 199.8270805219393
			}
		},
		{
			"type": "Feature",
			"geometry": {
				"type": "LineString",
				"coordinates": [
					[
						-98.47319250397226,
						18.603358553322256,
						1287.740300000005
					],
					[
						-98.47315253555712,
						18.603503337687684,
						1290.8513999999996
					],
					[
						-98.47307735349483,
						18.60376774417055,
						1298.006899999993
					],
					[
						-98.47300507776566,
						18.604021078625163,
						1298.1402999999991
					]
				]
			},
			"properties": {
				"OBJETO": "VECTOR",
				"Z": 0,
				"Shape_Length": 75.92707283409878
			}
		},
		{
			"type": "Feature",
			"geometry": {
				"type": "LineString",
				"coordinates": [
					[
						-98.47105447987514,
						18.604936776766202,
						1287.8908999999985
					],
					[
						-98.47105263438758,
						18.60503990047944,
						1287.357600000003
					]
				]
			},
			"properties": {
				"OBJETO": "VECTOR",
				"Z": 0,
				"Shape_Length": 11.412029338014868
			}
		},
		{
			"type": "Feature",
			"geometry": {
				"type": "LineString",
				"coordinates": [
					[
						-98.47662244364695,
						18.60294190548425,
						1271.1659000000072
					],
					[
						-98.47668155503452,
						18.602919896469224,
						1270.9928000000073
					]
				]
			},
			"properties": {
				"OBJETO": "VECTOR",
				"Z": 0,
				"Shape_Length": 6.694919534959098
			}
		},
		{
			"type": "Feature",
			"geometry": {
				"type": "LineString",
				"coordinates": [
					[
						-98.47192712410282,
						18.60474016590993,
						1314.8356000000058
					],
					[
						-98.47179773839437,
						18.604702288535087,
						1309.2060000000056
					],
					[
						-98.47167737896945,
						18.604675225658827,
						1303.961500000005
					],
					[
						-98.47151431154786,
						18.604641458238763,
						1298.539300000004
					],
					[
						-98.47144382042603,
						18.60461688630069,
						1296.7318999999989
					],
					[
						-98.47134693423585,
						18.604587963426376,
						1294.767399999997
					]
				]
			},
			"properties": {
				"OBJETO": "VECTOR",
				"Z": 0,
				"Shape_Length": 63.55895543324149
			}
		},
		{
			"type": "Feature",
			"geometry": {
				"type": "LineString",
				"coordinates": [
					[
						-98.47134693423585,
						18.604587963426376,
						1294.767399999997
					],
					[
						-98.47132837929493,
						18.604582424320338,
						1294.3911999999982
					],
					[
						-98.47117931049945,
						18.604556119695957,
						1291.9023000000016
					],
					[
						-98.47103329880937,
						18.604531842617448,
						1289.1912000000011
					],
					[
						-98.4708883020446,
						18.604526212710326,
						1285.2801000000036
					],
					[
						-98.47086838651323,
						18.60461353836917,
						1284.539300000004
					]
				]
			},
			"properties": {
				"OBJETO": "VECTOR",
				"Z": 0,
				"Shape_Length": 58.879787339181455
			}
		},
		{
			"type": "Feature",
			"geometry": {
				"type": "LineString",
				"coordinates": [
					[
						-98.47737223153663,
						18.601472280155434,
						1266.8439999999973
					],
					[
						-98.47737223153663,
						18.601472280155434,
						1266.8439999999973
					],
					[
						-98.47740245921293,
						18.601372191971745,
						1267.0019999999931
					]
				]
			},
			"properties": {
				"OBJETO": "VECTOR",
				"Z": 0,
				"Shape_Length": 11.524510346684421
			}
		},
		{
			"type": "Feature",
			"geometry": {
				"type": "LineString",
				"coordinates": [
					[
						-98.47521533288806,
						18.60319107979827,
						1272.563599999994
					],
					[
						-98.47518075087885,
						18.603310635940208,
						1273.0969999999943
					]
				]
			},
			"properties": {
				"OBJETO": "VECTOR",
				"Z": 0,
				"Shape_Length": 13.722460656544472
			}
		},
		{
			"type": "Feature",
			"geometry": {
				"type": "LineString",
				"coordinates": [
					[
						-98.47199371063076,
						18.60263502538759,
						1290.2326999999932
					],
					[
						-98.4714275839261,
						18.602333812728613,
						1285.3215999999957
					],
					[
						-98.4713070870574,
						18.60226864154816,
						1283.988200000007
					]
				]
			},
			"properties": {
				"OBJETO": "VECTOR",
				"Z": 0,
				"Shape_Length": 83.01208205451941
			}
		},
		{
			"type": "Feature",
			"geometry": {
				"type": "LineString",
				"coordinates": [
					[
						-98.47129798197834,
						18.604295292356127,
						1297.666200000007
					],
					[
						-98.47132053693377,
						18.60442106683273,
						1296.8623999999982
					]
				]
			},
			"properties": {
				"OBJETO": "VECTOR",
				"Z": 0,
				"Shape_Length": 14.118584464546892
			}
		},
		{
			"type": "Feature",
			"geometry": {
				"type": "LineString",
				"coordinates": [
					[
						-98.47650104224829,
						18.600933817695317,
						1267.5541999999987
					],
					[
						-98.47619310997307,
						18.600977287121157,
						1268.3542000000016
					],
					[
						-98.47583977452146,
						18.601019698762506,
						1268.3542000000016
					],
					[
						-98.4756734060409,
						18.601042097765724,
						1269.1542000000045
					],
					[
						-98.47543992050298,
						18.601066588853424,
						1269.287599999996
					]
				]
			},
			"properties": {
				"OBJETO": "VECTOR",
				"Z": 1267.5542,
				"Shape_Length": 112.92171818192138
			}
		},
		{
			"type": "Feature",
			"geometry": {
				"type": "LineString",
				"coordinates": [
					[
						-98.47417701035724,
						18.60515978745655,
						1314.018299999996
					],
					[
						-98.4741345134597,
						18.60539378735136,
						1322.196100000001
					],
					[
						-98.47413835721487,
						18.605471635922203,
						1323.618300000002
					],
					[
						-98.47406966458719,
						18.605739140691515,
						1324.3294000000024
					]
				]
			},
			"properties": {
				"OBJETO": "VECTOR",
				"Z": 0,
				"Shape_Length": 65.37301978832056
			}
		},
		{
			"type": "Feature",
			"geometry": {
				"type": "LineString",
				"coordinates": [
					[
						-98.47790464275201,
						18.60253004764696,
						1268.5390000000043
					],
					[
						-98.47797842534027,
						18.602510934286236,
						1268.4103000000032
					],
					[
						-98.47816431292942,
						18.60246278000539,
						1268.0102999999945
					],
					[
						-98.47818521500204,
						18.60245736529888,
						1267.9652999999962
					]
				]
			},
			"properties": {
				"OBJETO": "VECTOR",
				"Z": 0,
				"Shape_Length": 30.673736772347272
			}
		},
		{
			"type": "Feature",
			"geometry": {
				"type": "LineString",
				"coordinates": [
					[
						-98.47362421609252,
						18.602883376956292,
						1277.3415999999997
					],
					[
						-98.47366290746156,
						18.602832140155744,
						1276.3935000000056
					],
					[
						-98.47372234071803,
						18.60274488891899,
						1274.2602000000043
					],
					[
						-98.47385802644136,
						18.60254557081657,
						1272.8083000000042
					]
				]
			},
			"properties": {
				"OBJETO": "VECTOR",
				"Z": 0,
				"Shape_Length": 44.79010501717211
			}
		},
		{
			"type": "Feature",
			"geometry": {
				"type": "LineString",
				"coordinates": [
					[
						-98.47851945826442,
						18.602290113899908,
						1266.976999999999
					],
					[
						-98.4784686919609,
						18.602398263865215,
						1266.976999999999
					]
				]
			},
			"properties": {
				"OBJETO": "VECTOR",
				"Z": 0,
				"Shape_Length": 13.110407030481925
			}
		},
		{
			"type": "Feature",
			"geometry": {
				"type": "LineString",
				"coordinates": [
					[
						-98.47469376827947,
						18.606916871245655,
						1347.214300000007
					],
					[
						-98.47471686554519,
						18.606625102000127,
						1336.214300000007
					],
					[
						-98.47481048956773,
						18.60617198164786,
						1318.214300000007
					],
					[
						-98.47482062977258,
						18.606122905055443,
						1316.8142999999982
					]
				]
			},
			"properties": {
				"OBJETO": "VECTOR",
				"Z": 0,
				"Shape_Length": 89.01012579759455
			}
		},
		{
			"type": "Feature",
			"geometry": {
				"type": "LineString",
				"coordinates": [
					[
						-98.4751125338997,
						18.602906256456283,
						1270.2728999999963
					],
					[
						-98.47462530655034,
						18.60266267646037,
						1270.139599999995
					]
				]
			},
			"properties": {
				"OBJETO": "VECTOR",
				"Z": 0,
				"Shape_Length": 58.040097332698245
			}
		},
		{
			"type": "Feature",
			"geometry": {
				"type": "LineString",
				"coordinates": [
					[
						-98.47701412944735,
						18.6022303138907,
						1267.6852999999974
					],
					[
						-98.47668155503452,
						18.602919896469224,
						1270.8852999999945
					]
				]
			},
			"properties": {
				"OBJETO": "VECTOR",
				"Z": 0,
				"Shape_Length": 83.98125954434705
			}
		},
		{
			"type": "Feature",
			"geometry": {
				"type": "LineString",
				"coordinates": [
					[
						-98.4804131654969,
						18.60667025586019,
						1306.7409000000043
					],
					[
						-98.48039534052761,
						18.606652865022067,
						1306.3654999999999
					],
					[
						-98.48019379283983,
						18.60645622571547,
						1302.121100000004
					],
					[
						-98.48007067921259,
						18.606332792285844,
						1300.7210999999952
					],
					[
						-98.48003481847944,
						18.60629683835214,
						1300.1039000000019
					]
				]
			},
			"properties": {
				"OBJETO": "VECTOR",
				"Z": 0,
				"Shape_Length": 57.4500946331205
			}
		},
		{
			"type": "Feature",
			"geometry": {
				"type": "LineString",
				"coordinates": [
					[
						-98.47968194839495,
						18.60603763065986,
						1293.0954000000056
					],
					[
						-98.47949254327685,
						18.60576396314768,
						1289.2954000000027
					]
				]
			},
			"properties": {
				"OBJETO": "VECTOR",
				"Z": 0,
				"Shape_Length": 36.27940831168645
			}
		},
		{
			"type": "Feature",
			"geometry": {
				"type": "LineString",
				"coordinates": [
					[
						-98.47728414612278,
						18.60710322519795,
						1311.3536000000022
					],
					[
						-98.47739651224936,
						18.606794329277342,
						1310.7265000000043
					]
				]
			},
			"properties": {
				"OBJETO": "VECTOR",
				"Z": 0,
				"Shape_Length": 36.17593143653777
			}
		},
		{
			"type": "Feature",
			"geometry": {
				"type": "LineString",
				"coordinates": [
					[
						-98.47381291373982,
						18.603020414203904,
						1276.625199999995
					],
					[
						-98.47389761087872,
						18.603033295380595,
						1275.9320000000007
					],
					[
						-98.47453943102498,
						18.603162003346174,
						1274.1319999999978
					],
					[
						-98.47494063143894,
						18.603244179160562,
						1273.1986999999936
					],
					[
						-98.47518075087885,
						18.603310635940208,
						1273.0625
					],
					[
						-98.47529317861348,
						18.603341751937414,
						1272.9986999999965
					],
					[
						-98.47602207943333,
						18.603602224571528,
						1274.209799999997
					]
				]
			},
			"properties": {
				"OBJETO": "VECTOR",
				"Z": 0,
				"Shape_Length": 242.38724856780146
			}
		},
		{
			"type": "Feature",
			"geometry": {
				"type": "LineString",
				"coordinates": [
					[
						-98.47641971483867,
						18.604599070208018,
						1280.914300000004
					],
					[
						-98.47722386392861,
						18.604887528478763,
						1283.9793000000063
					],
					[
						-98.47740794198309,
						18.60495355894869,
						1284.6809000000067
					],
					[
						-98.47801094484045,
						18.605158843469347,
						1286.0809000000008
					],
					[
						-98.47857397349243,
						18.605340381497385,
						1287.914300000004
					],
					[
						-98.47874278468457,
						18.605391524630612,
						1288.4921000000031
					],
					[
						-98.47875410551248,
						18.605394954388558,
						1288.5307999999932
					]
				]
			},
			"properties": {
				"OBJETO": "VECTOR",
				"Z": 0,
				"Shape_Length": 261.58565966470644
			}
		},
		{
			"type": "Feature",
			"geometry": {
				"type": "LineString",
				"coordinates": [
					[
						-98.47782054475809,
						18.603381573659348,
						1273.3880999999965
					],
					[
						-98.4766070457253,
						18.602946351500087,
						1271.1659000000072
					]
				]
			},
			"properties": {
				"OBJETO": "VECTOR",
				"Z": 0,
				"Shape_Length": 136.78252388927868
			}
		},
		{
			"type": "Feature",
			"geometry": {
				"type": "LineString",
				"coordinates": [
					[
						-98.47508286484162,
						18.60520697592721,
						1293.518299999996
					],
					[
						-98.47505774915685,
						18.605248708916896,
						1297.4293999999936
					],
					[
						-98.47503106743945,
						18.605293044047478,
						1298.140499999994
					],
					[
						-98.47493783395421,
						18.605221478596974,
						1297.7850000000035
					],
					[
						-98.47481404402198,
						18.6051264580433,
						1297.7850000000035
					],
					[
						-98.47465570054997,
						18.60495465393429,
						1296.1849999999977
					],
					[
						-98.4744849228537,
						18.604740553679914,
						1293.873900000006
					],
					[
						-98.47437836147849,
						18.604654573650294,
						1293.873900000006
					],
					[
						-98.4742944147993,
						18.604602975901493,
						1293.873900000006
					],
					[
						-98.47414657479065,
						18.604527790952158,
						1294.0516000000061
					],
					[
						-98.47395269029924,
						18.60443724116386,
						1294.2293999999965
					],
					[
						-98.47375638603941,
						18.604352138382595,
						1294.5850000000064
					],
					[
						-98.47354088984119,
						18.604258715087884,
						1294.4072000000015
					],
					[
						-98.47353041698973,
						18.60423816740839,
						1293.9069000000018
					],
					[
						-98.47352406995947,
						18.6042197318426,
						1293.4810666666697
					],
					[
						-98.47352016340098,
						18.60420062965216,
						1293.0552333333376
					],
					[
						-98.47351876308508,
						18.604181182441703,
						1292.6294000000053
					],
					[
						-98.47356265352623,
						18.604001565621893,
						1289.6071999999986
					]
				]
			},
			"properties": {
				"OBJETO": "VECTOR",
				"Z": 0,
				"Shape_Length": 238.2833928416256
			}
		},
		{
			"type": "Feature",
			"geometry": {
				"type": "LineString",
				"coordinates": [
					[
						-98.47959845455195,
						18.603151499470346,
						1272.099199999997
					],
					[
						-98.47858084466311,
						18.602793730477593,
						1270.099199999997
					],
					[
						-98.47811603464075,
						18.602632694605916,
						1268.9881000000023
					]
				]
			},
			"properties": {
				"OBJETO": "VECTOR",
				"Z": 0,
				"Shape_Length": 166.59933517709982
			}
		},
		{
			"type": "Feature",
			"geometry": {
				"type": "LineString",
				"coordinates": [
					[
						-98.48009949416236,
						18.60525450539901,
						1292.8582000000024
					],
					[
						-98.48001826055066,
						18.60535873533803,
						1291.8803999999946
					]
				]
			},
			"properties": {
				"OBJETO": "VECTOR",
				"Z": 0,
				"Shape_Length": 14.368406802839056
			}
		},
		{
			"type": "Feature",
			"geometry": {
				"type": "LineString",
				"coordinates": [
					[
						-98.4797821999675,
						18.6049189711675,
						1284.3644000000058
					],
					[
						-98.4798304627718,
						18.604935846595474,
						1283.8754999999946
					],
					[
						-98.47983064489078,
						18.604935918685314,
						1283.8787000000011
					],
					[
						-98.47995559109486,
						18.604985377234296,
						1286.0532999999996
					],
					[
						-98.48011296570127,
						18.605045479503914,
						1290.942200000005
					],
					[
						-98.48024014550612,
						18.605087760416477,
						1294.4977000000072
					],
					[
						-98.48027696247397,
						18.605094759180243,
						1294.9766999999993
					],
					[
						-98.480244052625,
						18.605135291561016,
						1295.529800000004
					],
					[
						-98.48018249514774,
						18.605189425975126,
						1294.9766999999993
					],
					[
						-98.48009949416236,
						18.60525450539901,
						1292.9618999999948
					]
				]
			},
			"properties": {
				"OBJETO": "VECTOR",
				"Z": 0,
				"Shape_Length": 81.61579792632537
			}
		},
		{
			"type": "Feature",
			"geometry": {
				"type": "LineString",
				"coordinates": [
					[
						-98.47593438247341,
						18.602195720960797,
						1267.973800000007
					],
					[
						-98.47598791581795,
						18.602074183035544,
						1267.973800000007
					]
				]
			},
			"properties": {
				"OBJETO": "VECTOR",
				"Z": 1267.97375,
				"Shape_Length": 14.58569715757862
			}
		},
		{
			"type": "Feature",
			"geometry": {
				"type": "LineString",
				"coordinates": [
					[
						-98.47816867643495,
						18.6012952560091,
						1265.1621000000014
					],
					[
						-98.47816867643495,
						18.6012952560091,
						1265.1621000000014
					],
					[
						-98.47816660894081,
						18.60121052434906,
						1265.2805999999982
					],
					[
						-98.47831372328403,
						18.601159836557116,
						1264.5694999999978
					]
				]
			},
			"properties": {
				"OBJETO": "VECTOR",
				"Z": 0,
				"Shape_Length": 25.880953269523197
			}
		},
		{
			"type": "Feature",
			"geometry": {
				"type": "LineString",
				"coordinates": [
					[
						-98.4785094402902,
						18.607358113536478,
						1340.7329000000027
					],
					[
						-98.47846214061512,
						18.60730934048304,
						1339.8993000000046
					]
				]
			},
			"properties": {
				"OBJETO": "VECTOR",
				"Z": 0,
				"Shape_Length": 7.35008761837682
			}
		},
		{
			"type": "Feature",
			"geometry": {
				"type": "LineString",
				"coordinates": [
					[
						-98.48030924466937,
						18.600270169558442,
						1261.332899999994
					],
					[
						-98.4801511852433,
						18.60033655357822,
						1261.688399999999
					],
					[
						-98.4800238718296,
						18.600392142350753,
						1261.688399999999
					],
					[
						-98.47985745597147,
						18.600452832384153,
						1261.9254999999976
					],
					[
						-98.47969307794988,
						18.60051485791472,
						1262.3205000000016
					],
					[
						-98.47961637773679,
						18.600519312614136,
						1262.5383000000002
					],
					[
						-98.479581775147,
						18.60052132230015,
						1262.636599999998
					],
					[
						-98.47953824131613,
						18.60053278078759,
						1262.715599999996
					],
					[
						-98.47929044829282,
						18.60060670331714,
						1263.031600000002
					],
					[
						-98.47909090676997,
						18.600657167719643,
						1263.2687000000005
					],
					[
						-98.47891938284599,
						18.60069591138772,
						1263.5056999999942
					],
					[
						-98.47878085408067,
						18.600720934730717,
						1263.8613000000041
					],
					[
						-98.4786732046296,
						18.600734533915105,
						1263.8613000000041
					],
					[
						-98.47844418504229,
						18.60076391028572,
						1263.8613000000041
					],
					[
						-98.47821267503015,
						18.600792628420447,
						1264.453800000003
					],
					[
						-98.47790461870885,
						18.60082924859439,
						1264.6909000000014
					],
					[
						-98.47729306096521,
						18.600890843169328,
						1266.0241999999998
					],
					[
						-98.47707353941131,
						18.60091179804809,
						1266.2020000000048
					],
					[
						-98.47698718122145,
						18.600900385732054,
						1266.4389999999985
					],
					[
						-98.47696484002236,
						18.60090237020234,
						1266.5271999999968
					],
					[
						-98.47680697720345,
						18.60091639238386,
						1267.150099999999
					],
					[
						-98.47650104224829,
						18.600933817695317,
						1267.5056999999942
					]
				]
			},
			"properties": {
				"OBJETO": "VECTOR",
				"Z": 0,
				"Shape_Length": 411.6184346131309
			}
		},
		{
			"type": "Feature",
			"geometry": {
				"type": "LineString",
				"coordinates": [
					[
						-98.47131973839025,
						18.604820871543357,
						1295.5368000000017
					],
					[
						-98.47117944081566,
						18.604785684827775,
						1290.9244999999937
					],
					[
						-98.47107186090811,
						18.60475700738908,
						1287.991200000004
					],
					[
						-98.47107130211988,
						18.60474402278469,
						1288.0329000000056
					],
					[
						-98.4710208175476,
						18.604715685799395,
						1287.2229999999981
					],
					[
						-98.47097362509938,
						18.604631835682184,
						1286.0674
					],
					[
						-98.47086838651323,
						18.60461353836917,
						1284.645199999999
					]
				]
			},
			"properties": {
				"OBJETO": "VECTOR",
				"Z": 0,
				"Shape_Length": 56.523200745127625
			}
		},
		{
			"type": "Feature",
			"geometry": {
				"type": "LineString",
				"coordinates": [
					[
						-98.47160875181694,
						18.60519377803332,
						1309.0522000000055
					],
					[
						-98.47152377983504,
						18.605163269567477,
						1304.5090000000055
					]
				]
			},
			"properties": {
				"OBJETO": "VECTOR",
				"Z": 0,
				"Shape_Length": 9.579029449740524
			}
		},
		{
			"type": "Feature",
			"geometry": {
				"type": "LineString",
				"coordinates": [
					[
						-98.47686129302956,
						18.606744438895596,
						1299.6214000000036
					],
					[
						-98.47694233132789,
						18.606584958845623,
						1297.5473000000056
					]
				]
			},
			"properties": {
				"OBJETO": "VECTOR",
				"Z": 0,
				"Shape_Length": 19.60804596053591
			}
		},
		{
			"type": "Feature",
			"geometry": {
				"type": "LineString",
				"coordinates": [
					[
						-98.47649042129297,
						18.600805400127644,
						1266.4664000000048
					],
					[
						-98.47607849878823,
						18.600859587050383,
						1266.4664000000048
					]
				]
			},
			"properties": {
				"OBJETO": "VECTOR",
				"Z": 1266.46643,
				"Shape_Length": 43.87040367938659
			}
		},
		{
			"type": "Feature",
			"geometry": {
				"type": "LineString",
				"coordinates": [
					[
						-98.47203353480548,
						18.60561291740876,
						1319.0157999999938
					],
					[
						-98.47218453396614,
						18.605680747469584,
						1321.504700000005
					],
					[
						-98.47250565034716,
						18.605824995003623,
						1325.0602999999974
					]
				]
			},
			"properties": {
				"OBJETO": "VECTOR",
				"Z": 0,
				"Shape_Length": 55.05878751116218
			}
		},
		{
			"type": "Feature",
			"geometry": {
				"type": "LineString",
				"coordinates": [
					[
						-98.47250565034716,
						18.605824995003623,
						1325.2381000000023
					],
					[
						-98.47250945072162,
						18.605777900595733,
						1325.0010000000038
					],
					[
						-98.47252976726209,
						18.60566964804918,
						1325.1195000000007
					],
					[
						-98.47257627494561,
						18.605421840766173,
						1326.1861999999965
					],
					[
						-98.47264769870665,
						18.605041271400406,
						1326.1861999999965
					]
				]
			},
			"properties": {
				"OBJETO": "VECTOR",
				"Z": 0,
				"Shape_Length": 88.02702939981114
			}
		},
		{
			"type": "Feature",
			"geometry": {
				"type": "LineString",
				"coordinates": [
					[
						-98.47641166791088,
						18.60662050435935,
						1306.565100000007
					],
					[
						-98.47653229225219,
						18.606518968705725,
						1303.453999999998
					],
					[
						-98.47661738282139,
						18.60642702415984,
						1300.7428999999975
					],
					[
						-98.47663751590586,
						18.606395663648662,
						1300.031799999997
					],
					[
						-98.47675377734707,
						18.60609305771681,
						1295.4985000000015
					]
				]
			},
			"properties": {
				"OBJETO": "VECTOR",
				"Z": 0,
				"Shape_Length": 70.26988908280148
			}
		},
		{
			"type": "Feature",
			"geometry": {
				"type": "LineString",
				"coordinates": [
					[
						-98.47356265352623,
						18.604001565621893,
						1289.7541999999958
					],
					[
						-98.4736288568477,
						18.60373904415279,
						1284.909799999994
					],
					[
						-98.47371549662343,
						18.60343025597288,
						1280.158500000005
					],
					[
						-98.47373340538415,
						18.603366428166538,
						1279.1763999999966
					],
					[
						-98.47381291373982,
						18.603020414203904,
						1276.5353999999934
					]
				]
			},
			"properties": {
				"OBJETO": "VECTOR",
				"Z": 0,
				"Shape_Length": 111.74774848753323
			}
		},
		{
			"type": "Feature",
			"geometry": {
				"type": "LineString",
				"coordinates": [
					[
						-98.47527644838696,
						18.603891332605766,
						1277.0522000000055
					],
					[
						-98.47525313151402,
						18.603958933453004,
						1277.526199999993
					],
					[
						-98.47523129491223,
						18.60402758903855,
						1279.007700000002
					],
					[
						-98.47520284527249,
						18.60410805918064,
						1280.0151000000042
					],
					[
						-98.47519199510604,
						18.60413876699271,
						1280.2522000000026
					]
				]
			},
			"properties": {
				"OBJETO": "VECTOR",
				"Z": 0,
				"Shape_Length": 28.793636635417666
			}
		},
		{
			"type": "Feature",
			"geometry": {
				"type": "LineString",
				"coordinates": [
					[
						-98.48023806499627,
						18.601942751435903,
						1266.1426999999967
					],
					[
						-98.47997133241763,
						18.60208586623011,
						1265.905700000003
					],
					[
						-98.4796954197991,
						18.602143653191312,
						1266.2612999999983
					],
					[
						-98.4795899263031,
						18.602165441972343,
						1266.3726000000024
					],
					[
						-98.47910565820551,
						18.602265462579425,
						1266.8834999999963
					],
					[
						-98.47901447283508,
						18.602214886789525,
						1266.8834999999963
					],
					[
						-98.47894328643851,
						18.6021754033409,
						1266.8834999999963
					],
					[
						-98.47863635754112,
						18.60204107699936,
						1266.4854999999952
					],
					[
						-98.47853194571799,
						18.601995381375037,
						1266.350099999996
					],
					[
						-98.47828617472041,
						18.601878936158673,
						1266.527900000001
					],
					[
						-98.47822674432184,
						18.60185516860984,
						1266.527900000001
					],
					[
						-98.47801093683658,
						18.601768862146375,
						1266.527900000001
					],
					[
						-98.4778125635088,
						18.601684162704963,
						1266.527900000001
					],
					[
						-98.47795661070899,
						18.60128757153283,
						1265.522800000006
					],
					[
						-98.47796542021631,
						18.601263317105335,
						1265.4612999999954
					]
				]
			},
			"properties": {
				"OBJETO": "VECTOR",
				"Z": 0,
				"Shape_Length": 325.9778140156047
			}
		},
		{
			"type": "Feature",
			"geometry": {
				"type": "LineString",
				"coordinates": [
					[
						-98.47153606170339,
						18.60441256582042,
						1304.7575999999972
					],
					[
						-98.47143786284552,
						18.604414759039642,
						1301.3007999999973
					],
					[
						-98.47133719131038,
						18.604420171447952,
						1297.7452000000048
					],
					[
						-98.47132053693377,
						18.60442106683273,
						1297.6266999999934
					]
				]
			},
			"properties": {
				"OBJETO": "VECTOR",
				"Z": 0,
				"Shape_Length": 22.76040148631707
			}
		},
		{
			"type": "Feature",
			"geometry": {
				"type": "LineString",
				"coordinates": [
					[
						-98.47278148253409,
						18.60424561228748,
						1316.9446999999927
					],
					[
						-98.4727820875358,
						18.60424587680108,
						1316.9418000000005
					],
					[
						-98.4729198086952,
						18.604313467085344,
						1315.7887999999948
					]
				]
			},
			"properties": {
				"OBJETO": "VECTOR",
				"Z": 0,
				"Shape_Length": 16.4115887703314
			}
		},
		{
			"type": "Feature",
			"geometry": {
				"type": "LineString",
				"coordinates": [
					[
						-98.48002990865082,
						18.60205468426868,
						1265.8712999999989
					],
					[
						-98.47996909800922,
						18.602228300655465,
						1268.0046000000002
					]
				]
			},
			"properties": {
				"OBJETO": "VECTOR",
				"Z": 0,
				"Shape_Length": 20.253162049846097
			}
		},
		{
			"type": "Feature",
			"geometry": {
				"type": "LineString",
				"coordinates": [
					[
						-98.47409107622364,
						18.605750497172345,
						1324.4284000000043
					],
					[
						-98.47409293378306,
						18.605751482399885,
						1324.4046999999991
					],
					[
						-98.47430782804574,
						18.605859366089053,
						1320.6714000000065
					],
					[
						-98.47454304652473,
						18.605977452741516,
						1317.8270000000048
					],
					[
						-98.47456495886556,
						18.605988453363395,
						1317.9455000000016
					],
					[
						-98.47476748496194,
						18.60609495741704,
						1317.2100999999966
					],
					[
						-98.47482062977258,
						18.606122905055443,
						1317.0170999999973
					],
					[
						-98.47485873566623,
						18.606142944057165,
						1316.8788000000059
					],
					[
						-98.47516239104738,
						18.60627508839666,
						1317.217399999994
					],
					[
						-98.47516544101252,
						18.606276415672852,
						1317.2207999999955
					],
					[
						-98.47517761653343,
						18.606281714184966,
						1317.2344000000012
					]
				]
			},
			"properties": {
				"OBJETO": "VECTOR",
				"Z": 0,
				"Shape_Length": 128.87827881798802
			}
		},
		{
			"type": "Feature",
			"geometry": {
				"type": "LineString",
				"coordinates": [
					[
						-98.47263352486164,
						18.605034673779556,
						1326.135500000004
					],
					[
						-98.47244907681969,
						18.60494881702928,
						1325.475099999996
					],
					[
						-98.47227965989511,
						18.60486995672022,
						1324.5862000000052
					],
					[
						-98.47212740929913,
						18.604819412513407,
						1321.7418000000034
					],
					[
						-98.47195738513241,
						18.604756716019498,
						1316.7639999999956
					],
					[
						-98.4719692415449,
						18.60463448368067,
						1318.1861999999965
					],
					[
						-98.47199378563822,
						18.60447771382876,
						1319.6083999999973
					],
					[
						-98.47202326038024,
						18.604289450151327,
						1319.2529000000068
					],
					[
						-98.47204918792309,
						18.604123843078106,
						1318.1861999999965
					],
					[
						-98.47207724773902,
						18.603944616130015,
						1316.7639999999956
					],
					[
						-98.47221755181545,
						18.60399905421031,
						1318.1861999999965
					],
					[
						-98.47245244135493,
						18.60410175135806,
						1318.5418000000063
					],
					[
						-98.47278148253409,
						18.60424561228748,
						1316.9446999999927
					]
				]
			},
			"properties": {
				"OBJETO": "VECTOR",
				"Z": 0,
				"Shape_Length": 249.9768367413842
			}
		},
		{
			"type": "Feature",
			"geometry": {
				"type": "LineString",
				"coordinates": [
					[
						-98.4723700455035,
						18.602819734738198,
						1288.4305000000022
					],
					[
						-98.47241532375733,
						18.602758920304204,
						1288.726800000004
					],
					[
						-98.47250637504682,
						18.602638312707203,
						1285.8527999999933
					],
					[
						-98.47262144731181,
						18.60248740879939,
						1281.741599999994
					],
					[
						-98.47274803670652,
						18.602322094772706,
						1278.4527999999991
					]
				]
			},
			"properties": {
				"OBJETO": "VECTOR",
				"Z": 0,
				"Shape_Length": 67.98727145085176
			}
		},
		{
			"type": "Feature",
			"geometry": {
				"type": "LineString",
				"coordinates": [
					[
						-98.47334244130188,
						18.6053737553821,
						1327.6628000000055
					],
					[
						-98.47335725664294,
						18.605305696246344,
						1326.9516000000003
					],
					[
						-98.47342084146511,
						18.604917447459062,
						1316.818299999999
					],
					[
						-98.47346385209957,
						18.604654823513364,
						1311.3071999999956
					]
				]
			},
			"properties": {
				"OBJETO": "VECTOR",
				"Z": 0,
				"Shape_Length": 80.58114434833635
			}
		},
		{
			"type": "Feature",
			"geometry": {
				"type": "LineString",
				"coordinates": [
					[
						-98.47811603464075,
						18.602632694605916,
						1268.914300000004
					],
					[
						-98.47818305749118,
						18.602462833256833,
						1267.6781000000046
					],
					[
						-98.47818521500204,
						18.60245736529888,
						1267.638300000006
					]
				]
			},
			"properties": {
				"OBJETO": "VECTOR",
				"Z": 0,
				"Shape_Length": 20.727233613100083
			}
		},
		{
			"type": "Feature",
			"geometry": {
				"type": "MultiLineString",
				"coordinates": [
					[
						[
							-98.47105495840592,
							18.601549327327145,
							1275.1891000000032
						],
						[
							-98.47111685634877,
							18.601525195608694,
							1275.0350999999937
						]
					],
					[
						[
							-98.47137083803821,
							18.6014812460953,
							1274.2820999999967
						],
						[
							-98.47148024749127,
							18.601465886664474,
							1273.933600000004
						]
					]
				]
			},
			"properties": {
				"OBJETO": "VECTOR",
				"Z": 0,
				"Shape_Length": 18.72593325759913
			}
		},
		{
			"type": "Feature",
			"geometry": {
				"type": "LineString",
				"coordinates": [
					[
						-98.47641911173739,
						18.60547753180036,
						1290.496100000004
					],
					[
						-98.47612151701358,
						18.605365936414728,
						1290.6650999999983
					]
				]
			},
			"properties": {
				"OBJETO": "VECTOR",
				"Z": 0,
				"Shape_Length": 33.73693163991785
			}
		},
		{
			"type": "Feature",
			"geometry": {
				"type": "LineString",
				"coordinates": [
					[
						-98.47910565820551,
						18.602265462579425,
						1266.354800000001
					],
					[
						-98.4784686919609,
						18.602398263865215,
						1267.3696999999956
					]
				]
			},
			"properties": {
				"OBJETO": "VECTOR",
				"Z": 0,
				"Shape_Length": 68.78853388693636
			}
		},
		{
			"type": "Feature",
			"geometry": {
				"type": "LineString",
				"coordinates": [
					[
						-98.4784686919609,
						18.602398263865215,
						1267.3696999999956
					],
					[
						-98.47818521500204,
						18.60245736529888,
						1267.8214000000007
					]
				]
			},
			"properties": {
				"OBJETO": "VECTOR",
				"Z": 0,
				"Shape_Length": 30.6137788754221
			}
		},
		{
			"type": "Feature",
			"geometry": {
				"type": "LineString",
				"coordinates": [
					[
						-98.47978009500355,
						18.60174921814298,
						1265.6741000000038
					],
					[
						-98.4795899263031,
						18.602165441972343,
						1266.7407999999996
					]
				]
			},
			"properties": {
				"OBJETO": "VECTOR",
				"Z": 0,
				"Shape_Length": 50.23443905776173
			}
		},
		{
			"type": "Feature",
			"geometry": {
				"type": "LineString",
				"coordinates": [
					[
						-98.47196723852232,
						18.60645701993865,
						1310.0433000000048
					],
					[
						-98.47179650890581,
						18.606380063084174,
						1304.7100000000064
					],
					[
						-98.47165243667077,
						18.60631802479544,
						1300.8117999999959
					],
					[
						-98.47152055221959,
						18.606261234497676,
						1297.243300000002
					],
					[
						-98.4711610589156,
						18.60609993538494,
						1290.3099999999977
					],
					[
						-98.47073379226893,
						18.60590327940344,
						1286.9321999999956
					],
					[
						-98.47063313275648,
						18.605856949124544,
						1286.4167000000016
					]
				]
			},
			"properties": {
				"OBJETO": "VECTOR",
				"Z": 0,
				"Shape_Length": 155.62876531035758
			}
		},
		{
			"type": "Feature",
			"geometry": {
				"type": "LineString",
				"coordinates": [
					[
						-98.47210694738419,
						18.6016645910809,
						1276.9271000000008
					],
					[
						-98.47209469269687,
						18.601570583787858,
						1276.9271000000008
					],
					[
						-98.47209196585527,
						18.601563860282095,
						1276.975377777779
					],
					[
						-98.47208822822172,
						18.601557641657617,
						1277.023655555557
					],
					[
						-98.47208357043786,
						18.601552078722744,
						1277.0719333333352
					],
					[
						-98.47207810545994,
						18.60154730638461,
						1277.1202111111133
					],
					[
						-98.47207196581955,
						18.601543440377544,
						1277.1684888888915
					],
					[
						-98.47206530040953,
						18.601540574456358,
						1277.2167666666696
					],
					[
						-98.47205827087325,
						18.601538778122723,
						1277.2650444444478
					],
					[
						-98.47205104768449,
						18.60153809493965,
						1277.313322222226
					],
					[
						-98.47204380601335,
						18.601538541475065,
						1277.3616000000038
					]
				]
			},
			"properties": {
				"OBJETO": "VECTOR",
				"Z": 1276.92712,
				"Shape_Length": 17.496559294975334
			}
		},
		{
			"type": "Feature",
			"geometry": {
				"type": "LineString",
				"coordinates": [
					[
						-98.47875410551248,
						18.605394954388558,
						1289.0273000000016
					],
					[
						-98.47886314382494,
						18.6050901706821,
						1286.9829000000027
					],
					[
						-98.47903520840298,
						18.604658322505898,
						1283.7214999999997
					],
					[
						-98.4790513127676,
						18.604617903600104,
						1283.416200000007
					],
					[
						-98.47919732999615,
						18.604227750840536,
						1280.3162000000011
					]
				]
			},
			"properties": {
				"OBJETO": "VECTOR",
				"Z": 0,
				"Shape_Length": 137.3659355896483
			}
		},
		{
			"type": "Feature",
			"geometry": {
				"type": "LineString",
				"coordinates": [
					[
						-98.47066704445395,
						18.60499180881748,
						1283.8415999999997
					],
					[
						-98.47066729563342,
						18.604977060144904,
						1283.8246000000072
					],
					[
						-98.47067357006156,
						18.604608638848607,
						1283.3999999999942
					]
				]
			},
			"properties": {
				"OBJETO": "VECTOR",
				"Z": 0,
				"Shape_Length": 42.40234272659475
			}
		},
		{
			"type": "Feature",
			"geometry": {
				"type": "LineString",
				"coordinates": [
					[
						-98.48009611277152,
						18.604189718571924,
						1279.481799999994
					],
					[
						-98.4801042878143,
						18.604192731820856,
						1279.5813999999955
					],
					[
						-98.48027114306696,
						18.604254233100185,
						1281.6150999999954
					]
				]
			},
			"properties": {
				"OBJETO": "VECTOR",
				"Z": 0,
				"Shape_Length": 19.797448956029978
			}
		},
		{
			"type": "Feature",
			"geometry": {
				"type": "LineString",
				"coordinates": [
					[
						-98.4710412774751,
						18.60570899198954,
						1289.4032000000007
					],
					[
						-98.47105340347375,
						18.605627971285582,
						1288.929099999994
					],
					[
						-98.47100200271409,
						18.605617133961953,
						1286.7167000000045
					],
					[
						-98.47075908182438,
						18.605581916656625,
						1285.7685999999958
					]
				]
			},
			"properties": {
				"OBJETO": "VECTOR",
				"Z": 0,
				"Shape_Length": 40.53186485940285
			}
		},
		{
			"type": "Feature",
			"geometry": {
				"type": "LineString",
				"coordinates": [
					[
						-98.47105263438758,
						18.60503990047944,
						1287.3754999999946
					],
					[
						-98.47103800336234,
						18.605036802814244,
						1286.9850000000006
					],
					[
						-98.4708720222265,
						18.60500221167956,
						1285.0071999999927
					],
					[
						-98.47079336191904,
						18.604995087620125,
						1284.696100000001
					],
					[
						-98.47068662495353,
						18.60499231707096,
						1284.1849999999977
					],
					[
						-98.47066704445395,
						18.60499180881748,
						1284.0911999999953
					]
				]
			},
			"properties": {
				"OBJETO": "VECTOR",
				"Z": 0,
				"Shape_Length": 41.172953694017096
			}
		},
		{
			"type": "Feature",
			"geometry": {
				"type": "LineString",
				"coordinates": [
					[
						-98.47959845455195,
						18.603151499470346,
						1272.2881000000052
					],
					[
						-98.47974708871259,
						18.6027729918272,
						1271.354800000001
					],
					[
						-98.47981248465004,
						18.60260645574869,
						1270.6880999999994
					],
					[
						-98.47993957294233,
						18.602328225496514,
						1267.8880999999965
					],
					[
						-98.47996909800922,
						18.602228300655465,
						1267.221399999995
					]
				]
			},
			"properties": {
				"OBJETO": "VECTOR",
				"Z": 0,
				"Shape_Length": 109.46154526239405
			}
		},
		{
			"type": "Feature",
			"geometry": {
				"type": "LineString",
				"coordinates": [
					[
						-98.47643174138004,
						18.602996968997914,
						1271.1343999999954
					],
					[
						-98.4766070457253,
						18.602946351500087,
						1270.9737000000023
					]
				]
			},
			"properties": {
				"OBJETO": "VECTOR",
				"Z": 0,
				"Shape_Length": 19.32419633354747
			}
		}
	]
}