{"hasZ":true,"type":"FeatureCollection","features":[{"type":"Feature","id":1,"geometry":{"type":"Polygon","coordinates":[[[-89.623076839104883,20.958976386741597,15.291200000006938],[-89.623185084922156,20.959001547128377,14.831399999995483],[-89.623194682766353,20.959003777512784,14.822100000004866],[-89.623212736771904,20.959007974162766,14.804699999993318],[-89.623234984108407,20.959013145449521,14.783200000005309],[-89.623261252015666,20.959019250693565,14.75789999999688],[-89.623263468730002,20.959010835320065,14.75789999999688],[-89.623343998065891,20.959029553318889,13.882199999992736],[-89.623345187608109,20.959022369007272,13.409700000003795],[-89.623346140694281,20.959016616660168,13.381899999993038],[-89.623341319736838,20.959009308192982,13.009699999995064],[-89.623327389025178,20.958988189880277,13.009699999995064],[-89.623290704429223,20.958977104122226,13.409700000003795],[-89.62327420047481,20.95897211709018,13.409700000003795],[-89.62321867162234,20.958955337255471,13.409700000003795],[-89.623208271621692,20.958952194691996,13.409700000003795],[-89.623096921155309,20.958918545566622,14.036900000006426],[-89.623083897040487,20.958956056741044,15.291200000006938],[-89.62308227623673,20.958960725099601,15.291200000006938],[-89.623076839104883,20.958976386741597,15.291200000006938]]]},"properties":{"OBJECTID":1,"CATEGORIA":"USOS_DE_PREDIO","CODIGO":3009,"ELEMENTO":"Predios ruinosos o con maleza interior","Z":13.0096998,"Shape_Length":66.445164422021008,"Shape_Area":150.57965491695003}},{"type":"Feature","id":2,"geometry":{"type":"Polygon","coordinates":[[[-89.621435054701678,20.959037323293355,12.584600000001956],[-89.621465690604623,20.959043949387834,11.975999999995111],[-89.621609812380257,20.959075118167473,12.138999999995576],[-89.621610815785147,20.959075334765604,12.140100000004168],[-89.6216620447926,20.959086413816451,12.383700000005774],[-89.621720928682507,20.959099148296612,12.66359999999986],[-89.621733165751706,20.959049223232185,11.651299999997718],[-89.621737029702501,20.959033458521159,11.651299999997718],[-89.621748474379359,20.959035933238638,11.725600000005215],[-89.621752078945846,20.959036712926729,11.748999999996158],[-89.621771986047463,20.959041017554178,11.878200000006473],[-89.621797616481416,20.959046561326534,12.044599999993807],[-89.621838284569023,20.959055356059306,12.308600000003935],[-89.621853620374594,20.959058672858106,12.408100000000559],[-89.62186936140526,20.959062077318098,12.510299999994459],[-89.621893834046688,20.959067369836855,12.669099999999162],[-89.62193543319556,20.95907636600338,12.939100000003236],[-89.621983541021535,20.959086769788168,11.692999999999302],[-89.622002070743022,20.959017382431,11.682400000005146],[-89.621911131094549,20.958997513907548,13.784599999999045],[-89.62188296018634,20.958991359180654,13.784599999999045],[-89.621868869424219,20.958988280542773,13.784599999999045],[-89.621829404867469,20.958979657801933,13.784599999999045],[-89.621814796943553,20.958976466133041,13.784599999999045],[-89.62181340466627,20.958976162524543,13.784599999999045],[-89.621688317827804,20.958948832550362,13.784599999999045],[-89.621676947007643,20.958946348566105,13.784599999999045],[-89.621675500683082,20.958946032245034,13.784599999999045],[-89.621631291961776,20.958936373732048,13.784599999999045],[-89.62157138503288,20.958923284780109,13.784599999999045],[-89.62145583684169,20.958898039752469,13.784599999999045],[-89.621428221784711,20.959010702822873,11.873500000001513],[-89.621424020414622,20.959027845069052,11.873500000001513],[-89.621423567236846,20.959029692973932,11.873500000001513],[-89.62142237022104,20.959034579614308,11.927100000000792],[-89.621431865016831,20.95903663382213,11.937799999999697],[-89.621435054701678,20.959037323293355,12.584600000001956]]]},"properties":{"OBJECTID":2,"CATEGORIA":"USOS_DE_PREDIO","CODIGO":3009,"ELEMENTO":"Predios ruinosos o con maleza interior","Z":11.6513004,"Shape_Length":147.46636812157547,"Shape_Area":703.58401786208151}},{"type":"Feature","id":3,"geometry":{"type":"Polygon","coordinates":[[[-89.623076839104883,20.958976386741597,15.291200000006938],[-89.623066685069915,20.959005634097785,15.291200000006938],[-89.623062022137148,20.95901906278646,15.291200000006938],[-89.623051652090723,20.959048931023524,15.291200000006938],[-89.623051484635212,20.959049414825579,15.291200000006938],[-89.623052195527407,20.959049558271769,14.778200000000652],[-89.623068261599883,20.959052805934416,14.99189999999362],[-89.623083176915287,20.959055820314408,15.190300000002026],[-89.623130344935774,20.959065353431907,15.817599999994854],[-89.623130874497619,20.959065460846112,15.824600000007194],[-89.623137570427772,20.959067133696827,15.778900000004796],[-89.623169320155483,20.959075068632199,15.562300000005052],[-89.623196826050759,20.959081943927597,15.374599999995553],[-89.623219040630374,20.959087495823752,15.222999999998137],[-89.62323168433052,20.959090655308646,15.136700000002747],[-89.62323509602443,20.959091508356668,15.113400000002002],[-89.623280606087022,20.959098896478409,15.169599999993807],[-89.623331153538416,20.959107101771956,14.290099999998347],[-89.623343998065891,20.959029553318889,13.882199999992736],[-89.623263468730002,20.959010835320065,14.75789999999688],[-89.623261252015666,20.959019250693565,14.75789999999688],[-89.623234984108407,20.959013145449521,14.783200000005309],[-89.623212736771904,20.959007974162766,14.804699999993318],[-89.623194682766353,20.959003777512784,14.822100000004866],[-89.623185084922156,20.959001547128377,14.831399999995483],[-89.623076839104883,20.958976386741597,15.291200000006938]]]},"properties":{"OBJECTID":3,"CATEGORIA":"USOS_DE_PREDIO","CODIGO":3009,"ELEMENTO":"Predios ruinosos o con maleza interior","Z":13.8822002,"Shape_Length":76.377248201544617,"Shape_Area":248.6456018109715}},{"type":"Feature","id":4,"geometry":{"type":"Polygon","coordinates":[[[-89.62268550671638,20.959136974428869,14.300900000002002],[-89.622735367569732,20.959152324870093,13.360400000005029],[-89.62302738265663,20.959242224124669,13.360400000005029],[-89.623056817176561,20.959245159466182,13.360400000005029],[-89.623064009712763,20.959245876671719,13.360400000005029],[-89.623116140671414,20.959251074600903,13.360400000005029],[-89.623148214914806,20.959256286932732,13.360400000005029],[-89.623157724878354,20.959257831594169,13.459099999992759],[-89.62320259700158,20.95926512301541,13.925099999993108],[-89.623302295609804,20.959281323987376,14.760899999993853],[-89.623310995821313,20.959228801605615,14.407300000006217],[-89.623317749793401,20.959188021986751,14.623200000001816],[-89.62326740579968,20.959178588378645,15.133700000005774],[-89.62326340285226,20.959177838330955,15.108600000006845],[-89.623223072485118,20.959170280183336,14.855899999995017],[-89.623218449475814,20.959169414182394,14.826900000000023],[-89.623205473412057,20.95916698300438,14.745599999994738],[-89.623162261623818,20.959158885048343,14.474799999996321],[-89.623154626031834,20.959157454184719,14.426999999996042],[-89.623142227609364,20.959155131481353,14.412400000001071],[-89.623132339334376,20.959153278446777,14.400800000003073],[-89.622947963660934,20.959118728232152,14.184200000003329],[-89.622864981863614,20.959103178913054,14.086699999999837],[-89.622818292718705,20.959094429256194,14.03179999999702],[-89.62278546104767,20.959088276901273,13.993199999997159],[-89.622739952266713,20.959079749215128,13.939700000002631],[-89.622707756099729,20.959073716172373,13.901899999997113],[-89.622700759857111,20.959072404556228,14.178299999999581],[-89.622694429809016,20.959099200461988,14.229200000001583],[-89.62268550671638,20.959136974428869,14.300900000002002]]]},"properties":{"OBJECTID":4,"CATEGORIA":"USOS_DE_PREDIO","CODIGO":3009,"ELEMENTO":"Predios ruinosos o con maleza interior","Z":13.3604002,"Shape_Length":149.63088360981939,"Shape_Area":668.01181912435277}},{"type":"Feature","id":5,"geometry":{"type":"Polygon","coordinates":[[[-89.62155263718725,20.959234690017094,12.940100000007078],[-89.621771376301112,20.95928623126327,12.940100000007078],[-89.621781654168998,20.959288653505791,12.940100000007078],[-89.621782513137759,20.959288855170676,12.940100000007078],[-89.621893138414109,20.959314922355563,12.940100000007078],[-89.621905109144691,20.959317742887492,12.940100000007078],[-89.621907128229125,20.959318218325482,12.940100000007078],[-89.621920867118163,20.959321455857705,12.226500000004307],[-89.621924368779247,20.959308342100005,11.816300000005867],[-89.621941950268734,20.959242505841011,11.548200000004726],[-89.621942985189008,20.959238631993564,12.653500000000349],[-89.621927227224162,20.959234919024514,14.83190000000468],[-89.621856157617572,20.959218172910258,14.544399999998859],[-89.621815135955657,20.959208506948322,14.37840000000142],[-89.621786012633649,20.959201644573941,14.260599999994156],[-89.621707467030262,20.959183137274078,13.942899999994552],[-89.621683115393054,20.959177398660461,13.84440000000177],[-89.621616458483999,20.959161692360912,13.574699999997392],[-89.621564403297498,20.959149427009574,13.364100000006147],[-89.621515933624067,20.959138005730743,13.168000000005122],[-89.621489991455917,20.95913189339549,13.062999999994645],[-89.621450175296943,20.959122511254023,12.901899999997113],[-89.621415677090539,20.959114381722085,12.79320000000007],[-89.621394778673874,20.959197492850301,13.018200000005891],[-89.621488389255006,20.95921955062154,12.940100000007078],[-89.62155263718725,20.959234690017094,12.940100000007078]]]},"properties":{"OBJECTID":5,"CATEGORIA":"USOS_DE_PREDIO","CODIGO":3009,"ELEMENTO":"Predios ruinosos o con maleza interior","Z":11.5481997,"Shape_Length":131.92347538170267,"Shape_Area":534.45261738070303}},{"type":"Feature","id":6,"geometry":{"type":"Polygon","coordinates":[[[-89.62268550671638,20.959136974428869,14.300900000002002],[-89.622673128533421,20.959189371028248,14.400299999993877],[-89.622661505893973,20.959238575222138,15.091499999994994],[-89.622684102119067,20.959243578694984,14.209700000006706],[-89.622859229208188,20.959282358790986,14.209700000006706],[-89.622892726976517,20.959289775713071,14.209700000006706],[-89.622896514253355,20.959290614860773,14.190400000006775],[-89.622950916788653,20.959302661279818,13.913199999995413],[-89.62305626462296,20.959325989290576,13.376399999993737],[-89.623059644706473,20.959326738096536,13.35920000000624],[-89.623079103068136,20.959331046762923,13.259999999994761],[-89.623085931728824,20.959332558668095,13.225200000000768],[-89.623102052461661,20.959336127804249,13.143100000001141],[-89.623101634193233,20.959338653222254,12.876399999993737],[-89.623187603622767,20.959355642526944,13.957200000004377],[-89.623234235627748,20.959364857925355,14.543399999995017],[-89.623271329627002,20.959372188710223,15.009699999995064],[-89.62327677620074,20.959373265036994,15.078200000003562],[-89.623286740529792,20.959375234262627,15.20339999999851],[-89.623290346691164,20.959353463161104,15.009699999995064],[-89.623302295609804,20.959281323987376,14.760899999993853],[-89.62320259700158,20.95926512301541,13.925099999993108],[-89.623157724878354,20.959257831594169,13.459099999992759],[-89.623148214914806,20.959256286932732,13.360400000005029],[-89.623116140671414,20.959251074600903,13.360400000005029],[-89.623064009712763,20.959245876671719,13.360400000005029],[-89.623056817176561,20.959245159466182,13.360400000005029],[-89.62302738265663,20.959242224124669,13.360400000005029],[-89.622735367569732,20.959152324870093,13.360400000005029],[-89.62268550671638,20.959136974428869,14.300900000002002]]]},"properties":{"OBJECTID":6,"CATEGORIA":"USOS_DE_PREDIO","CODIGO":3009,"ELEMENTO":"Predios ruinosos o con maleza interior","Z":12.8764,"Shape_Length":155.498484345485,"Shape_Area":655.35297686722254}},{"type":"Feature","id":7,"geometry":{"type":"Polygon","coordinates":[[[-89.62142237022104,20.959034579614308,11.927100000000792],[-89.621413381010697,20.959032635903046,11.916899999996531],[-89.621374936839885,20.95902432148533,11.873500000001513],[-89.621333699532684,20.959015403577066,12.07839999999851],[-89.621328282978197,20.959036942487863,12.203200000003562],[-89.621326516692378,20.959043965025366,12.243900000001304],[-89.621318889903336,20.959074297493128,12.419699999998556],[-89.621314990625251,20.959089802718086,12.509600000004866],[-89.621261458861056,20.959302737123263,13.743700000006356],[-89.621248802099231,20.959353022546011,14.03519999999844],[-89.621248067694907,20.959355941055506,14.052100000000792],[-89.621221552180216,20.959461390490173,14.663199999995413],[-89.621221252853829,20.959462580551079,14.670100000003004],[-89.621220555297327,20.959465352230225,14.686199999996461],[-89.621210823327473,20.959504055903096,14.25810000000638],[-89.621311210743158,20.959529825001205,13.842199999999139],[-89.621321640241987,20.959488349645873,13.805600000006962],[-89.621332552422302,20.95944495460563,13.688200000004144],[-89.621337972575816,20.959423401193089,13.629799999995157],[-89.621344578277018,20.959397130151732,13.558699999994133],[-89.621347644266137,20.959384935895798,13.525699999998324],[-89.621394778673874,20.959197492850301,13.018200000005891],[-89.621415677090539,20.959114381722085,12.79320000000007],[-89.621418392593242,20.959103585971697,12.763999999995576],[-89.621424463458794,20.959079442171184,12.698600000003353],[-89.621425524122429,20.959075224842579,12.687200000000303],[-89.621432976540859,20.959045587548744,12.606899999998859],[-89.621434409295688,20.959039888318397,12.591499999994994],[-89.621435054701678,20.959037323293355,12.584600000001956],[-89.621431865016831,20.95903663382213,11.937799999999697],[-89.62142237022104,20.959034579614308,11.927100000000792]]]},"properties":{"OBJECTID":7,"CATEGORIA":"USOS_DE_PREDIO","CODIGO":3009,"ELEMENTO":"Predios ruinosos o con maleza interior","Z":11.8734999,"Shape_Length":133.32770367162078,"Shape_Area":604.26759816054596}},{"type":"Feature","id":8,"geometry":{"type":"Polygon","coordinates":[[[-89.621311210743158,20.959529825001205,13.842199999999139],[-89.621404355938324,20.959553735407304,13.792900000000373],[-89.62142609213825,20.95946729427752,13.385999999998603],[-89.621435824097105,20.959428593306143,13.108099999997648],[-89.621436564736484,20.959425646711551,13.086899999994785],[-89.621438496419842,20.959417967054609,13.03179999999702],[-89.621449942463116,20.959372447491283,12.704899999996996],[-89.621488389255006,20.95921955062154,12.940100000007078],[-89.621394778673874,20.959197492850301,13.018200000005891],[-89.621347644266137,20.959384935895798,13.525699999998324],[-89.621344578277018,20.959397130151732,13.558699999994133],[-89.621337972575816,20.959423401193089,13.629799999995157],[-89.621332552422302,20.95944495460563,13.688200000004144],[-89.621321640241987,20.959488349645873,13.805600000006962],[-89.621311210743158,20.959529825001205,13.842199999999139]]]},"properties":{"OBJECTID":8,"CATEGORIA":"USOS_DE_PREDIO","CODIGO":3009,"ELEMENTO":"Predios ruinosos o con maleza interior","Z":12.7048998,"Shape_Length":95.953891551577115,"Shape_Area":380.88714188636141}},{"type":"Feature","id":9,"geometry":{"type":"Polygon","coordinates":[[[-89.619592927818971,20.959487277642523,14.662500000005821],[-89.619684095385793,20.959508745579772,14.181400000001304],[-89.61969059177612,20.959510275371979,14.083499999993364],[-89.619692777823261,20.959510789801488,14.050600000002305],[-89.619705450176653,20.959513773956452,13.859599999996135],[-89.619710913861169,20.95951506050309,13.77730000000156],[-89.619834353967633,20.959544127259559,13.493900000001304],[-89.619880622061814,20.959555022189214,13.387700000006589],[-89.62000433633483,20.959584154121245,13.103600000002189],[-89.620021315086731,20.959524992176068,13.066200000001118],[-89.619978439828941,20.959513923232354,13.402700000006007],[-89.619935378236519,20.959502806581892,13.740699999994831],[-89.619922223885411,20.959499410927322,13.843900000007125],[-89.619904213895239,20.959494761817329,13.98519999999553],[-89.619896351599877,20.95949273208285,14.046900000001187],[-89.619856007010625,20.959482316692728,14.36359999999695],[-89.619758301390945,20.959457093242332,15.130399999994552],[-89.619746597263159,20.959454071633946,15.222200000003795],[-89.619744044414645,20.959453412969207,15.242199999993318],[-89.619726834847981,20.959448970026276,15.377299999992829],[-89.619701774585081,20.959442500770674,15.415500000002794],[-89.619683703768786,20.959437835416793,15.442999999999302],[-89.619681833198314,20.959444228447097,15.79210000000603],[-89.619625268736982,20.959429625693403,15.79210000000603],[-89.619627139309813,20.959423232663475,15.529099999999744],[-89.619610054305952,20.959418822101888,14.546400000006543],[-89.619592927818971,20.959487277642523,14.662500000005821]]]},"properties":{"OBJECTID":9,"CATEGORIA":"USOS_DE_PREDIO","CODIGO":3009,"ELEMENTO":"Predios ruinosos o con maleza interior","Z":13.0662003,"Shape_Length":104.55797002840599,"Shape_Area":317.99812204351304}},{"type":"Feature","id":10,"geometry":{"type":"Polygon","coordinates":[[[-89.621404355938324,20.959553735407304,13.792900000000373],[-89.621468283971993,20.95957014465149,13.916500000006636],[-89.621488877709311,20.95948824803688,14.01929999999993],[-89.621490291638196,20.959482626741774,13.983500000002095],[-89.621500022619657,20.959443925783205,13.737399999998161],[-89.621500552060979,20.959441821195288,13.724000000001979],[-89.621507829180203,20.959412879992829,13.539999999993597],[-89.621514140946047,20.959387779062872,13.380399999994552],[-89.621516451931484,20.959378590306851,13.321899999995367],[-89.62152078618854,20.959361352117099,13.212299999999232],[-89.621528830090355,20.959329365505436,13.008900000000722],[-89.6215402123145,20.959284101527277,12.721000000005006],[-89.621543548811616,20.95927082960619,12.636599999997998],[-89.62155263718725,20.959234690017094,12.940100000007078],[-89.621488389255006,20.95921955062154,12.940100000007078],[-89.621449942463116,20.959372447491283,12.704899999996996],[-89.621438496419842,20.959417967054609,13.03179999999702],[-89.621436564736484,20.959425646711551,13.086899999994785],[-89.621435824097105,20.959428593306143,13.108099999997648],[-89.62142609213825,20.95946729427752,13.385999999998603],[-89.621404355938324,20.959553735407304,13.792900000000373]]]},"properties":{"OBJECTID":10,"CATEGORIA":"USOS_DE_PREDIO","CODIGO":3009,"ELEMENTO":"Predios ruinosos o con maleza interior","Z":12.6365995,"Shape_Length":90.007770511532257,"Shape_Area":262.63711335994697}},{"type":"Feature","id":11,"geometry":{"type":"Polygon","coordinates":[[[-89.619592927818971,20.959487277642523,14.662500000005821],[-89.619589955232328,20.959499158956437,14.246400000003632],[-89.619585250128821,20.95951796476902,14.294200000003912],[-89.619579884570044,20.959539411674225,14.348800000007031],[-89.619576166183847,20.959554276674492,14.386599999997998],[-89.619571246277573,20.959573938993554,14.436600000000908],[-89.619566481885272,20.959592983170026,14.485100000005332],[-89.619564160817163,20.959602262351556,14.808099999994738],[-89.619659668879805,20.959626141022035,15.40690000000177],[-89.619722351727248,20.959641812579363,15.40690000000177],[-89.619724073020521,20.95964224296435,15.397899999996298],[-89.61975196123629,20.959649214967538,15.252099999997881],[-89.61980360486173,20.95966212732786,14.982199999998556],[-89.619821230978786,20.959666534061817,14.890100000004168],[-89.619824168657175,20.959667268065985,14.874700000000303],[-89.619969368393399,20.959703569756115,14.115799999999581],[-89.619977810752573,20.959705680853499,14.071700000000419],[-89.620062454390435,20.95972684259127,13.629199999995762],[-89.620075951530779,20.959681128126654,12.994600000005448],[-89.620092519157041,20.959625016044303,12.799499999993714],[-89.620098066457444,20.959606225262213,12.888399999996182],[-89.62000433633483,20.959584154121245,13.103600000002189],[-89.619880622061814,20.959555022189214,13.387700000006589],[-89.619834353967633,20.959544127259559,13.493900000001304],[-89.619710913861169,20.95951506050309,13.77730000000156],[-89.619705450176653,20.959513773956452,13.859599999996135],[-89.619692777823261,20.959510789801488,14.050600000002305],[-89.61969059177612,20.959510275371979,14.083499999993364],[-89.619684095385793,20.959508745579772,14.181400000001304],[-89.619592927818971,20.959487277642523,14.662500000005821]]]},"properties":{"OBJECTID":11,"CATEGORIA":"USOS_DE_PREDIO","CODIGO":3009,"ELEMENTO":"Predios ruinosos o con maleza interior","Z":12.7995005,"Shape_Length":134.79062429075225,"Shape_Area":726.41143364671643}},{"type":"Feature","id":12,"geometry":{"type":"Polygon","coordinates":[[[-89.620792835885652,20.959676689237355,15.12850000000617],[-89.620797798780771,20.959677974421332,15.123000000006869],[-89.620968564472335,20.95972217118878,14.934800000002724],[-89.620995560660106,20.959618975146761,13.281000000002678],[-89.621002016381325,20.959594297261187,13.281000000002678],[-89.621015338779273,20.959543373218889,13.27039999999397],[-89.621015104156896,20.959543312724602,13.264599999994971],[-89.620839610415601,20.959497892196996,12.955300000001444],[-89.62082893374091,20.959538705024812,13.014400000000023],[-89.620827674843099,20.959543516774314,13.014400000000023],[-89.620810353156472,20.959609729974794,13.014400000000023],[-89.620795253661512,20.959667448284325,13.014400000000023],[-89.620792835885652,20.959676689237355,15.12850000000617]]]},"properties":{"OBJECTID":12,"CATEGORIA":"USOS_DE_PREDIO","CODIGO":3009,"ELEMENTO":"Predios ruinosos o con maleza interior","Z":12.9553003,"Shape_Length":78.723294180639712,"Shape_Area":386.67331018117858}},{"type":"Feature","id":13,"geometry":{"type":"Polygon","coordinates":[[[-89.620968564472335,20.95972217118878,14.934800000002724],[-89.621079695474364,20.959750934273504,14.812300000005052],[-89.621117423058791,20.959760698022482,14.770699999993667],[-89.621128454757283,20.959718530847589,13.559500000003027],[-89.621131329347619,20.959707541245905,13.701499999995576],[-89.621131670012659,20.959706241303017,13.718299999993178],[-89.621138368135831,20.959680637864341,14.049199999994016],[-89.621139962206655,20.95967454250648,14.12850000000617],[-89.621164198166824,20.95958190091763,14.143599999995786],[-89.621116941685514,20.959569669967184,13.46129999999539],[-89.621030285346237,20.959547241404177,13.293999999994412],[-89.621015338779273,20.959543373218889,13.27039999999397],[-89.621002016381325,20.959594297261187,13.281000000002678],[-89.620995560660106,20.959618975146761,13.281000000002678],[-89.620968564472335,20.95972217118878,14.934800000002724]]]},"properties":{"OBJECTID":13,"CATEGORIA":"USOS_DE_PREDIO","CODIGO":3009,"ELEMENTO":"Predios ruinosos o con maleza interior","Z":13.2704,"Shape_Length":72.923281656322843,"Shape_Area":327.55171362396209}},{"type":"Feature","id":14,"geometry":{"type":"Polygon","coordinates":[[[-89.620716265554975,20.959704624087394,14.01929999999993],[-89.620739239691076,20.959710737942462,13.840500000005704],[-89.620761750301867,20.959716728008452,13.779099999999744],[-89.620806032799123,20.959728511834765,13.658299999995506],[-89.620853034618179,20.959741019450256,13.529999999998836],[-89.62088797722727,20.95975031867852,13.434699999997974],[-89.621236832692887,20.959843152292912,12.482799999997951],[-89.621237499951917,20.959843328920694,13.067299999995157],[-89.621237679881517,20.959842457600622,13.074299999992945],[-89.621244098895886,20.959811486430119,14.140299999999115],[-89.6212476399824,20.95979440038888,14.688399999999092],[-89.621224422546447,20.959788391468688,14.688399999999092],[-89.621117423058791,20.959760698022482,14.770699999993667],[-89.621079695474364,20.959750934273504,14.812300000005052],[-89.620968564472335,20.95972217118878,14.934800000002724],[-89.620797798780771,20.959677974421332,15.123000000006869],[-89.620792835885652,20.959676689237355,15.12850000000617],[-89.620776555895716,20.959672475881312,15.146500000002561],[-89.620774102456792,20.959671840983994,15.149199999999837],[-89.62077183343618,20.95967125381048,15.151700000002165],[-89.62076135828282,20.959668542917928,15.163199999995413],[-89.620740692803778,20.959663194396224,15.186000000001513],[-89.620726280155409,20.95965946333494,15.201900000000023],[-89.620724505923718,20.959667465595601,13.941600000005565],[-89.620722703129175,20.959675593793278,13.971300000004703],[-89.620717902550481,20.959697240591655,14.050399999992806],[-89.620716265554975,20.959704624087394,14.01929999999993]]]},"properties":{"OBJECTID":14,"CATEGORIA":"USOS_DE_PREDIO","CODIGO":3009,"ELEMENTO":"Predios ruinosos o con maleza interior","Z":12.4827995,"Shape_Length":123.27194213328048,"Shape_Area":298.56556932424496}},{"type":"Feature","id":15,"geometry":{"type":"Polygon","coordinates":[[[-89.621404121044748,20.95985206501464,14.812200000000303],[-89.62145878702222,20.959865927115096,15.473599999997532],[-89.621459800432348,20.959862472527654,15.468800000002375],[-89.621465253072259,20.95984388541304,15.443100000004051],[-89.621483754728601,20.959780809516175,15.356100000004517],[-89.621491118974262,20.959755706840216,15.321400000000722],[-89.621501809154225,20.959719261819185,15.271099999998114],[-89.62151540076357,20.959672927366608,15.207099999999627],[-89.621515436130792,20.959672805839158,14.556200000006356],[-89.621477568542588,20.95966300550965,14.157800000000861],[-89.621463227353971,20.959659294178962,14.130099999994854],[-89.621403385961287,20.959643806186563,14.500899999999092],[-89.621376441337915,20.959735665154014,14.841199999995297],[-89.621374861765631,20.959741047933008,14.804099999993923],[-89.621368583537333,20.959762451129176,14.65679999999702],[-89.62135632285451,20.959804249892677,14.369000000006054],[-89.621352349029536,20.95981779525178,14.275800000003073],[-89.621346577045529,20.959837472515435,14.57060000000638],[-89.621404121044748,20.95985206501464,14.812200000000303]]]},"properties":{"OBJECTID":15,"CATEGORIA":"USOS_DE_PREDIO","CODIGO":3009,"ELEMENTO":"Predios ruinosos o con maleza interior","Z":14.1301003,"Shape_Length":68.629835517026493,"Shape_Area":268.73367097467246}},{"type":"Feature","id":16,"geometry":{"type":"Polygon","coordinates":[[[-89.620706366855387,20.959749265717598,14.276199999992969],[-89.620751850654827,20.959761369654682,14.161800000001676],[-89.62079286535085,20.959772283726736,13.994099999996251],[-89.620821678869262,20.959779950965061,13.876300000003539],[-89.620878078562768,20.959794959410829,13.645799999998417],[-89.620893963768154,20.959799186953553,13.580900000000838],[-89.62090502159667,20.959802129035783,13.535699999993085],[-89.62093243879302,20.959809425889379,13.423599999994622],[-89.621186029464951,20.959876908078048,12.386899999997695],[-89.621228213641174,20.959888133593687,12.707800000003772],[-89.621230537428787,20.959876921331418,12.797800000000279],[-89.621237499951917,20.959843328920694,13.067299999995157],[-89.621236832692887,20.959843152292912,12.482799999997951],[-89.62088797722727,20.95975031867852,13.434699999997974],[-89.620853034618179,20.959741019450256,13.529999999998836],[-89.620806032799123,20.959728511834765,13.658299999995506],[-89.620761750301867,20.959716728008452,13.779099999999744],[-89.620739239691076,20.959710737942462,13.840500000005704],[-89.620716265554975,20.959704624087394,14.01929999999993],[-89.620712698342146,20.959720711057372,14.136199999993551],[-89.620708406629532,20.959740064887605,14.20690000000468],[-89.620706366855387,20.959749265717598,14.276199999992969]]]},"properties":{"OBJECTID":16,"CATEGORIA":"USOS_DE_PREDIO","CODIGO":3009,"ELEMENTO":"Predios ruinosos o con maleza interior","Z":12.3868999,"Shape_Length":122.91375932709484,"Shape_Area":284.19134694612609}},{"type":"Feature","id":17,"geometry":{"type":"Polygon","coordinates":[[[-89.620696718489611,20.959792774018091,14.115600000004633],[-89.620743369776136,20.959805187739207,13.285799999997835],[-89.620824341819343,20.95982673599898,12.831200000000536],[-89.620858005884614,20.959835693751952,12.642200000002049],[-89.62088109978221,20.959841839149277,12.51249999999709],[-89.620894804516197,20.959845486283449,12.435599999997066],[-89.620919574817819,20.959852078086914,12.29649999999674],[-89.621076968764328,20.959893962316425,11.412800000005518],[-89.62121916318381,20.959931801547889,12.357399999993504],[-89.621228213641174,20.959888133593687,12.707800000003772],[-89.621186029464951,20.959876908078048,12.386899999997695],[-89.62093243879302,20.959809425889379,13.423599999994622],[-89.62090502159667,20.959802129035783,13.535699999993085],[-89.620893963768154,20.959799186953553,13.580900000000838],[-89.620878078562768,20.959794959410829,13.645799999998417],[-89.620821678869262,20.959779950965061,13.876300000003539],[-89.62079286535085,20.959772283726736,13.994099999996251],[-89.620751850654827,20.959761369654682,14.161800000001676],[-89.620706366855387,20.959749265717598,14.276199999992969],[-89.620701177737175,20.959772664625056,14.326000000000931],[-89.620696718489611,20.959792774018091,14.115600000004633]]]},"properties":{"OBJECTID":17,"CATEGORIA":"USOS_DE_PREDIO","CODIGO":3009,"ELEMENTO":"Predios ruinosos o con maleza interior","Z":11.4127998,"Shape_Length":122.78813173957553,"Shape_Area":277.30203757541256}},{"type":"Feature","id":18,"geometry":{"type":"Polygon","coordinates":[[[-89.620696718489611,20.959792774018091,14.115600000004633],[-89.620689123349806,20.959827026207037,14.524699999994482],[-89.620686419586946,20.959839215788122,14.49539999999979],[-89.620692453064763,20.959840821276718,14.326199999995879],[-89.620733070887823,20.959851629510574,14.181200000006356],[-89.620734102226109,20.959851904369895,14.177500000005239],[-89.620814043916909,20.959873177757885,13.892300000006799],[-89.620832983527052,20.959878217851173,13.824699999997392],[-89.620834626123184,20.959878654851934,13.818799999993644],[-89.620867367997832,20.959887367664646,13.702000000004773],[-89.620905843044895,20.959897606604201,13.564700000002631],[-89.621177106537246,20.959969791728959,12.5966000000044],[-89.621203467323454,20.959976806841087,12.502500000002328],[-89.621209502732185,20.959978412280581,12.480999999999767],[-89.621214734559047,20.959953167259766,12.186000000001513],[-89.62121916318381,20.959931801547889,12.357399999993504],[-89.621076968764328,20.959893962316425,11.412800000005518],[-89.620919574817819,20.959852078086914,12.29649999999674],[-89.620894804516197,20.959845486283449,12.435599999997066],[-89.62088109978221,20.959841839149277,12.51249999999709],[-89.620858005884614,20.959835693751952,12.642200000002049],[-89.620824341819343,20.95982673599898,12.831200000000536],[-89.620743369776136,20.959805187739207,13.285799999997835],[-89.620696718489611,20.959792774018091,14.115600000004633]]]},"properties":{"OBJECTID":18,"CATEGORIA":"USOS_DE_PREDIO","CODIGO":3009,"ELEMENTO":"Predios ruinosos o con maleza interior","Z":11.4127998,"Shape_Length":123.58582787447666,"Shape_Area":296.34802492925235}},{"type":"Feature","id":19,"geometry":{"type":"Polygon","coordinates":[[[-89.61696761888247,20.959945179068924,14.736799999998766],[-89.617066324303153,20.959968919822803,13.906099999992875],[-89.617068599355008,20.959969467228056,13.889200000005076],[-89.617104634296169,20.959978133818378,13.620899999994435],[-89.617138492659137,20.959986277666982,13.368799999996554],[-89.617147060045312,20.959988338232218,13.304999999993015],[-89.617203287625273,20.960001861745834,12.88640000000305],[-89.617527498168414,20.960079840427628,10.47269999999844],[-89.617540717010201,20.960083019492828,12.124299999995856],[-89.617543106204778,20.960068039507398,12.02379999999539],[-89.617543225785866,20.960067289197106,12.018800000005285],[-89.617547617666929,20.960039752127518,12.207399999999325],[-89.617544555948626,20.960039015474788,11.707599999994272],[-89.617542842656064,20.960038603001962,11.707599999994272],[-89.617501174587773,20.960028581167389,12.552100000000792],[-89.617402565621276,20.960004864474541,12.374299999995856],[-89.617379720526742,20.959999369347898,12.729900000005728],[-89.617371117426501,20.959997300314676,11.707599999994272],[-89.617354745180521,20.959993362512815,11.841199999995297],[-89.617333362422329,20.959988219605908,12.015599999998813],[-89.617288287122037,20.959977378789144,12.383300000001327],[-89.617276852991751,20.959974628236061,12.476599999994505],[-89.617262204658431,20.959971105445938,12.596099999995204],[-89.617259837909046,20.959970535977337,12.615399999995134],[-89.617211462482757,20.959958900748166,13.009999999994761],[-89.617128136077483,20.959938859456777,13.689799999992829],[-89.617116127636123,20.959935970546415,13.787800000005518],[-89.617101993779613,20.959932571658054,13.903099999995902],[-89.617077127523473,20.959926591093428,14.105899999995017],[-89.616978863240334,20.959902956426312,14.89100000000326],[-89.61696761888247,20.959945179068924,14.736799999998766]]]},"properties":{"OBJECTID":19,"CATEGORIA":"USOS_DE_PREDIO","CODIGO":3009,"ELEMENTO":"Predios ruinosos o con maleza interior","Z":10.4727001,"Shape_Length":132.31240519106078,"Shape_Area":295.64922894717233}},{"type":"Feature","id":20,"geometry":{"type":"Polygon","coordinates":[[[-89.621404121044748,20.95985206501464,14.812200000000303],[-89.621381145912238,20.959932005646053,11.414399999994203],[-89.621442487068151,20.959947559946265,11.880399999994552],[-89.62144879632622,20.959949160261324,11.928299999999581],[-89.6215288625163,20.959969463516952,12.536500000001979],[-89.621532057213486,20.959970273890693,12.560800000006566],[-89.621559396976934,20.959977206170187,12.768500000005588],[-89.621647318155922,20.959999502115284,13.43640000000596],[-89.621648960392818,20.959999918347577,13.44890000000305],[-89.621660781426996,20.960002915447305,13.53870000000461],[-89.621703280805136,20.960013692684324,13.861600000003818],[-89.621755567970197,20.96002695115309,14.574500000002445],[-89.621773267664111,20.959945673263235,14.722099999999045],[-89.621679979553036,20.959922017184354,15.19199999999546],[-89.621677664386098,20.959921429830739,15.195999999996275],[-89.621652379118316,20.959915018511246,15.240200000000186],[-89.621648100215438,20.959913933196667,15.247700000007171],[-89.621582372015723,20.959897265524344,15.362399999998161],[-89.621577835349612,20.95989611555618,15.370299999995041],[-89.621569569131054,20.959894019888615,15.384699999995064],[-89.621561638873914,20.959892008435137,15.5625],[-89.621551672481203,20.959889481173278,15.431700000001001],[-89.621550510077753,20.959889186666842,15.426800000001094],[-89.621545262816355,20.959887855320822,15.404800000003888],[-89.62145878702222,20.959865927115096,15.473599999997532],[-89.621404121044748,20.95985206501464,14.812200000000303]]]},"properties":{"OBJECTID":20,"CATEGORIA":"USOS_DE_PREDIO","CODIGO":3009,"ELEMENTO":"Predios ruinosos o con maleza interior","Z":11.4144001,"Shape_Length":98.501823190963222,"Shape_Area":367.53403366971162}},{"type":"Feature","id":21,"geometry":{"type":"Polygon","coordinates":[[[-89.61696761888247,20.959945179068924,14.736799999998766],[-89.616955100638378,20.959992188393297,14.560400000002119],[-89.617055946812101,20.960015882730048,13.947299999999814],[-89.617126212646312,20.960032392214384,13.680699999997159],[-89.617134791741577,20.960034407457023,13.648100000005797],[-89.617179493045171,20.960044910970236,13.478499999997439],[-89.617186092642129,20.960046460941893,13.45350000000326],[-89.617484888601638,20.960116663650634,12.319799999997485],[-89.617507994982816,20.960122093352776,12.232099999993807],[-89.61751738480578,20.960124299265551,12.729900000005728],[-89.617523927477478,20.960125836554937,12.729900000005728],[-89.617533527711402,20.960128092503492,12.729900000005728],[-89.617534770462896,20.960120304277741,12.729900000005728],[-89.617540717010201,20.960083019492828,12.124299999995856],[-89.617527498168414,20.960079840427628,10.47269999999844],[-89.617203287625273,20.960001861745834,12.88640000000305],[-89.617147060045312,20.959988338232218,13.304999999993015],[-89.617138492659137,20.959986277666982,13.368799999996554],[-89.617104634296169,20.959978133818378,13.620899999994435],[-89.617068599355008,20.959969467228056,13.889200000005076],[-89.617066324303153,20.959968919822803,13.906099999992875],[-89.61696761888247,20.959945179068924,14.736799999998766]]]},"properties":{"OBJECTID":21,"CATEGORIA":"USOS_DE_PREDIO","CODIGO":3009,"ELEMENTO":"Predios ruinosos o con maleza interior","Z":10.4727001,"Shape_Length":134.01264625943105,"Shape_Area":321.08740957381815}},{"type":"Feature","id":22,"geometry":{"type":"Polygon","coordinates":[[[-89.617663524360069,20.96008815271534,15.500199999994948],[-89.617652476267722,20.960140311988582,14.738299999997253],[-89.617651675118708,20.960144093748273,14.683099999994738],[-89.617648917285834,20.960157112059175,14.492899999997462],[-89.61764432624868,20.960178785386368,15.4262000000017],[-89.617665673432896,20.960182932036574,15.435100000002421],[-89.617784103306874,20.960205934157006,15.484599999996135],[-89.617873540812781,20.960223305350286,15.521999999997206],[-89.617903384823919,20.960229101874067,15.534499999994296],[-89.617910866069437,20.960230554304601,15.537599999996019],[-89.617971762563926,20.960242382470504,15.563099999999395],[-89.618020013158045,20.960251754104988,15.583299999998417],[-89.618069193475932,20.960261305555857,15.308799999998882],[-89.618085796703852,20.960177992510292,15.177299999995739],[-89.618083791303064,20.960177530359591,15.026199999992969],[-89.61806039828997,20.960172145771182,15.026199999992969],[-89.618060016125838,20.960172057745236,15.026199999992969],[-89.618057040838011,20.960171372140287,15.026199999992969],[-89.618037320839278,20.960166833074329,15.107399999993504],[-89.618001236327046,20.960158525888982,15.581300000005285],[-89.617990752902102,20.960156112896051,15.718999999997322],[-89.617935220546173,20.96014332925245,16.448399999993853],[-89.617932016543691,20.960142591181647,16.44210000000021],[-89.617918804901237,20.960139550175501,16.415999999997439],[-89.617895865453335,20.960134268744206,16.370699999999488],[-89.617887122027042,20.960132256066142,16.353400000007241],[-89.617859248255272,20.960125839698961,16.298399999999674],[-89.617714794503655,20.960092585442496,16.013300000005984],[-89.617713001437082,20.960092173294143,16.009799999999814],[-89.617703651955793,20.960090020944286,15.991299999994226],[-89.617665012961467,20.960081125437316,15.914999999993597],[-89.617663524360069,20.96008815271534,15.500199999994948]]]},"properties":{"OBJECTID":22,"CATEGORIA":"USOS_DE_PREDIO","CODIGO":3009,"ELEMENTO":"Predios ruinosos o con maleza interior","Z":14.4928999,"Shape_Length":110.64162131280396,"Shape_Area":460.2688518961026}},{"type":"Feature","id":23,"geometry":{"type":"Polygon","coordinates":[[[-89.621180628638143,20.960117727293838,10.865699999994831],[-89.621462478295243,20.960186665798627,12.430999999996857],[-89.621471055996864,20.960188763900881,12.479099999996834],[-89.621497846106323,20.960195316412847,12.629199999995762],[-89.621503850305814,20.960196785086108,12.712100000004284],[-89.621507262666071,20.960197620099898,12.759200000000419],[-89.621584389580676,20.960216484233317,13.823600000003353],[-89.621593166133849,20.960218630732768,13.944699999992736],[-89.621612574569852,20.960223378215733,14.212499999994179],[-89.621613783132176,20.960223673817044,14.229200000001583],[-89.621623422570153,20.960225805233279,14.247300000002724],[-89.621708182148069,20.960244550069756,14.916200000006938],[-89.621723335768394,20.96017496186964,14.348700000002282],[-89.621700700093015,20.960169136380081,12.984700000000885],[-89.621660029424888,20.960158667777652,12.984700000000885],[-89.621654875473595,20.960157341320354,13.340299999996205],[-89.621650067172297,20.960156103442387,13.318100000004051],[-89.621638532088653,20.9601531344465,13.264899999994668],[-89.621520371620065,20.96012272204198,12.720300000000861],[-89.62146206283461,20.960107713402667,12.451499999995576],[-89.62143527928518,20.960100819501136,12.327999999994063],[-89.62143318218321,20.96010028025265,12.318299999998999],[-89.621384903236702,20.960087852951542,12.095799999995506],[-89.621196851731739,20.960039450688217,12.095799999995506],[-89.621191182828781,20.9600668060983,11.274199999999837],[-89.621187377454518,20.960085162918485,11.126900000002934],[-89.621180628638143,20.960117727293838,10.865699999994831]]]},"properties":{"OBJECTID":23,"CATEGORIA":"USOS_DE_PREDIO","CODIGO":3009,"ELEMENTO":"Predios ruinosos o con maleza interior","Z":10.8656998,"Shape_Length":130.16747716481751,"Shape_Area":478.34708453405688}},{"type":"Feature","id":24,"geometry":{"type":"Polygon","coordinates":[[[-89.616908059966676,20.960168839154889,14.435100000002421],[-89.61695416466479,20.960181608124689,14.774300000004587],[-89.617042980122591,20.960206207709636,14.774300000004587],[-89.617075654736084,20.960215257261432,14.774300000004587],[-89.61711918933959,20.960227314475116,14.774300000004587],[-89.617152956339368,20.960236666846768,14.774300000004587],[-89.617159230495076,20.96023840509844,14.774300000004587],[-89.61718461296978,20.960245434969831,14.774300000004587],[-89.6171994706135,20.960249550439045,14.774300000004587],[-89.61726363091536,20.960267320131816,14.774300000004587],[-89.617272148731161,20.960269679395289,14.774300000004587],[-89.617306545481355,20.960279206245804,14.774300000004587],[-89.617467332193087,20.960323738606199,16.107600000003004],[-89.617483848212743,20.960328313411999,16.907600000005914],[-89.617501012335467,20.960331964563142,14.698600000003353],[-89.617505995184061,20.960300718483673,11.396500000002561],[-89.61751966137102,20.960215033617946,12.729900000005728],[-89.617506206379304,20.960211872625521,12.763500000000931],[-89.617490461098072,20.960208172592704,12.802800000004936],[-89.617430084947472,20.960193987910149,12.953599999993457],[-89.617258189017605,20.960153600539108,13.38289999999688],[-89.617238628551746,20.96014900385304,13.431800000005751],[-89.617156888136051,20.960129798654197,13.635999999998603],[-89.617148721144773,20.960127880010049,13.656400000007125],[-89.617132330216236,20.960124029149362,13.697400000004563],[-89.617105053485986,20.960117619736966,13.765499999994063],[-89.61703276373639,20.960100635728146,13.945999999996275],[-89.616932495618954,20.960077076963035,14.384500000000116],[-89.616908059966676,20.960168839154889,14.435100000002421]]]},"properties":{"OBJECTID":24,"CATEGORIA":"USOS_DE_PREDIO","CODIGO":3009,"ELEMENTO":"Predios ruinosos o con maleza interior","Z":11.3964996,"Shape_Length":150.84613631628778,"Shape_Area":750.70810420595728}},{"type":"Feature","id":25,"geometry":{"type":"Polygon","coordinates":[[[-89.620602260460004,20.96021873946215,16.032500000001164],[-89.620651315335863,20.960231346460521,15.693299999998999],[-89.620726481598894,20.96025066458775,14.940300000002026],[-89.620736309571129,20.960253190414516,14.841899999999441],[-89.620739870400314,20.960254106223708,15.029200000004494],[-89.620741299219745,20.960254410180926,15.01919999999518],[-89.620812480493555,20.960269597574083,14.522400000001653],[-89.620874744327622,20.960282881630331,14.087899999998626],[-89.620953843536668,20.960299757411356,13.535900000002584],[-89.620969128502779,20.960303018181701,14.878899999996065],[-89.620974965961636,20.960278877979292,14.909499999994296],[-89.620985381184042,20.96023580479002,14.964200000002165],[-89.620933470814634,20.960224754104601,14.851399999999558],[-89.620890852139325,20.960215681306554,14.474400000006426],[-89.620853431655505,20.960207715806749,14.143400000000838],[-89.620806842974872,20.960197798479356,13.731299999999464],[-89.620796948299073,20.960195691707082,13.643800000005285],[-89.6207927785713,20.960194804224283,13.606899999998859],[-89.620786467064491,20.960193461235214,13.676699999996345],[-89.620755162239732,20.96018679657108,14.0228000000061],[-89.620615917205541,20.960157154726456,15.67500000000291],[-89.620602260460004,20.96021873946215,16.032500000001164]]]},"properties":{"OBJECTID":25,"CATEGORIA":"USOS_DE_PREDIO","CODIGO":3009,"ELEMENTO":"Predios ruinosos o con maleza interior","Z":13.5359001,"Shape_Length":93.328934162291063,"Shape_Area":295.26095185362965}},{"type":"Feature","id":26,"geometry":{"type":"Polygon","coordinates":[[[-89.621180628638143,20.960117727293838,10.865699999994831],[-89.621169161274508,20.960173056760471,11.043999999994412],[-89.621267672262903,20.960201435084276,15.377299999992829],[-89.621275925310002,20.960203601391072,13.023600000000442],[-89.621317439664509,20.960214497703848,13.202699999994365],[-89.621345674999844,20.960221909199294,13.324500000002445],[-89.621437693481013,20.960246058080628,13.721499999999651],[-89.621449946144466,20.960249277879903,13.774399999994785],[-89.621555554678125,20.96027699699291,14.229999999995925],[-89.621597315299283,20.960287958062132,14.41019999999844],[-89.621596575004688,20.960291089738433,14.41019999999844],[-89.621693639804363,20.96031132548196,15.007100000002538],[-89.621708182148069,20.960244550069756,14.916200000006938],[-89.621623422570153,20.960225805233279,14.247300000002724],[-89.621613783132176,20.960223673817044,14.229200000001583],[-89.621612574569852,20.960223378215733,14.212499999994179],[-89.621593166133849,20.960218630732768,13.944699999992736],[-89.621584389580676,20.960216484233317,13.823600000003353],[-89.621507262666071,20.960197620099898,12.759200000000419],[-89.621503850305814,20.960196785086108,12.712100000004284],[-89.621497846106323,20.960195316412847,12.629199999995762],[-89.621471055996864,20.960188763900881,12.479099999996834],[-89.621462478295243,20.960186665798627,12.430999999996857],[-89.621180628638143,20.960117727293838,10.865699999994831]]]},"properties":{"OBJECTID":26,"CATEGORIA":"USOS_DE_PREDIO","CODIGO":3009,"ELEMENTO":"Predios ruinosos o con maleza interior","Z":10.8656998,"Shape_Length":127.4949502328499,"Shape_Area":397.25658105337061}},{"type":"Feature","id":27,"geometry":{"type":"Polygon","coordinates":[[[-89.621239785110888,20.960319180922955,15.377299999992829],[-89.621284997828553,20.960329672746468,14.282600000005914],[-89.621300672885837,20.960333310298072,14.272899999996298],[-89.621392851922181,20.960354701196845,14.215800000005402],[-89.621474834747247,20.960373725413199,14.164999999993597],[-89.621482165618403,20.960375427380008,14.160499999998137],[-89.621534822135999,20.960387646448769,14.127800000002026],[-89.621594265207136,20.96040144040759,14.091000000000349],[-89.62167017955818,20.960419056433629,15.029699999999139],[-89.621681387328522,20.960367591575544,14.871700000003329],[-89.621632561950236,20.960357457902418,13.530499999993481],[-89.621596185778628,20.960349908073077,13.3466000000044],[-89.621575883100761,20.960345693492783,13.244000000006054],[-89.621550176290512,20.960340357636998,13.244000000006054],[-89.621529629570375,20.960336093536757,13.244000000006054],[-89.621249548177914,20.960277959592716,15.377299999992829],[-89.621239785110888,20.960319180922955,15.377299999992829]]]},"properties":{"OBJECTID":27,"CATEGORIA":"USOS_DE_PREDIO","CODIGO":3009,"ELEMENTO":"Predios ruinosos o con maleza interior","Z":13.2440004,"Shape_Length":102.64409989687154,"Shape_Area":241.73649950393482}},{"type":"Feature","id":28,"geometry":{"type":"Polygon","coordinates":[[[-89.618952335884472,20.960369164576424,14.995699999999488],[-89.618940240566019,20.960407972212767,14.943299999998999],[-89.618934757725143,20.960425562076814,14.919500000003609],[-89.618930124201228,20.9604404266891,14.899399999994785],[-89.618936713833946,20.960442120297738,14.33980000000156],[-89.618946841090249,20.960444721984363,14.372900000002119],[-89.619010566915492,20.960461098232638,14.293900000004214],[-89.619022103836016,20.960464062866858,14.279599999994389],[-89.619023886179832,20.960464521211446,14.27740000000631],[-89.619053197233541,20.960472052891703,14.241099999999278],[-89.619059650732112,20.960473711570422,14.233099999997648],[-89.619107291118709,20.960485954335031,14.174100000003818],[-89.619108468079631,20.960486256760163,14.172600000005332],[-89.619224867540325,20.960516167948803,14.0283999999956],[-89.619233840070677,20.96051847407422,16.481400000004214],[-89.619243428706866,20.960483483432519,16.523199999995995],[-89.619249819894961,20.960460159065491,16.551000000006752],[-89.619252210301894,20.960451437691759,16.56140000000596],[-89.619253021861127,20.960448476469573,15.971399999994901],[-89.619248751552291,20.960447443328309,14.707999999998719],[-89.619241123137186,20.960445599573259,14.571800000005169],[-89.619220898098732,20.960440709075456,14.210500000001048],[-89.619203261890746,20.960436445093404,13.89539999999397],[-89.619204971725452,20.960430203508974,13.89539999999397],[-89.619162524551726,20.960419940373622,13.835699999995995],[-89.619147442409528,20.960416293507226,13.814400000002934],[-89.619135345817355,20.960413369084232,13.797399999995832],[-89.619088463301352,20.960402033790146,13.731400000004214],[-89.619054743991995,20.960393880988153,13.683900000003632],[-89.619043701459404,20.960391211215544,13.668399999995017],[-89.619038928258121,20.960390056689103,13.661699999996927],[-89.618952411357952,20.960369138136276,13.539900000003399],[-89.618952348614243,20.960369122849116,14.995800000004238],[-89.618952335884472,20.960369164576424,14.995699999999488]]]},"properties":{"OBJECTID":28,"CATEGORIA":"USOS_DE_PREDIO","CODIGO":3009,"ELEMENTO":"Predios ruinosos o con maleza interior","Z":13.5398998,"Shape_Length":82.203153109859542,"Shape_Area":272.64611871307892}},{"type":"Feature","id":29,"geometry":{"type":"Polygon","coordinates":[[[-89.625072921924172,20.960354171870915,15.049299999998766],[-89.625151514435188,20.960365736522373,11.701499999995576],[-89.625241702718711,20.960379007651735,11.939799999992829],[-89.625301629082216,20.960387825308516,12.098199999993085],[-89.62538381319564,20.96039991866229,12.315400000006775],[-89.625435367267016,20.96040750465983,12.451600000000326],[-89.625441105896101,20.960408349794839,12.466799999994691],[-89.625511033182434,20.960418639329191,12.651599999997416],[-89.625543808348027,20.960423462080428,12.738200000007055],[-89.625616214182884,20.960434116054035,13.725099999996019],[-89.625661200907004,20.96044073599872,12.682000000000698],[-89.625669205269901,20.960399160617499,12.989700000005541],[-89.625624134962806,20.960392982556726,15.391499999997905],[-89.625623090541907,20.96039283974719,15.387100000007194],[-89.625577618458095,20.96038660647034,15.194300000002841],[-89.625550573204563,20.960382899848234,15.079599999997299],[-89.625535042651549,20.960380770954263,15.013800000000629],[-89.625455232634266,20.960369831061186,14.675499999997555],[-89.625422305248307,20.960365317608861,14.535900000002584],[-89.625301261581612,20.960348725451915,14.02270000000135],[-89.62519642388591,20.960334354653636,13.57829999999376],[-89.625153927098879,20.960328529559096,13.398100000005797],[-89.625152784395922,20.960328372912162,13.393299999996088],[-89.625103090310802,20.960321560811664,13.182600000000093],[-89.625080702587567,20.960318492005776,15.049299999998766],[-89.625072921924172,20.960354171870915,15.049299999998766]]]},"properties":{"OBJECTID":29,"CATEGORIA":"USOS_DE_PREDIO","CODIGO":3009,"ELEMENTO":"Predios ruinosos o con maleza interior","Z":11.7014999,"Shape_Length":132.55626549522717,"Shape_Area":269.57455481597827}},{"type":"Feature","id":30,"geometry":{"type":"Polygon","coordinates":[[[-89.626167081244176,20.96014859289539,14.206300000005285],[-89.62616617019458,20.960152948781921,14.149199999999837],[-89.626159233863916,20.960186105714456,13.71469999999681],[-89.626156519348413,20.960199084606685,13.544599999993807],[-89.626152151212992,20.960219965520004,13.270900000003166],[-89.626149827040976,20.960231079411045,13.125199999994948],[-89.62614418055405,20.960258069805203,12.771500000002561],[-89.626186191074126,20.960266266730606,12.140400000003865],[-89.626216994423245,20.96027227720754,11.882599999997183],[-89.626223541258156,20.960273554065974,11.882599999997183],[-89.626231719028439,20.960275149776198,13.94539999999688],[-89.626228726720939,20.960291429285846,13.749299999995856],[-89.626222495261644,20.960325319311124,13.341000000000349],[-89.626218469744487,20.960347215174551,13.077199999999721],[-89.626208379650862,20.960402100147029,12.73750000000291],[-89.626250826296399,20.960409949953053,12.502099999997881],[-89.626283072549427,20.960415912895858,12.323199999998906],[-89.626290390639667,20.960417266343843,12.282600000005914],[-89.626469422010672,20.960450373776101,12.641799999997602],[-89.626475531797666,20.960403635243413,12.892099999997299],[-89.626477647304469,20.960387455921268,12.978700000006938],[-89.626479675362432,20.960371937936298,13.061799999995856],[-89.626482067311144,20.96035364617946,13.159700000003795],[-89.626485697933873,20.960325874279938,13.308399999994435],[-89.626492744588248,20.960271967058798,13.597099999999045],[-89.626495780836962,20.960248741182703,13.721499999999651],[-89.626501199706851,20.960207295019224,13.943499999993946],[-89.626507034757836,20.960162657157369,12.289499999998952],[-89.626318003978483,20.96013199440613,12.415399999998044],[-89.626271975997454,20.960124527545645,12.676500000001397],[-89.626175392557599,20.960108860923285,13.725300000005518],[-89.626167081244176,20.96014859289539,14.206300000005285]]]},"properties":{"OBJECTID":30,"CATEGORIA":"USOS_DE_PREDIO","CODIGO":3009,"ELEMENTO":"Predios ruinosos o con maleza interior","Z":11.8825998,"Shape_Length":135.23179171384592,"Shape_Area":1008.3255433958532}},{"type":"Feature","id":31,"geometry":{"type":"Polygon","coordinates":[[[-89.622617084781695,20.960386889008959,11.27039999999397],[-89.622607835563755,20.960428121435491,12.554999999993015],[-89.62263321207071,20.960433144403574,12.648000000001048],[-89.622694623970773,20.960445298766619,12.873000000006869],[-89.622750285407463,20.960456314632292,13.077000000004773],[-89.622887392835878,20.960483451434484,13.579400000002352],[-89.622897630236551,20.960485476964781,13.61689999999362],[-89.622909175541821,20.96048776224821,13.659199999994598],[-89.622927258353243,20.960491340912988,13.725500000000466],[-89.623035952997796,20.960512854055249,12.766699999992852],[-89.623038222791038,20.96050186020058,12.06359999999404],[-89.623043556472595,20.960476024918041,12.006099999998696],[-89.623044728145089,20.96047034956117,11.993499999996857],[-89.623047512914908,20.960456864011313,11.963499999998021],[-89.623050349008835,20.960443124870572,11.93289999999979],[-89.623053640768333,20.960427185668589,12.550600000002305],[-89.623012750716057,20.960417923391642,13.548500000004424],[-89.622926006620631,20.960398272609254,12.893899999995483],[-89.622864447169491,20.96038432661814,12.42939999999362],[-89.622838671965425,20.960378488218929,12.234899999995832],[-89.622784012295483,20.960366105379048,11.822400000004563],[-89.622781175192401,20.960365462875135,11.801000000006752],[-89.622762855588036,20.960361312715989,11.662700000000768],[-89.622629593621468,20.960331123632368,11.190499999996973],[-89.622617084781695,20.960386889008959,11.27039999999397]]]},"properties":{"OBJECTID":31,"CATEGORIA":"USOS_DE_PREDIO","CODIGO":3009,"ELEMENTO":"Predios ruinosos o con maleza interior","Z":11.1905003,"Shape_Length":111.55981723587286,"Shape_Area":469.09555269178912}},{"type":"Feature","id":32,"geometry":{"type":"Polygon","coordinates":[[[-89.625072921924172,20.960354171870915,15.049299999998766],[-89.625072500076428,20.960356105070556,15.049299999998766],[-89.625071781911345,20.96035939892916,15.049299999998766],[-89.625069402252009,20.960370312329967,15.049299999998766],[-89.625063578499038,20.96039701561908,15.049299999998766],[-89.625064860175172,20.960397204434226,12.563099999999395],[-89.625092541409117,20.960401277828733,12.62149999999383],[-89.625111182511205,20.960404020637682,12.660900000002584],[-89.625166988271573,20.96041223280568,12.778699999995297],[-89.625222005742145,20.960420327990956,12.894899999999325],[-89.625240010837388,20.960422977658236,12.93289999999979],[-89.625242215700155,20.960423302123157,12.93760000000475],[-89.625281412715537,20.960429069689695,13.02039999999397],[-89.625311709342242,20.960433527998259,13.084400000007008],[-89.625324532818468,20.960435415123673,13.111499999999069],[-89.6253867488834,20.96044457035029,13.242800000007264],[-89.625419303370407,20.9604493604112,13.311600000000908],[-89.625495779733868,20.960460613512694,13.473100000002887],[-89.625503835011628,20.960461799441614,13.490099999995437],[-89.625607934806354,20.960477116771134,13.709900000001653],[-89.625652920582539,20.960483736731462,12.615000000005239],[-89.625661200907004,20.96044073599872,12.682000000000698],[-89.625616214182884,20.960434116054035,13.725099999996019],[-89.625543808348027,20.960423462080428,12.738200000007055],[-89.625511033182434,20.960418639329191,12.651599999997416],[-89.625441105896101,20.960408349794839,12.466799999994691],[-89.625435367267016,20.96040750465983,12.451600000000326],[-89.62538381319564,20.96039991866229,12.315400000006775],[-89.625301629082216,20.960387825308516,12.098199999993085],[-89.625241702718711,20.960379007651735,11.939799999992829],[-89.625151514435188,20.960365736522373,11.701499999995576],[-89.625072921924172,20.960354171870915,15.049299999998766]]]},"properties":{"OBJECTID":32,"CATEGORIA":"USOS_DE_PREDIO","CODIGO":3009,"ELEMENTO":"Predios ruinosos o con maleza interior","Z":11.7014999,"Shape_Length":133.71342843545278,"Shape_Area":300.10606342187776}},{"type":"Feature","id":33,"geometry":{"type":"Polygon","coordinates":[[[-89.624448425951613,20.960480259527785,13.865699999994831],[-89.624495951534101,20.960487561161884,14.393800000005285],[-89.624514942691121,20.96049047921634,14.393800000005285],[-89.624572627411453,20.960499341588648,14.302700000000186],[-89.624610566346291,20.960505170220152,14.242800000007264],[-89.624619123687509,20.960506484789757,14.229300000006333],[-89.624643234403905,20.960510188910487,14.191200000001118],[-89.624670750140396,20.960514416602383,14.14770000000135],[-89.625021530006393,20.960568307336189,15.675199999997858],[-89.625029811894038,20.960535954910839,16.227100000003702],[-89.625033144735823,20.960522931290463,16.051900000005844],[-89.625033988799672,20.960519636395244,16.079299999997602],[-89.62503145340682,20.96051926375107,11.193799999993644],[-89.624821635393147,20.960488421210759,11.193799999993644],[-89.624820176416719,20.9604882071364,11.210900000005495],[-89.624805536463555,20.960486054525205,11.382599999997183],[-89.624722354192073,20.960473827295541,12.358399999997346],[-89.624682145437049,20.960467917183259,12.830100000006496],[-89.624681718531818,20.960467854238988,12.835099999996601],[-89.624674916041243,20.960466853922171,12.914900000003399],[-89.624658822911755,20.960464488938669,13.103700000006938],[-89.624626556644472,20.960459745753603,13.482199999998556],[-89.624618677738908,20.960458586860113,13.574600000007194],[-89.624584634492322,20.960453583025974,13.973899999997229],[-89.62455366531087,20.960449030213777,14.337199999994482],[-89.624505041870492,20.96044188273936,14.907600000005914],[-89.624457918854915,20.960434955912643,14.297500000000582],[-89.624448425951613,20.960480259527785,13.865699999994831]]]},"properties":{"OBJECTID":33,"CATEGORIA":"USOS_DE_PREDIO","CODIGO":3009,"ELEMENTO":"Predios ruinosos o con maleza interior","Z":11.1938,"Shape_Length":131.7555213242737,"Shape_Area":322.11695793184703}},{"type":"Feature","id":34,"geometry":{"type":"Polygon","coordinates":[[[-89.626798316388644,20.960477344473002,13.382599999997183],[-89.626815566902039,20.960479990254235,13.393500000005588],[-89.626828562396,20.960481984760886,13.401800000006915],[-89.626875670529856,20.960489211799903,13.431700000001001],[-89.627123066590144,20.960527165642745,13.588600000002771],[-89.627144061373968,20.960530386563718,13.601899999994203],[-89.627165326967884,20.96053364844947,13.615399999995134],[-89.627165826211368,20.96053372562065,13.615699999994831],[-89.627218748792302,20.960541844319241,14.222399999998743],[-89.627239893621123,20.960428904862233,14.447299999999814],[-89.627186683373438,20.960420273264539,14.449299999992945],[-89.627159868130178,20.960415924133137,14.449299999992945],[-89.627144667127752,20.960413458056017,14.449299999992945],[-89.627143991419828,20.960413348394031,14.449299999992945],[-89.627138795901132,20.960412505778041,14.449299999992945],[-89.627112893481339,20.960408304176593,14.449299999992945],[-89.627045731501156,20.960397410196723,14.449299999992945],[-89.627045778511757,20.960402025783615,14.449299999992945],[-89.627046160087829,20.960440089800517,14.449299999992945],[-89.627046259227853,20.96044999894151,14.449299999992945],[-89.627046402902565,20.960464381958865,14.449299999992945],[-89.627011687362582,20.960458750663122,13.649300000004587],[-89.626884552268095,20.960438128412619,13.483099999997648],[-89.626850321581344,20.960432575379549,13.438399999999092],[-89.626833473259381,20.960429843046782,13.416400000001886],[-89.626825038000561,20.960428474342248,13.405400000003283],[-89.626807824336325,20.960425681730392,13.38289999999688],[-89.6268075901054,20.960425643809852,13.382599999997183],[-89.626803435871864,20.960448804761956,12.899499999999534],[-89.626802947112466,20.960451528093202,12.886499999993248],[-89.626800308095213,20.960466239314059,12.816200000001118],[-89.626798316388644,20.960477344473002,13.382599999997183]]]},"properties":{"OBJECTID":34,"CATEGORIA":"USOS_DE_PREDIO","CODIGO":3009,"ELEMENTO":"Predios ruinosos o con maleza interior","Z":12.8162003,"Shape_Length":115.97494390632102,"Shape_Area":393.29048878163337}},{"type":"Feature","id":35,"geometry":{"type":"Polygon","coordinates":[[[-89.620862949566401,20.960386208606913,12.40690000000177],[-89.620854183948495,20.960429626592532,12.513800000000629],[-89.620848372603106,20.960458408902849,12.584700000006706],[-89.620846185399969,20.960469242568774,12.584700000006706],[-89.620843769078235,20.960481213752296,12.661600000006729],[-89.62089061776507,20.960492421764734,14.201499999995576],[-89.620877425726377,20.960531420615688,14.540299999993294],[-89.620876364479884,20.960534558129741,14.567500000004657],[-89.620872116720903,20.960547114548586,14.676600000006147],[-89.620858101972885,20.960588543914994,15.036500000001979],[-89.62085097763925,20.960609607095606,15.219500000006519],[-89.620835892496231,20.960654201201535,16.443899999998393],[-89.620941457705015,20.96068570794538,16.231199999994715],[-89.620965132069955,20.960566298856872,14.821100000001024],[-89.620966114552743,20.9605613450947,14.806899999995949],[-89.620975027569784,20.960525556723017,14.426500000001397],[-89.620979892575704,20.960506008080856,14.218699999997625],[-89.620990373349571,20.960463937864066,13.771500000002561],[-89.620991709099783,20.960458572380457,13.714500000001863],[-89.621003601821201,20.960410821312003,13.20690000000468],[-89.620948604265763,20.960398735593401,12.654999999998836],[-89.620935843664739,20.960395932567074,12.617499999993015],[-89.620864167107925,20.960380182242059,12.40690000000177],[-89.620862949566401,20.960386208606913,12.40690000000177]]]},"properties":{"OBJECTID":35,"CATEGORIA":"USOS_DE_PREDIO","CODIGO":3009,"ELEMENTO":"Predios ruinosos o con maleza interior","Z":12.4069004,"Shape_Length":92.78802815288077,"Shape_Area":366.76401804427132}},{"type":"Feature","id":36,"geometry":{"type":"Polygon","coordinates":[[[-89.62395544073712,20.960689404412634,14.281199999997625],[-89.624002325752485,20.960696238432664,14.281199999997625],[-89.624014158305513,20.960697963053065,14.281199999997625],[-89.624015352200374,20.960692406527972,12.725699999995413],[-89.624017988932593,20.960680136692677,15.487399999998161],[-89.624013374379089,20.960677386362811,15.118257142854933],[-89.624009226461467,20.960673972684777,14.749114285711711],[-89.624005639724615,20.960669973467706,14.379971428568489],[-89.624002695922272,20.960665479867124,14.010828571425266],[-89.624000462153546,20.960660594307218,13.641685714282044],[-89.623998989333472,20.960655428146222,13.272542857138822],[-89.623998311032551,20.960650099138224,12.9033999999956],[-89.62402933351963,20.960475752353148,14.85899999999674],[-89.624032618585233,20.960457287946941,14.50340000000142],[-89.624038672336923,20.96042326526517,14.50340000000142],[-89.624040584967076,20.960412518870299,14.50340000000142],[-89.624041411266077,20.960407874476871,14.509900000004563],[-89.624059748569863,20.960411935741654,14.569300000002841],[-89.624066140188958,20.960413351406384,14.589999999996508],[-89.624066850363619,20.960413508401576,14.592300000003888],[-89.624140117593441,20.960429736642201,14.829400000002352],[-89.62420326957718,20.960443723541207,14.766699999992852],[-89.62421823835372,20.960447038538337,14.751900000002934],[-89.6242551021069,20.960455203255819,14.715299999996205],[-89.624259601530483,20.960456200236585,14.710800000000745],[-89.624258956377957,20.960459603117723,14.710800000000745],[-89.624339884750157,20.96047315818641,14.92170000000624],[-89.624349939345095,20.960474842453628,15.237999999997555],[-89.62436468202867,20.960398358097844,15.420499999992899],[-89.624368277163455,20.960379708341435,15.367899999997462],[-89.624361144464643,20.960378788034582,15.260299999994459],[-89.624312299314226,20.96037248357587,15.370200000004843],[-89.624268037832735,20.960366771207958,15.469800000006217],[-89.624262953238315,20.960366115491642,15.481199999994715],[-89.624243886454423,20.96036365451576,15.431899999995949],[-89.624206039969465,20.960358769667685,15.333899999997811],[-89.624140138593404,20.960350264835427,15.163300000000163],[-89.62407980157117,20.960342477830942,15.007100000002538],[-89.623995031880256,20.960331537779044,14.787700000000768],[-89.623986790863867,20.96035820423851,14.547900000005029],[-89.623917554624271,20.960582242396033,14.370100000000093],[-89.623915854205123,20.96058774532635,14.370100000000093],[-89.623915417470727,20.960589156900966,14.370100000000093],[-89.623892564030584,20.960663108118794,14.370100000000093],[-89.623887498212468,20.960679499894759,14.281199999997625],[-89.623898682229367,20.960681129778596,14.281199999997625],[-89.623903816519288,20.960681878637093,14.281199999997625],[-89.623939502091815,20.960687080320454,14.281199999997625],[-89.62395544073712,20.960689404412634,14.281199999997625]]]},"properties":{"OBJECTID":36,"CATEGORIA":"USOS_DE_PREDIO","CODIGO":3009,"ELEMENTO":"Predios ruinosos o con maleza interior","Z":12.7257004,"Shape_Length":170.01407718120126,"Shape_Area":653.40359644829459}},{"type":"Feature","id":37,"geometry":{"type":"Polygon","coordinates":[[[-89.626798316388644,20.960477344473002,13.382599999997183],[-89.62679507565943,20.960495410961141,12.676800000001094],[-89.626785083666206,20.960551112425975,12.410600000002887],[-89.626784876978931,20.960552265853192,12.405100000003586],[-89.626778192309246,20.960589531437179,13.862099999998463],[-89.626870293178627,20.960603661507189,13.756800000002841],[-89.626902353988214,20.960608579870215,13.720199999996112],[-89.626943515694165,20.960614894582946,13.673200000004726],[-89.627064926802831,20.960633521229923,13.534499999994296],[-89.627108315786089,20.960640177150783,13.484899999995832],[-89.627109353766457,20.96064033630164,13.483699999997043],[-89.62713876904472,20.96064484939561,13.450100000001839],[-89.627150096249608,20.960646587003403,13.437099999995553],[-89.627197769217204,20.960653900941143,14.174899999998161],[-89.62721354874769,20.960569619654596,14.524300000004587],[-89.627218748792302,20.960541844319241,14.222399999998743],[-89.627165826211368,20.96053372562065,13.615699999994831],[-89.627165326967884,20.96053364844947,13.615399999995134],[-89.627144061373968,20.960530386563718,13.601899999994203],[-89.627123066590144,20.960527165642745,13.588600000002771],[-89.626875670529856,20.960489211799903,13.431700000001001],[-89.626828562396,20.960481984760886,13.401800000006915],[-89.626815566902039,20.960479990254235,13.393500000005588],[-89.626798316388644,20.960477344473002,13.382599999997183]]]},"properties":{"OBJECTID":37,"CATEGORIA":"USOS_DE_PREDIO","CODIGO":3009,"ELEMENTO":"Predios ruinosos o con maleza interior","Z":12.4050999,"Shape_Length":113.76884140203093,"Shape_Area":558.05585958089353}},{"type":"Feature","id":38,"geometry":{"type":"Polygon","coordinates":[[[-89.621297387821514,20.960675174020668,15.205100000006496],[-89.621325607293826,20.960682221902573,13.155100000003586],[-89.621346955082529,20.960687553521407,13.155100000003586],[-89.621399738109005,20.960700737640504,13.379300000000512],[-89.621434906512931,20.960709521336568,13.528699999995297],[-89.621448350613235,20.960712878997501,13.585800000000745],[-89.621508847164449,20.960727989389827,13.842799999998533],[-89.621551506091137,20.960738644111494,14.024000000004889],[-89.621598051701596,20.960750269186878,15.533999999999651],[-89.62162265469729,20.960637291288208,15.451300000000629],[-89.621537186448663,20.960618874235855,13.534700000003795],[-89.62152956150284,20.960617230968602,13.454899999996996],[-89.621498973929704,20.96061063938372,13.134799999999814],[-89.621474603636059,20.960605387690027,12.879700000004959],[-89.621469777627112,20.960604347807099,12.829199999992852],[-89.621329951682085,20.960574217154328,12.829199999992852],[-89.621327611992569,20.960573712334348,14.515199999994365],[-89.621297387821514,20.960675174020668,15.205100000006496]]]},"properties":{"OBJECTID":38,"CATEGORIA":"USOS_DE_PREDIO","CODIGO":3009,"ELEMENTO":"Predios ruinosos o con maleza interior","Z":12.8291998,"Shape_Length":88.313904385972137,"Shape_Area":390.00555257868649}},{"type":"Feature","id":39,"geometry":{"type":"Polygon","coordinates":[[[-89.628067459833133,20.960633633110216,12.215299999996205],[-89.628080560160782,20.960578830768139,12.606199999994715],[-89.628094450443157,20.960520721715799,12.494399999995949],[-89.628096542796015,20.960511970552297,12.477599999998347],[-89.62810766093429,20.960465459022252,12.388099999996484],[-89.628113601955988,20.960440602017357,12.340299999996205],[-89.628117388944574,20.960424761664495,11.971399999994901],[-89.628037378202336,20.960410536990675,11.856199999994715],[-89.628019256083022,20.960508032546027,11.766699999992852],[-89.628008449482778,20.960506109103889,11.692599999994854],[-89.627996786779164,20.960563919258753,11.646900000007008],[-89.62797064317769,20.960693507799753,11.612399999998161],[-89.628049751222903,20.96070771571727,11.686799999995856],[-89.628067459833133,20.960633633110216,12.215299999996205]]]},"properties":{"OBJECTID":39,"CATEGORIA":"USOS_DE_PREDIO","CODIGO":3009,"ELEMENTO":"Predios ruinosos o con maleza interior","Z":11.6124001,"Shape_Length":82.214312805233959,"Shape_Area":274.63986958088816}},{"type":"Feature","id":40,"geometry":{"type":"Polygon","coordinates":[[[-89.617405472905446,20.96058775961254,16.975999999995111],[-89.617402670547619,20.960596289570933,16.907600000005914],[-89.617400287133265,20.960603541862934,16.849499999996624],[-89.617396785548152,20.960614199775623,16.763999999995576],[-89.617391468376809,20.960630384915437,16.634300000005169],[-89.617368989264236,20.960698808787591,16.085800000000745],[-89.617355911260816,20.960738615564466,15.766699999992852],[-89.617346746524419,20.960766511251265,15.54309999999532],[-89.617345775299967,20.960769468600301,15.51940000000468],[-89.617339809969522,20.960787623810894,15.37390000000596],[-89.617319585503481,20.960849185597066,14.880399999994552],[-89.617317300693742,20.960856139331916,14.824699999997392],[-89.61731523313145,20.960862431542608,15.110899999999674],[-89.617340129729385,20.960869648513313,15.224700000006123],[-89.617552605344855,20.960931238151002,18.802899999995134],[-89.617553690937982,20.960927783372476,21.040999999997439],[-89.617591677672095,20.960806956546715,21.040999999997439],[-89.617605088562783,20.960764300625257,21.040999999997439],[-89.61761564877925,20.960730711706937,21.040999999997439],[-89.617617556802784,20.960724642243203,21.040999999997439],[-89.617619350081668,20.960718938395914,21.040999999997439],[-89.617582255331911,20.960708649518725,21.040999999997439],[-89.617580015494411,20.960708027545817,21.040999999997439],[-89.61758037976881,20.960706867188275,21.040999999997439],[-89.61758380784832,20.960695963017645,21.040999999997439],[-89.61760125431411,20.960640472301716,21.040999999997439],[-89.617604683273456,20.960629563603042,21.040999999997439],[-89.617460246955034,20.96058949770449,17.040999999997439],[-89.617409523995491,20.960575428379595,17.074800000002142],[-89.617405472905446,20.96058775961254,16.975999999995111]]]},"properties":{"OBJECTID":40,"CATEGORIA":"USOS_DE_PREDIO","CODIGO":3009,"ELEMENTO":"Predios ruinosos o con maleza interior","Z":14.8247004,"Shape_Length":118.14501131795436,"Shape_Area":818.53808027952994}},{"type":"Feature","id":41,"geometry":{"type":"Polygon","coordinates":[[[-89.628049751222903,20.96070771571727,11.686799999995856],[-89.628090300320295,20.96071499842818,11.759799999999814],[-89.628251117891921,20.96074388048509,12.049100000003818],[-89.628299997815631,20.960752658882985,12.137100000007194],[-89.628308203115338,20.960752803172937,12.849199999996927],[-89.628316763187073,20.960752952824375,13.592099999994389],[-89.628319337076576,20.960752997990358,13.815499999996973],[-89.628321620607792,20.960753038606551,14.013600000005681],[-89.628344468195593,20.960758270348151,14.013600000005681],[-89.628427396036713,20.960777260280992,12.893500000005588],[-89.628434503646204,20.960743372955459,12.264500000004773],[-89.628448918576098,20.960674651737818,12.716700000004494],[-89.628402472712338,20.960666056131551,13.834600000001956],[-89.628396961219195,20.96069233303086,13.900399999998626],[-89.628330795190195,20.960677004730886,13.588399999993271],[-89.628313187010946,20.960672925470885,13.505399999994552],[-89.628311548414956,20.960672663637769,13.491599999993923],[-89.628287969933098,20.960668893152825,13.292600000000675],[-89.628269723654569,20.960665975776369,13.138600000005681],[-89.628222341158789,20.960658399446981,12.73859999999695],[-89.628067459833133,20.960633633110216,12.215299999996205],[-89.628049751222903,20.96070771571727,11.686799999995856]]]},"properties":{"OBJECTID":41,"CATEGORIA":"USOS_DE_PREDIO","CODIGO":3009,"ELEMENTO":"Predios ruinosos o con maleza interior","Z":11.6868,"Shape_Length":102.89155947012213,"Shape_Area":358.39316176149873}},{"type":"Feature","id":42,"geometry":{"type":"Polygon","coordinates":[[[-89.624007750865118,20.960782542277119,13.614499999996042],[-89.624019563515446,20.960785714486573,13.637000000002445],[-89.624076954167279,20.960801127278081,13.746100000003935],[-89.624136496452195,20.960817118148462,13.859400000001187],[-89.624147950820742,20.960820193843126,13.881200000003446],[-89.624172194200526,20.960826704779219,15.214500000001863],[-89.624169989881821,20.960838140937206,15.214500000001863],[-89.624189770323838,20.960841505521394,15.31359999999404],[-89.624219580764404,20.960846575520517,15.463000000003376],[-89.624223084121283,20.960847170720733,15.48059999999532],[-89.62427642420657,20.960856242746516,15.379799999995157],[-89.624297507504394,20.960746861668831,15.385999999998603],[-89.624241382365966,20.96073346450628,15.488899999996647],[-89.624231187786464,20.960731030308292,15.457999999998719],[-89.624225272002931,20.96072961815711,15.440100000007078],[-89.624204110696468,20.960724566632663,15.375899999999092],[-89.624195546379028,20.960722522640122,15.350000000005821],[-89.624192419095621,20.960721776286874,15.340500000005704],[-89.624169630428455,20.960716335408275,15.271399999997811],[-89.624169147835673,20.960716220954556,15.269899999999325],[-89.624162987850255,20.960714750264678,15.251199999998789],[-89.624138659676873,20.960708942153104,15.177400000000489],[-89.624121593773367,20.960704868543164,15.125700000004144],[-89.62410209939037,20.960700214775027,15.193700000003446],[-89.624084778668148,20.960696080079636,15.254199999995762],[-89.624057275926788,20.960689514591451,15.350200000000768],[-89.62404522815531,20.960686638531282,15.392300000006799],[-89.624021420247161,20.960680955110316,15.475399999995716],[-89.624017988932593,20.960680136692677,15.487399999998161],[-89.624015352200374,20.960692406527972,12.725699999995413],[-89.624014158305513,20.960697963053065,14.281199999997625],[-89.624013788490942,20.960699684180927,12.658899999994901],[-89.623996626762789,20.960779554480965,11.925700000007055],[-89.624001130874376,20.960780764470435,11.925700000007055],[-89.624007750865118,20.960782542277119,13.614499999996042]]]},"properties":{"OBJECTID":42,"CATEGORIA":"USOS_DE_PREDIO","CODIGO":3009,"ELEMENTO":"Predios ruinosos o con maleza interior","Z":11.9257002,"Shape_Length":85.099703090425876,"Shape_Area":359.743278917422}},{"type":"Feature","id":43,"geometry":{"type":"Polygon","coordinates":[[[-89.631086433230024,20.960748336306256,13.072000000000116],[-89.631135948859125,20.960756910845816,12.47259999999369],[-89.631176663142369,20.960763960929288,12.249800000005052],[-89.631179155754296,20.9607639206328,12.220400000005611],[-89.631219780340516,20.960763264413629,11.740900000004331],[-89.631236666496946,20.960762991916404,11.541599999996834],[-89.631241000212356,20.960762921382425,11.490399999995134],[-89.631256159599346,20.960762676451438,11.311499999996158],[-89.631271569787927,20.960762427646102,11.206000000005588],[-89.631286812775102,20.960762181421394,11.101599999994505],[-89.63138597529084,20.9607605787414,10.830100000006496],[-89.631390906176023,20.96073669068538,10.931700000001001],[-89.63139851562569,20.960699827860587,11.088399999993271],[-89.631334212396297,20.960691431200161,11.089300000006915],[-89.631333540908898,20.960691343158576,11.102100000003702],[-89.631327265401964,20.960690523671737,11.221300000004703],[-89.631317480268407,20.960689245560989,11.407300000006217],[-89.631268597986065,20.960682862454359,12.336100000000442],[-89.631248170316113,20.960680194871603,12.724300000001676],[-89.631201675293852,20.960674122479709,13.607799999997951],[-89.631108978605241,20.960652871440313,13.747900000002119],[-89.631086433230024,20.960748336306256,13.072000000000116]]]},"properties":{"OBJECTID":43,"CATEGORIA":"USOS_DE_PREDIO","CODIGO":3009,"ELEMENTO":"Predios ruinosos o con maleza interior","Z":10.8301001,"Shape_Length":79.623669306657163,"Shape_Area":281.38993531853271}},{"type":"Feature","id":44,"geometry":{"type":"Polygon","coordinates":[[[-89.630115810957534,20.960622365613627,11.267600000006496],[-89.630113092690053,20.960647307439285,11.233900000006543],[-89.630112217244161,20.960655340119931,11.222999999998137],[-89.630111924904028,20.960658024309179,11.259900000004563],[-89.63011104451364,20.96066610401466,11.371100000003935],[-89.630116473775317,20.960666626026992,11.074800000002142],[-89.630114433000216,20.96068535116251,11.074800000002142],[-89.630112420443425,20.96070382125702,11.074800000002142],[-89.630110647112105,20.960720087398709,11.074800000002142],[-89.630108135930811,20.960743130932901,11.074800000002142],[-89.630097421110236,20.96084145031983,11.396999999997206],[-89.630170565795666,20.960848991395316,11.128100000001723],[-89.630209217566687,20.960852975850582,10.986000000004424],[-89.630279888501562,20.960860261635347,11.123500000001513],[-89.630283165873053,20.960847664957029,11.426699999996345],[-89.63029352034367,20.96080786703245,11.822199999995064],[-89.630294073384121,20.960805744909486,11.850500000000466],[-89.63030224266349,20.960778559306167,11.973800000007031],[-89.630303751402352,20.960773541416899,11.99659999999858],[-89.630342163628043,20.960645720699826,12.576600000000326],[-89.630267198680812,20.96062928666846,11.948300000003655],[-89.63027037450513,20.960600502447306,12.096399999994901],[-89.630272279376001,20.960583240230502,12.096399999994901],[-89.630273638353557,20.960570925965513,12.096399999994901],[-89.630284616097924,20.960471434222871,11.839600000006612],[-89.630241236333418,20.960466569342621,11.720400000005611],[-89.630226697279127,20.960554793341046,11.095600000000559],[-89.630223077254655,20.960576757924613,10.968599999992875],[-89.63022086230832,20.960590196818259,10.89089999999851],[-89.630215898970746,20.960620316870141,10.716799999994691],[-89.630171590884075,20.960614530946749,10.716799999994691],[-89.630138874273641,20.960610258943927,10.716799999994691],[-89.630135283726474,20.960609789807297,10.716799999994691],[-89.630117436031867,20.960607459655854,11.287800000005518],[-89.630115810957534,20.960622365613627,11.267600000006496]]]},"properties":{"OBJECTID":44,"CATEGORIA":"USOS_DE_PREDIO","CODIGO":3009,"ELEMENTO":"Predios ruinosos o con maleza interior","Z":10.7167997,"Shape_Length":128.01508536841743,"Shape_Area":626.88567778205447}},{"type":"Feature","id":45,"geometry":{"type":"Polygon","coordinates":[[[-89.62229665567807,20.960535596553211,12.531000000002678],[-89.622292102684355,20.96055450751091,12.639400000000023],[-89.622282991369559,20.960592354788183,12.856400000004214],[-89.62227505773204,20.960625310301403,13.045299999997951],[-89.622236069733034,20.960787260473168,13.973599999997532],[-89.622232330563321,20.960802793042639,14.06260000000475],[-89.622225815670873,20.960829854517705,14.217799999998533],[-89.622216850430334,20.960867095531942,14.431299999996554],[-89.622207712194921,20.960905054273614,14.64890000000014],[-89.62219616664666,20.960953014931313,14.923800000004121],[-89.622184663170998,20.961000797980564,15.687000000005355],[-89.622304251320656,20.961026828865119,15.145799999998417],[-89.622315896982542,20.960978437803636,12.709799999996903],[-89.622318312381253,20.960968404161857,12.695800000001327],[-89.622327437829597,20.960930485339262,12.642800000001444],[-89.622339013549649,20.960882383365927,12.575500000006286],[-89.622345535448531,20.960855283860315,12.537599999996019],[-89.622350658280695,20.96083399502632,12.50789999999688],[-89.622351737341972,20.960829511066915,12.501600000003236],[-89.622368178747649,20.960761194105586,12.406099999992875],[-89.622372675131999,20.960742509732807,12.379899999999907],[-89.622374417356866,20.960735267260532,13.279399999999441],[-89.622402691660582,20.960617779892818,13.105999999999767],[-89.622403407756437,20.960614804781709,13.101599999994505],[-89.622414816781941,20.96056739786545,12.135099999999511],[-89.622433936914874,20.960487946231137,12.219899999996414],[-89.622427260268594,20.960486280283984,12.219899999996414],[-89.62232087710602,20.960459738352178,12.219899999996414],[-89.622315255640459,20.96045833604817,12.531000000002678],[-89.62229665567807,20.960535596553211,12.531000000002678]]]},"properties":{"OBJECTID":45,"CATEGORIA":"USOS_DE_PREDIO","CODIGO":3009,"ELEMENTO":"Predios ruinosos o con maleza interior","Z":12.1351004,"Shape_Length":148.35844391333973,"Shape_Area":784.17063789203166}},{"type":"Feature","id":46,"geometry":{"type":"Polygon","coordinates":[[[-89.62395544073712,20.960689404412634,14.281199999997625],[-89.623944068106411,20.960736500244845,13.658999999999651],[-89.623936609206652,20.960767391778706,13.658999999999651],[-89.623920131591433,20.96083562993368,13.658999999999651],[-89.623915963300519,20.960852889982785,13.658999999999651],[-89.623911622923714,20.960870864135067,13.658999999999651],[-89.623905929836738,20.960869985744978,15.259000000005472],[-89.623902938119357,20.960887085023774,15.209400000007008],[-89.623902460002185,20.960889815410408,15.201499999995576],[-89.623898182640161,20.960914263899838,15.130600000004051],[-89.62389665934721,20.960922976476375,15.105299999995623],[-89.623884487964574,20.960992543234891,14.995100000000093],[-89.623960255423285,20.961003588534282,15.052800000004936],[-89.623980045870056,20.960911482832529,14.547800000000279],[-89.623981482440456,20.960904795801891,14.499400000000605],[-89.623988789849179,20.960870787220486,14.253200000006473],[-89.623991132320896,20.960859886137392,14.174299999998766],[-89.623993555651964,20.960848606413844,14.092699999993783],[-89.62400400383622,20.960799981829105,13.740699999994831],[-89.624007750865118,20.960782542277119,13.614499999996042],[-89.624001130874376,20.960780764470435,11.925700000007055],[-89.623996626762789,20.960779554480965,11.925700000007055],[-89.624013788490942,20.960699684180927,12.658899999994901],[-89.624014158305513,20.960697963053065,14.281199999997625],[-89.624002325752485,20.960696238432664,14.281199999997625],[-89.62395544073712,20.960689404412634,14.281199999997625]]]},"properties":{"OBJECTID":46,"CATEGORIA":"USOS_DE_PREDIO","CODIGO":3009,"ELEMENTO":"Predios ruinosos o con maleza interior","Z":11.9257002,"Shape_Length":84.535386052015127,"Shape_Area":258.90040196462388}},{"type":"Feature","id":47,"geometry":{"type":"Polygon","coordinates":[[[-89.618299416997502,20.960875753988759,15.596699999994598],[-89.618294023540898,20.960892189510787,15.71129999999539],[-89.618293493249439,20.960893806560279,15.72259999999369],[-89.61827843283676,20.960939701153457,16.042700000005425],[-89.618274436829566,20.960951879873882,16.127600000007078],[-89.618261931242756,20.960989991357071,16.393400000000838],[-89.61824830381147,20.961031517549593,16.68300000000454],[-89.618217751264751,20.961124626126885,16.680800000001909],[-89.618350803761942,20.961164356131111,16.743799999996554],[-89.618381718604624,20.961070144088904,17.084900000001653],[-89.618388521322046,20.961049412758133,16.971699999994598],[-89.618391124471344,20.961041479029912,16.928400000004331],[-89.6184002328215,20.961013723210673,16.776899999997113],[-89.618403647404435,20.961003316713086,16.720100000005914],[-89.618526599003388,20.960628625486599,14.67500000000291],[-89.618543183570708,20.960578083899129,14.399099999995087],[-89.618462227012714,20.960553904284559,12.904899999994086],[-89.618427542673501,20.960543545146404,12.928400000004331],[-89.618417634096289,20.960540585243326,12.935100000002421],[-89.61841013528074,20.960538345810942,13.243499999996857],[-89.618299416997502,20.960875753988759,15.596699999994598]]]},"properties":{"OBJECTID":47,"CATEGORIA":"USOS_DE_PREDIO","CODIGO":3009,"ELEMENTO":"Predios ruinosos o con maleza interior","Z":12.9048996,"Shape_Length":164.97175202382482,"Shape_Area":987.19546367718988}},{"type":"Feature","id":48,"geometry":{"type":"Polygon","coordinates":[[[-89.630259152665857,20.960941947107333,10.098199999993085],[-89.630277458970298,20.960944666514326,9.8625999999931082],[-89.630349797627275,20.960955414253924,10.060700000001816],[-89.630393772864792,20.96096194740684,10.181100000001607],[-89.6305927418084,20.960991509438571,10.72609999999986],[-89.630717259802182,20.961015619042943,10.396800000002258],[-89.630760799203784,20.961024049406642,10.281600000002072],[-89.630763656891361,20.961024602975382,10.304999999993015],[-89.630781727896192,20.961028101512248,10.452799999999115],[-89.630787302454792,20.961029181028902,10.498399999996764],[-89.630914720621931,20.961053852423589,11.976399999999558],[-89.630931848966569,20.960980856613208,12.289499999998952],[-89.630821540760166,20.96096446748118,11.743100000006962],[-89.630808739067021,20.960962565999054,11.714999999996508],[-89.630802136810033,20.960961585413131,11.700500000006286],[-89.630679414329848,20.960943351920573,11.431100000001607],[-89.630667906877179,20.960941642616675,11.405799999993178],[-89.630618584100461,20.960934314518887,11.297500000000582],[-89.630607217339033,20.960932625610045,11.272500000006403],[-89.630273943451854,20.960883109891885,10.818799999993644],[-89.630268092965636,20.960905594643336,10.519000000000233],[-89.630259385684667,20.960939058885486,10.25800000000163],[-89.630259152665857,20.960941947107333,10.098199999993085]]]},"properties":{"OBJECTID":48,"CATEGORIA":"USOS_DE_PREDIO","CODIGO":3009,"ELEMENTO":"Predios ruinosos o con maleza interior","Z":9.86260033,"Shape_Length":153.63763570797008,"Shape_Area":490.53199700220387}},{"type":"Feature","id":49,"geometry":{"type":"Polygon","coordinates":[[[-89.63025514213011,20.960991694985989,10.535399999993388],[-89.630677299544573,20.961049520679587,10.790699999997742],[-89.630697669818318,20.961052311098975,10.824800000002142],[-89.630703823681074,20.961053154154644,10.857300000003306],[-89.630705412485597,20.961053371589877,10.865699999994831],[-89.630706033943099,20.961053456794843,10.869000000006054],[-89.630745375480402,20.961058845247326,11.076499999995576],[-89.630758195779094,20.961060601086523,11.144100000004983],[-89.630776297978812,20.961063080720738,11.239600000000792],[-89.630860678244559,20.961074639066808,11.684699999997974],[-89.630908311656256,20.961081163449428,12.046300000001793],[-89.630914720621931,20.961053852423589,11.976399999999558],[-89.630787302454792,20.961029181028902,10.498399999996764],[-89.630781727896192,20.961028101512248,10.452799999999115],[-89.630763656891361,20.961024602975382,10.304999999993015],[-89.630760799203784,20.961024049406642,10.281600000002072],[-89.630717259802182,20.961015619042943,10.396800000002258],[-89.6305927418084,20.960991509438571,10.72609999999986],[-89.630393772864792,20.96096194740684,10.181100000001607],[-89.630349797627275,20.960955414253924,10.060700000001816],[-89.630277458970298,20.960944666514326,9.8625999999931082],[-89.630259152665857,20.960941947107333,10.098199999993085],[-89.630258745150812,20.960947003071411,10.142600000006496],[-89.630257349715407,20.960964320623969,10.294800000003306],[-89.63025514213011,20.960991694985989,10.535399999993388]]]},"properties":{"OBJECTID":49,"CATEGORIA":"USOS_DE_PREDIO","CODIGO":3009,"ELEMENTO":"Predios ruinosos o con maleza interior","Z":9.86260033,"Shape_Length":146.65598136346827,"Shape_Area":324.54338287210282}},{"type":"Feature","id":50,"geometry":{"type":"Polygon","coordinates":[[[-89.628464997096302,20.961028190914345,14.303100000004633],[-89.628514486565152,20.961037302020639,13.724799999996321],[-89.628563178571341,20.961046266511435,13.445900000006077],[-89.628609924637843,20.961054872779361,13.178100000004633],[-89.62862521159559,20.961057687699622,13.090500000005704],[-89.628839974324876,20.961097226682725,11.86019999999553],[-89.628999024070126,20.961126509038134,11.828800000002957],[-89.629015174889872,20.961076378817776,12.608200000002398],[-89.628692744017243,20.961019604349371,13.417799999995623],[-89.62865756671323,20.961013409925727,13.591799999994691],[-89.628651130000947,20.961012276827006,13.623600000006263],[-89.628634846340461,20.96100940957071,13.704100000002654],[-89.628598283543397,20.961002971068631,13.884900000004563],[-89.628572717935967,20.960998469272667,14.0112999999983],[-89.628534048471906,20.960991660581154,14.202499999999418],[-89.628524514869326,20.960989981171931,14.249599999995553],[-89.628478940107783,20.96098195630638,14.475000000005821],[-89.62847593771896,20.960981427501981,14.398300000000745],[-89.628464997096302,20.961028190914345,14.303100000004633]]]},"properties":{"OBJECTID":50,"CATEGORIA":"USOS_DE_PREDIO","CODIGO":3009,"ELEMENTO":"Predios ruinosos o con maleza interior","Z":11.8288002,"Shape_Length":124.81536470428503,"Shape_Area":314.74654991653733}},{"type":"Feature","id":51,"geometry":{"type":"Polygon","coordinates":[[[-89.628464997096302,20.961028190914345,14.303100000004633],[-89.628454670027779,20.961072333799404,14.509699999995064],[-89.628505149094494,20.961081364635774,14.152499999996508],[-89.628506095947827,20.961081534211999,14.146999999997206],[-89.628548370599674,20.961088438068909,14.015499999994063],[-89.628586109887294,20.961094600213318,13.898100000005797],[-89.628709805844736,20.961114799273236,13.513200000001234],[-89.628744141473121,20.961120406269181,13.406300000002375],[-89.628988152925146,20.961160252205179,12.646999999997206],[-89.628999024070126,20.961126509038134,11.828800000002957],[-89.628839974324876,20.961097226682725,11.86019999999553],[-89.62862521159559,20.961057687699622,13.090500000005704],[-89.628609924637843,20.961054872779361,13.178100000004633],[-89.628563178571341,20.961046266511435,13.445900000006077],[-89.628514486565152,20.961037302020639,13.724799999996321],[-89.628464997096302,20.961028190914345,14.303100000004633]]]},"properties":{"OBJECTID":51,"CATEGORIA":"USOS_DE_PREDIO","CODIGO":3009,"ELEMENTO":"Predios ruinosos o con maleza interior","Z":11.8288002,"Shape_Length":121.89394479115008,"Shape_Area":253.19305763354939}},{"type":"Feature","id":52,"geometry":{"type":"Polygon","coordinates":[[[-89.63025514213011,20.960991694985989,10.535399999993388],[-89.630252832158902,20.961020359303937,10.868000000002212],[-89.630249873528513,20.961057052801625,11.280400000003283],[-89.630262070247369,20.961058492373773,11.321599999995669],[-89.63034874177238,20.961068720912962,11.614100000006147],[-89.630398388752454,20.961074579649072,11.781600000002072],[-89.630418227330836,20.961076921465111,11.848599999997532],[-89.630497665406594,20.961086296440996,12.116699999998673],[-89.630554701888428,20.961093026968527,12.309200000003329],[-89.630657168592748,20.961105119660491,12.654899999994086],[-89.630659079545993,20.961105345665278,12.65690000000177],[-89.630710927411812,20.961111464659076,12.710500000001048],[-89.630752348866025,20.961116352413732,12.75340000000142],[-89.630783601107424,20.961120041080175,12.785699999993085],[-89.630791342164699,20.961120954426189,12.793699999994715],[-89.630804384559568,20.961122493758282,12.807199999995646],[-89.630821098577599,20.961124465747034,12.824500000002445],[-89.630845877299706,20.961127390320335,12.850099999996019],[-89.630848987405869,20.961127757613198,12.853300000002491],[-89.630896023231671,20.961133308014862,12.194399999993038],[-89.630904250772346,20.961098472499387,12.042799999995623],[-89.630908311656256,20.961081163449428,12.046300000001793],[-89.630860678244559,20.961074639066808,11.684699999997974],[-89.630776297978812,20.961063080720738,11.239600000000792],[-89.630758195779094,20.961060601086523,11.144100000004983],[-89.630745375480402,20.961058845247326,11.076499999995576],[-89.630706033943099,20.961053456794843,10.869000000006054],[-89.630705412485597,20.961053371589877,10.865699999994831],[-89.630703823681074,20.961053154154644,10.857300000003306],[-89.630697669818318,20.961052311098975,10.824800000002142],[-89.630677299544573,20.961049520679587,10.790699999997742],[-89.63025514213011,20.960991694985989,10.535399999993388]]]},"properties":{"OBJECTID":52,"CATEGORIA":"USOS_DE_PREDIO","CODIGO":3009,"ELEMENTO":"Predios ruinosos o con maleza interior","Z":10.5354004,"Shape_Length":149.62088021052512,"Shape_Area":448.32903385979091}},{"type":"Feature","id":53,"geometry":{"type":"Polygon","coordinates":[[[-89.631033259067834,20.960973496220348,12.012400000006892],[-89.631076205861334,20.96098431377477,11.595400000005611],[-89.631097019865678,20.960989556672949,11.418799999999464],[-89.631103107944256,20.96099108960874,11.36710000000312],[-89.631105991087793,20.960992273874581,11.351500000004307],[-89.631122540551956,20.960999068721112,11.262000000002445],[-89.631151112441117,20.961010799815959,11.107499999998254],[-89.631185473843814,20.961024908104271,10.92170000000624],[-89.631245658589634,20.961049618903097,10.596300000004703],[-89.631282164452372,20.961064607743968,10.39890000000014],[-89.631308622906147,20.961075471300394,10.255900000003749],[-89.631329686662653,20.961081088607664,10.1762000000017],[-89.63134828114562,20.96108604794404,10.10580000000482],[-89.631399026537309,20.961099580845314,9.9137999999948079],[-89.631445641663987,20.961112012833979,9.7373999999981606],[-89.631453640517606,20.961114145537074,9.6876999999949476],[-89.631507874020556,20.961128608646668,9.350800000000163],[-89.631529101968724,20.961134270340516,9.2189000000071246],[-89.631537369508166,20.961135828285279,9.2385999999969499],[-89.631653402489093,20.961157695520061,9.6708000000071479],[-89.631666771040102,20.961105167681715,9.5332000000053085],[-89.631676333628647,20.961067594833931,9.5571999999956461],[-89.631678353109947,20.961058975684402,9.6946999999927357],[-89.631653651029282,20.96105263183944,9.2660000000032596],[-89.631485207850531,20.961009371909345,9.9655000000057044],[-89.631485149910475,20.961009356552765,9.9657000000006519],[-89.631465552599408,20.961004324238523,10.047099999996135],[-89.6314205367878,20.960992763185786,10.23410000000149],[-89.631420021187694,20.960992630303036,10.236199999999371],[-89.631416746126973,20.960991789763209,10.249800000005052],[-89.631347296663549,20.960973952887993,11.533699999999953],[-89.631319443128959,20.960966799947322,11.707800000003772],[-89.631278393721047,20.960956257417127,11.964300000006915],[-89.631236741823713,20.960945559860672,12.224600000001374],[-89.631226913716418,20.960943035566441,12.285999999992782],[-89.631201114839627,20.960936410646969,12.447299999999814],[-89.631176917742152,20.960930195262115,12.088799999997718],[-89.631160615796247,20.960926009461968,11.847299999993993],[-89.631125091151901,20.9609168857368,11.320999999996275],[-89.631079714274009,20.960905231753159,10.64879999999539],[-89.631076773276959,20.96090447633355,10.605200000005425],[-89.631065505575307,20.960901582419577,10.438299999994342],[-89.631051115353969,20.960897886230626,11.70230000000447],[-89.631033259067834,20.960973496220348,12.012400000006892]]]},"properties":{"OBJECTID":53,"CATEGORIA":"USOS_DE_PREDIO","CODIGO":3009,"ELEMENTO":"Predios ruinosos o con maleza interior","Z":9.21889973,"Shape_Length":155.38198956663518,"Shape_Area":740.66083206554197}},{"type":"Feature","id":54,"geometry":{"type":"Polygon","coordinates":[[[-89.632986080183983,20.961090793407667,9.222299999993993],[-89.632979864097592,20.961115429950787,9.0289000000047963],[-89.632975982119532,20.961130811378439,13.006099999998696],[-89.633099067223469,20.961157001647571,11.665399999998044],[-89.633110704007862,20.961104959153001,9.866200000004028],[-89.633111342185572,20.961102102590971,9.8715999999985797],[-89.633124074494262,20.961045163238285,9.9792000000015832],[-89.6331249656224,20.961039626706807,9.9979000000021188],[-89.633139241886269,20.960950929967566,10.29769999999553],[-89.633140601087348,20.960942483525756,10.326199999995879],[-89.633159360765873,20.960825934865419,10.990399999995134],[-89.633115679300872,20.960819766260411,10.982499999998254],[-89.633102408791757,20.960900691034226,10.533899999994901],[-89.633097619343246,20.960929894742385,10.39879999999539],[-89.633096263783472,20.960938165071187,10.360499999995227],[-89.633094551192656,20.960948605962216,10.312200000000303],[-89.633094216869324,20.960950646162502,10.302800000004936],[-89.633091170370022,20.960969221619557,10.216899999999441],[-89.633066671306196,20.96096640320194,10.306500000006054],[-89.633037014704612,20.960962991853609,10.414999999993597],[-89.633018856861852,20.960960902452662,10.481400000004214],[-89.632986080183983,20.961090793407667,9.222299999993993]]]},"properties":{"OBJECTID":54,"CATEGORIA":"USOS_DE_PREDIO","CODIGO":3009,"ELEMENTO":"Predios ruinosos o con maleza interior","Z":9.02890015,"Shape_Length":98.623008268186126,"Shape_Area":332.54223443330966}},{"type":"Feature","id":55,"geometry":{"type":"Polygon","coordinates":[[[-89.631033259067834,20.960973496220348,12.012400000006892],[-89.631008722539633,20.961077392898641,11.338499999998021],[-89.631032224294657,20.961082705353032,11.003100000001723],[-89.631093402761564,20.96109653318986,10.899199999999837],[-89.63113382204611,20.961105669815243,10.830600000001141],[-89.631196936334049,20.96111993539942,10.723499999992782],[-89.631233970377096,20.961128306288625,10.660600000002887],[-89.631261418049618,20.961134510287422,10.614000000001397],[-89.63132767248986,20.961149485726963,10.501600000003236],[-89.631343135757518,20.961152981135914,10.475300000005518],[-89.631357808675659,20.961156297343596,10.450400000001537],[-89.631363887255674,20.96115767151333,10.421400000006543],[-89.631370202258694,20.961159098911562,10.391300000002957],[-89.631637658718873,20.961219551325833,9.8328000000037719],[-89.631653402489093,20.961157695520061,9.6708000000071479],[-89.631537369508166,20.961135828285279,9.2385999999969499],[-89.631529101968724,20.961134270340516,9.2189000000071246],[-89.631507874020556,20.961128608646668,9.350800000000163],[-89.631453640517606,20.961114145537074,9.6876999999949476],[-89.631445641663987,20.961112012833979,9.7373999999981606],[-89.631399026537309,20.961099580845314,9.9137999999948079],[-89.63134828114562,20.96108604794404,10.10580000000482],[-89.631329686662653,20.961081088607664,10.1762000000017],[-89.631308622906147,20.961075471300394,10.255900000003749],[-89.631282164452372,20.961064607743968,10.39890000000014],[-89.631245658589634,20.961049618903097,10.596300000004703],[-89.631185473843814,20.961024908104271,10.92170000000624],[-89.631151112441117,20.961010799815959,11.107499999998254],[-89.631122540551956,20.960999068721112,11.262000000002445],[-89.631105991087793,20.960992273874581,11.351500000004307],[-89.631103107944256,20.96099108960874,11.36710000000312],[-89.631097019865678,20.960989556672949,11.418799999999464],[-89.631076205861334,20.96098431377477,11.595400000005611],[-89.631033259067834,20.960973496220348,12.012400000006892]]]},"properties":{"OBJECTID":55,"CATEGORIA":"USOS_DE_PREDIO","CODIGO":3009,"ELEMENTO":"Predios ruinosos o con maleza interior","Z":9.21889973,"Shape_Length":154.04615678088001,"Shape_Area":563.11477075517178}},{"type":"Feature","id":56,"geometry":{"type":"Polygon","coordinates":[[[-89.626396493873855,20.961027972760981,13.31239999999525],[-89.626384314106474,20.961112892824875,13.425099999993108],[-89.626383152291382,20.961120995826903,13.435899999996764],[-89.626382799246699,20.961123455236905,13.439199999993434],[-89.626376958273809,20.961164180201699,13.493300000001909],[-89.626375007297426,20.961177783841883,13.51140000000305],[-89.626371196968037,20.961204348680756,13.54670000000624],[-89.626367749149281,20.961228390763626,13.578599999993457],[-89.626366476744636,20.961237261093853,13.590400000000955],[-89.62636609800964,20.961239900568586,13.593900000007125],[-89.626360119083287,20.961281587397707,12.506899999993038],[-89.626412850222252,20.961288031767676,11.920499999992899],[-89.626426375206961,20.961289684982802,11.916599999996834],[-89.626433180571297,20.961290517249108,11.914600000003702],[-89.626456641461147,20.961293384232722,11.907800000000861],[-89.626513776590571,20.96130036740572,11.891300000002957],[-89.626684400803299,20.961321221408909,12.001600000003236],[-89.626701630306101,20.96119684624956,12.205600000001141],[-89.626710909851298,20.961129852891691,13.460399999996298],[-89.626719966723513,20.961064473664784,15.259399999995367],[-89.626711114810078,20.961063135758078,15.27730000000156],[-89.626687220907698,20.961059524304183,15.325599999996484],[-89.626681236109732,20.961058619808991,15.337700000003679],[-89.626648468146854,20.961053668073536,15.403900000004796],[-89.626642267469649,20.961052730790488,15.416400000001886],[-89.626595147551313,20.961045609518067,15.511700000002747],[-89.62654692705047,20.961038321917368,15.60920000000624],[-89.626460619729343,20.961025277911176,15.783599999995204],[-89.626433611051667,20.961021196192277,15.838199999998324],[-89.626431525524012,20.961020880738701,15.712400000003981],[-89.626413296482326,20.961018126315157,14.613299999997253],[-89.626398232334566,20.961015849472187,13.704899999996996],[-89.626396493873855,20.961027972760981,13.31239999999525]]]},"properties":{"OBJECTID":56,"CATEGORIA":"USOS_DE_PREDIO","CODIGO":3009,"ELEMENTO":"Predios ruinosos o con maleza interior","Z":11.8913002,"Shape_Length":126.31763134233547,"Shape_Area":991.36269190597159}},{"type":"Feature","id":57,"geometry":{"type":"Polygon","coordinates":[[[-89.624264344025377,20.961410517999951,14.980200000005425],[-89.62426988051746,20.961411509839461,14.756999999997788],[-89.624272687319134,20.961412011936762,14.643899999995483],[-89.624330626577077,20.961422385437231,13.937099999995553],[-89.62435949400232,20.961427553891053,13.585000000006403],[-89.624371331594787,20.961429673855594,13.440600000001723],[-89.624417055305557,20.961437860050737,12.882800000006682],[-89.624469753138698,20.96144729490565,12.239900000000489],[-89.624491289691946,20.961451150638538,11.9771999999939],[-89.624584609405019,20.961481664480921,14.89079999999376],[-89.624590339949947,20.961483200452982,14.89079999999376],[-89.624599125993853,20.961485554297756,14.89079999999376],[-89.624664456432569,20.961503059270946,14.89079999999376],[-89.624670594495356,20.961504703625778,14.89079999999376],[-89.624708509974425,20.96138998284901,14.705600000001141],[-89.624688368225748,20.961384866935074,14.800300000002608],[-89.624690937901917,20.961373879283766,14.645199999999022],[-89.624694954691108,20.961356700105679,14.402700000006007],[-89.624700110046305,20.961334650522023,14.091499999994994],[-89.6246612696049,20.961326637355352,11.558399999994435],[-89.624662651535075,20.961320731233386,11.558399999994435],[-89.624643290101986,20.961317256427908,11.79769999999553],[-89.624620033270276,20.96131308412518,12.085099999996601],[-89.624622606898512,20.961301001245662,12.106499999994412],[-89.624643836791748,20.961201351611155,12.282699999996112],[-89.624644305919446,20.961199153146062,12.350800000000163],[-89.624643534792412,20.961199028692636,12.347500000003492],[-89.624579293379838,20.961188617841724,12.733800000001793],[-89.62457747974193,20.961198590770032,12.095199999996112],[-89.624571309310909,20.961232530388894,11.978700000006938],[-89.6245685608055,20.961247645053675,11.926800000001094],[-89.624558472001155,20.961303135781847,16.98410000000149],[-89.624551232547816,20.961342956839182,17.130399999994552],[-89.624549773198396,20.961350980454686,11.572299999999814],[-89.624545811883849,20.961372769677364,11.497499999997672],[-89.62454449810356,20.961379992020383,11.47269999999844],[-89.62454084901978,20.961400065515779,11.403800000000047],[-89.6245067098167,20.961393376622791,11.847099999999045],[-89.624477044879143,20.961387563196482,12.232300000003306],[-89.624384703307882,20.961369468397454,13.431400000001304],[-89.624321535751818,20.96135709073846,14.251600000003236],[-89.624283616712063,20.961349660985508,14.744000000006054],[-89.624279705685197,20.961348894203223,14.794800000003306],[-89.624275716538975,20.961348112372562,14.771699999997509],[-89.624264344025377,20.961410517999951,14.980200000005425]]]},"properties":{"OBJECTID":57,"CATEGORIA":"USOS_DE_PREDIO","CODIGO":3009,"ELEMENTO":"Predios ruinosos o con maleza interior","Z":11.4038,"Shape_Length":152.81156569853911,"Shape_Area":576.16497707280678}},{"type":"Feature","id":58,"geometry":{"type":"Polygon","coordinates":[[[-89.630215598656861,20.961210450752603,11.410499999998137],[-89.630212436748749,20.96122278020842,11.400999999998021],[-89.630201311633598,20.961266164433887,11.367400000002817],[-89.630199980778031,20.9612713511195,11.363400000002002],[-89.630195093072743,20.961290411823853,11.348700000002282],[-89.630241944843334,20.961299613686162,10.632199999992736],[-89.630266610129652,20.961304458662255,10.532500000001164],[-89.630269551865013,20.961305036221507,10.520600000003469],[-89.630308001847595,20.961312588233426,10.365200000000186],[-89.630309767865683,20.961312935656302,10.358099999997648],[-89.630332308344251,20.961317362898384,10.266900000002352],[-89.630387459685593,20.961328194456108,10.043900000004214],[-89.630405790101079,20.961331794659817,9.9698000000062166],[-89.630460962685532,20.961342631281902,10.000499999994645],[-89.630497392046109,20.961349786490054,10.020799999998417],[-89.63051125970243,20.961352510289249,10.028500000000349],[-89.63053272475608,20.961356725683938,10.040399999998044],[-89.630571132319432,20.961364269260212,10.061799999995856],[-89.630588514640081,20.961367683646813,10.071500000005472],[-89.630611925112575,20.961372281601154,10.084499999997206],[-89.630630760927588,20.961375980513726,10.095000000001164],[-89.630635994334298,20.961377008421401,10.097899999993388],[-89.630663166386228,20.961382345514448,10.112999999997555],[-89.630683973658918,20.961386432005153,10.124599999995553],[-89.630733085322433,20.961396078251422,10.151899999997113],[-89.630781222833221,20.961405532769891,10.178700000004028],[-89.630786563299679,20.961406581591131,10.181700000001001],[-89.630829492485702,20.961415013222389,10.205600000001141],[-89.630859374336836,20.961288487010094,11.87960000000021],[-89.630808846251412,20.961280288276527,13.184800000002724],[-89.630762221106565,20.961272722659977,12.654999999998836],[-89.630679737900593,20.961259339205249,11.717799999998533],[-89.630677488092672,20.961258973975653,11.720600000000559],[-89.630629431521669,20.961251175816336,11.780799999993178],[-89.63062064051492,20.96124974960016,11.791800000006333],[-89.630570001526834,20.961243890901841,11.664399999994203],[-89.63053561935341,20.9612399119484,11.577900000003865],[-89.630463666089256,20.961231587034256,11.396800000002258],[-89.630222689853127,20.961202403379168,11.297800000000279],[-89.63021781398632,20.96120181324104,11.417199999996228],[-89.630215598656861,20.961210450752603,11.410499999998137]]]},"properties":{"OBJECTID":58,"CATEGORIA":"USOS_DE_PREDIO","CODIGO":3009,"ELEMENTO":"Predios ruinosos o con maleza interior","Z":9.9698,"Shape_Length":159.34839692375726,"Shape_Area":845.76752516571776}},{"type":"Feature","id":59,"geometry":{"type":"Polygon","coordinates":[[[-89.631594224453778,20.961290106764128,9.7516000000032363],[-89.631591417928334,20.961305874236448,10.598499999992782],[-89.631587123657383,20.961329998040139,9.8942999999999302],[-89.631586147087688,20.961335488939813,9.9138999999995576],[-89.631730795591523,20.961350754868512,9.6416000000026543],[-89.632052854758399,20.961384742889845,10.342199999999139],[-89.63209181648844,20.961388854831224,10.426900000005844],[-89.632099573198005,20.961389673074066,10.443799999993644],[-89.632106483464483,20.961390402369595,10.458799999993062],[-89.632124948391947,20.961392350789541,10.498999999996158],[-89.632131040129806,20.961392993414552,10.512199999997392],[-89.6322132602115,20.961406437993716,10.814400000002934],[-89.632251990741139,20.961412770880624,11.244200000001001],[-89.632267261354315,20.961346962428344,11.221099999995204],[-89.632227221494901,20.961342429297478,11.074099999997998],[-89.632220794736213,20.961341701565818,11.050499999997555],[-89.632139802006193,20.961332532005017,10.753200000006473],[-89.632139343560738,20.961332479498608,10.751499999998487],[-89.632094591273727,20.961327413317335,10.587199999994482],[-89.632058372023948,20.961323312279255,10.454199999992852],[-89.631950793932347,20.961311132382871,10.059299999993527],[-89.631871115843808,20.961302111217819,9.7667999999976018],[-89.63182928463911,20.961297375432665,9.6132999999972526],[-89.631789305704856,20.961293027243258,9.6260999999940395],[-89.631772968030774,20.9612912508764,9.6312999999936437],[-89.631705572827343,20.961283922365915,9.6527999999962049],[-89.631653724654385,20.961278284008497,9.6693999999988591],[-89.631623546403659,20.961275001455672,9.978000000002794],[-89.631597418639544,20.96127216013199,9.6873999999952503],[-89.631594224453778,20.961290106764128,9.7516000000032363]]]},"properties":{"OBJECTID":59,"CATEGORIA":"USOS_DE_PREDIO","CODIGO":3009,"ELEMENTO":"Predios ruinosos o con maleza interior","Z":9.61330032,"Shape_Length":154.59125896794302,"Shape_Area":489.26214881321431}},{"type":"Feature","id":60,"geometry":{"type":"Polygon","coordinates":[[[-89.630940843048762,20.961365994201405,11.24890000000596],[-89.630986569864774,20.961374843051587,11.031099999992875],[-89.631029229693752,20.961383097317448,10.829899999996996],[-89.631066367064321,20.961390283901732,10.654800000003888],[-89.631068469586339,20.96139069112591,10.644899999999325],[-89.631073342988117,20.961391634293328,10.621899999998277],[-89.631102146486782,20.961397207950256,10.486099999994622],[-89.631111255777796,20.961398970504753,10.443100000004051],[-89.6311213391634,20.96140092115926,10.395600000003469],[-89.63113964262412,20.961404463012002,10.309299999993527],[-89.631171237265221,20.96141057680023,10.16030000000319],[-89.631297402448851,20.961433273716459,9.2614999999932479],[-89.631462369080865,20.961462948953379,8.0862000000051921],[-89.631504782538414,20.961470579415703,8.5032000000064727],[-89.631560324889946,20.961480570302701,10.222999999998137],[-89.631566931197582,20.961443453915507,10.182799999995041],[-89.63157381401237,20.961404782152417,10.14089999999851],[-89.631575304325253,20.961396407724312,10.777600000001257],[-89.631519685566332,20.961384795588604,10.80460000000312],[-89.63148491623258,20.961377535515954,10.821400000000722],[-89.631371744792659,20.961351728166882,11.010800000003655],[-89.631353565292244,20.961347799808305,10.966799999994691],[-89.631352674751582,20.961347607710199,10.964600000006612],[-89.631332968883157,20.961343349905061,10.916899999996531],[-89.631310581737139,20.961338513243096,10.862599999993108],[-89.631251196998846,20.961326951951005,10.905199999993783],[-89.631199382427468,20.961316863664344,10.942299999995157],[-89.631124378000223,20.96130226074861,10.995999999999185],[-89.631085084193472,20.961294056550521,11.014999999999418],[-89.631059748854241,20.961288767002998,11.02730000000156],[-89.631052098665052,20.96128716970825,11.031000000002678],[-89.63105020879442,20.961286775451502,11.03190000000177],[-89.630973179211594,20.961270692357534,11.069199999998091],[-89.63096366133388,20.961268704972721,11.04309999999532],[-89.630940843048762,20.961365994201405,11.24890000000596]]]},"properties":{"OBJECTID":60,"CATEGORIA":"USOS_DE_PREDIO","CODIGO":3009,"ELEMENTO":"Predios ruinosos o con maleza interior","Z":8.08619976,"Shape_Length":151.38569468636373,"Shape_Area":683.06814303541876}},{"type":"Feature","id":61,"geometry":{"type":"Polygon","coordinates":[[[-89.633055465188235,20.961347779569174,13.700599999996484],[-89.633046360561337,20.961383217359199,13.757800000006682],[-89.633280034016764,20.961411188016335,11.308300000004238],[-89.63330815876273,20.961414555274157,11.285399999993388],[-89.633337706153512,20.961418091945308,11.26140000000305],[-89.633427044742533,20.961428785963317,11.33520000000135],[-89.633588388029608,20.961448098871049,11.468399999997928],[-89.633675289716592,20.961458500879555,11.540099999998347],[-89.633684575052669,20.961459612322638,11.778099999995902],[-89.633685272242872,20.961456942640879,11.890100000004168],[-89.633691864972434,20.961431700764948,11.859500000005937],[-89.633692554083325,20.961429063710813,11.856299999999464],[-89.633699488248155,20.961402517350152,11.824200000002747],[-89.633665732496652,20.961397867566323,11.519000000000233],[-89.633657654391357,20.961396754616036,11.445999999996275],[-89.633647303367496,20.961395329198673,11.352400000003399],[-89.633545004217027,20.961381238647089,11.565400000006775],[-89.633525094158458,20.96137849563614,11.606799999994109],[-89.633426659679358,20.961364937550748,11.811700000005658],[-89.633376444826339,20.961358657834285,11.516199999998207],[-89.633351917310677,20.961355590716085,11.371799999993527],[-89.633337077681816,20.961353734469707,11.284499999994296],[-89.633281571440094,20.961346793453679,10.957800000003772],[-89.633273829404999,20.961345825164589,10.912200000006123],[-89.633234457459778,20.961340901849809,10.680500000002212],[-89.633222005856084,20.961339344549483,10.607199999998556],[-89.633164752195782,20.961332184923048,10.270300000003772],[-89.633117045779414,20.961326218475818,9.9894999999960419],[-89.633114359141089,20.961325882601116,9.9737000000022817],[-89.63307671054018,20.961321174581826,9.7520999999978812],[-89.633062748487163,20.961319428440341,9.669899999993504],[-89.633055465188235,20.961347779569174,13.700599999996484]]]},"properties":{"OBJECTID":61,"CATEGORIA":"USOS_DE_PREDIO","CODIGO":3009,"ELEMENTO":"Predios ruinosos o con maleza interior","Z":9.66989994,"Shape_Length":147.61746838687378,"Shape_Area":465.75810284410784}},{"type":"Feature","id":62,"geometry":{"type":"Polygon","coordinates":[[[-89.628768200463227,20.96129841881698,12.2387000000017],[-89.628767326483867,20.96130395597838,12.23750000000291],[-89.628759989429184,20.961350388434628,12.22729999999865],[-89.628758616027667,20.961359081562602,12.225399999995716],[-89.628753330095577,20.961392538116726,14.53179999999702],[-89.628746688934726,20.961434572855566,12.208899999997811],[-89.628730231312929,20.961538733838431,11.839399999997113],[-89.628740638755318,20.961539923042661,11.604699999996228],[-89.6288600938434,20.961557731615731,12.03070000000298],[-89.628970138556781,20.961216165985586,12.673800000004121],[-89.628847249385529,20.961205721782456,12.820200000001932],[-89.628798257748798,20.961201557977152,12.878599999996368],[-89.628797950675093,20.961201532017622,12.879000000000815],[-89.628783700032983,20.961200320851148,12.895999999993364],[-89.628768200463227,20.96129841881698,12.2387000000017]]]},"properties":{"OBJECTID":62,"CATEGORIA":"USOS_DE_PREDIO","CODIGO":3009,"ELEMENTO":"Predios ruinosos o con maleza interior","Z":11.6047001,"Shape_Length":110.58392993463143,"Shape_Area":635.92862529891011}},{"type":"Feature","id":63,"geometry":{"type":"Polygon","coordinates":[[[-89.631478919763509,20.961563872720326,9.5339999999996508],[-89.631488253407852,20.961565382600259,9.2480000000068685],[-89.631543634572225,20.961574344918336,10.324500000002445],[-89.631552434726387,20.961524896857384,10.270999999993364],[-89.631483528202949,20.961513327423805,9.4254999999975553],[-89.631441951785916,20.961506347628625,9.4812999999994645],[-89.631363837877444,20.961493232003527,9.4492999999929452],[-89.631260865675642,20.961475943515193,9.4072000000014668],[-89.631234331888464,20.961471488685827,9.5509000000020023],[-89.631224684902961,20.961469868967356,9.6031999999977415],[-89.631205809319283,20.96146669981044,9.7054999999963911],[-89.631190383966825,20.961464109370205,9.7890999999945052],[-89.631171545986845,20.961460946851503,9.8910999999934575],[-89.631130214440546,20.961454007435929,10.115000000005239],[-89.631103418432488,20.961449507880467,10.260200000004261],[-89.631099491970005,20.961448848936723,10.281499999997322],[-89.631063602339594,20.961442823126074,10.475900000004913],[-89.631057759385683,20.961441841661539,10.507599999997183],[-89.630976418956934,20.961428185207371,10.948199999998906],[-89.630974464878634,20.961427856946948,10.958799999993062],[-89.63092815802608,20.961420082420766,11.318899999998393],[-89.63091888793862,20.96145960631279,11.463799999997718],[-89.630916582929331,20.961469433372649,11.975000000005821],[-89.630966164504017,20.961478027687981,13.506699999998091],[-89.631053943406911,20.961493244172484,14.487599999993108],[-89.631184310222523,20.961515842881983,15.944399999993038],[-89.631214891978047,20.961521143479917,16.286099999997532],[-89.631217341303568,20.961521539929347,10.619099999996251],[-89.631242147825631,20.961525554658131,10.522200000006706],[-89.631275473475199,20.961530947396842,10.392000000007101],[-89.631276895272592,20.961531178239561,10.38640000000305],[-89.631343994816021,20.961542037127888,10.124200000005658],[-89.631345253694761,20.961542240691788,10.119300000005751],[-89.631380530341474,20.961547949975632,9.9814999999944121],[-89.631385408750944,20.961548739570699,9.9624000000039814],[-89.631425772002672,20.961555271338671,9.8046999999933178],[-89.631476119567836,20.961563419396679,9.6080999999976484],[-89.631478919763509,20.961563872720326,9.5339999999996508]]]},"properties":{"OBJECTID":63,"CATEGORIA":"USOS_DE_PREDIO","CODIGO":3009,"ELEMENTO":"Predios ruinosos o con maleza interior","Z":9.24800014,"Shape_Length":143.41195463547334,"Shape_Area":375.06948458082923}},{"type":"Feature","id":64,"geometry":{"type":"Polygon","coordinates":[[[-89.624318011209127,20.961633729599381,14.383700000005774],[-89.624327239918003,20.961635396786857,14.294099999999162],[-89.62432209084136,20.961662875159604,14.162400000001071],[-89.62443994627084,20.961676382308131,15.152900000000955],[-89.624521861799835,20.961685769774501,15.841400000004796],[-89.624524847167535,20.961686149036325,15.800199999997858],[-89.624607716652605,20.961696662979882,14.656199999997625],[-89.624645925630944,20.96157975457648,12.89100000000326],[-89.624632646645949,20.961576832525459,13.196200000005774],[-89.624510384035034,20.961549936276175,13.666200000006938],[-89.624448682480832,20.961536362374499,13.9033999999956],[-89.624417104174668,20.961529415528965,14.024799999999232],[-89.624401419717415,20.961525965319936,14.085099999996601],[-89.624398222031743,20.961525261588019,14.096099999995204],[-89.624342713231869,20.96151305037916,14.287400000001071],[-89.624258082772997,20.961494432267749,14.578999999997905],[-89.624249399632376,20.961492521929596,15.254199999995762],[-89.62422688692223,20.961616052059082,15.666899999996531],[-89.624223979984862,20.961632004306338,15.720199999996112],[-89.624244243367841,20.9616359374605,15.281700000006822],[-89.624276368684079,20.961642172584533,14.886700000002747],[-89.624279746477526,20.961626818903255,14.755000000004657],[-89.624318011209127,20.961633729599381,14.383700000005774]]]},"properties":{"OBJECTID":64,"CATEGORIA":"USOS_DE_PREDIO","CODIGO":3009,"ELEMENTO":"Predios ruinosos o con maleza interior","Z":12.8909998,"Shape_Length":116.97906364125413,"Shape_Area":619.01243647335014}},{"type":"Feature","id":65,"geometry":{"type":"Polygon","coordinates":[[[-89.626671030916455,20.961414264780419,12.959600000001956],[-89.626659743758694,20.961477536809234,12.959600000001956],[-89.626654752880029,20.961505517473007,12.959600000001956],[-89.626648353281681,20.961541387356725,12.959600000001956],[-89.626641073986292,20.961582196794115,12.959600000001956],[-89.62662542786839,20.961669898735646,18.815100000007078],[-89.626690969456391,20.961681375778216,18.885500000003958],[-89.626695898173693,20.961682789511858,19.132500000006985],[-89.626699965215025,20.961663768604932,13.27719999999681],[-89.626710411578671,20.96161492456476,13.331999999994878],[-89.626712320290622,20.961606000184332,13.342000000004191],[-89.626724161716638,20.961550631352306,14.28059999999823],[-89.626730311675374,20.961521874418402,13.43640000000596],[-89.626737186707643,20.961489726006761,14.576900000000023],[-89.626746061994766,20.961448226557145,13.519100000004983],[-89.626749677650707,20.961431318072908,13.538100000005215],[-89.626752372817847,20.961418719576706,13.615099999995437],[-89.626671995651492,20.961408856235302,13.260699999998906],[-89.626671030916455,20.961414264780419,12.959600000001956]]]},"properties":{"OBJECTID":65,"CATEGORIA":"USOS_DE_PREDIO","CODIGO":3009,"ELEMENTO":"Predios ruinosos o con maleza interior","Z":12.9596004,"Shape_Length":75.064326384000921,"Shape_Area":234.79925675868469}},{"type":"Feature","id":66,"geometry":{"type":"Polygon","coordinates":[[[-89.630054399203999,20.961403776626099,11.801800000001094],[-89.630052994273186,20.961417585826773,11.880199999999604],[-89.63005109066745,20.961436295301706,11.986399999994319],[-89.630044435753533,20.961501697087876,12.357699999993201],[-89.630040881160809,20.961536633798456,12.556100000001607],[-89.630039992949548,20.961545365486501,12.60570000000007],[-89.630036101271131,20.961583615464704,12.822899999999208],[-89.63003146484624,20.961629182849556,13.081600000004983],[-89.630026575027827,20.961677243319752,12.616500000003725],[-89.630101835580817,20.961682908998814,12.466100000005099],[-89.630104490145513,20.961663555932901,12.932400000005146],[-89.630104498665219,20.961663493504332,12.932000000000698],[-89.630113475133314,20.961598054076852,12.478700000006938],[-89.630114490413462,20.96159065213995,12.427400000000489],[-89.630115635221543,20.961582302913399,12.369600000005448],[-89.63011813378354,20.961564087145483,12.243400000006659],[-89.630120676169199,20.961556177705052,12.206500000000233],[-89.630125972348296,20.961539696475931,12.12949999999546],[-89.630133686856652,20.961515686920645,12.017300000006799],[-89.630135065139143,20.961511397844877,11.997300000002724],[-89.630138742391196,20.96149995516501,11.943799999993644],[-89.630140305699186,20.961495089016708,11.921100000006845],[-89.630166416437064,20.96141383250103,11.541500000006636],[-89.630172481061749,20.961394960383625,11.45329999999376],[-89.630173138131113,20.961384609831349,11.265299999999115],[-89.630173861349249,20.961373205527913,11.284599999999045],[-89.630125001422627,20.961369375942841,11.729000000006636],[-89.630122464238923,20.961369176753113,11.718999999997322],[-89.630109050687778,20.961368125224297,11.665900000007241],[-89.6300584303292,20.961364157571193,11.576799999995274],[-89.630054399203999,20.961403776626099,11.801800000001094]]]},"properties":{"OBJECTID":66,"CATEGORIA":"USOS_DE_PREDIO","CODIGO":3009,"ELEMENTO":"Predios ruinosos o con maleza interior","Z":11.2652998,"Shape_Length":90.003773401476337,"Shape_Area":331.85843461546773}},{"type":"Feature","id":67,"geometry":{"type":"Polygon","coordinates":[[[-89.630411362699192,20.961450649957484,12.181700000001001],[-89.630411025459182,20.961452415732637,12.190000000002328],[-89.630394208303201,20.961540411272157,12.604000000006636],[-89.630389504262098,20.961565023513977,12.719800000006217],[-89.63038871178739,20.961569172633514,12.739300000001094],[-89.630382306501886,20.961602688017333,12.896999999997206],[-89.63038110711102,20.961608960615681,12.926500000001397],[-89.630372670378534,20.961653107790841,13.134200000000419],[-89.630363214785547,20.961702584001372,12.377299999992829],[-89.630462363596507,20.961710046687493,11.774999999994179],[-89.630505037175041,20.961713259319865,11.70690000000468],[-89.630516791090727,20.961642423975292,11.18739999999525],[-89.630519676046461,20.961625034673514,11.07060000000638],[-89.630521445490714,20.961614371714841,11.026100000002771],[-89.630522172418836,20.961609992475893,11.007800000006682],[-89.630527609338117,20.961577222450135,10.871199999994133],[-89.630547178266752,20.961459287254911,10.553700000004028],[-89.630528080609807,20.961455895735863,10.432300000000396],[-89.630519723992876,20.961454411346352,10.379199999995762],[-89.630447166954809,20.961441524596903,10.593999999997322],[-89.630414224522482,20.961435673444331,10.691500000000815],[-89.630411362699192,20.961450649957484,12.181700000001001]]]},"properties":{"OBJECTID":67,"CATEGORIA":"USOS_DE_PREDIO","CODIGO":3009,"ELEMENTO":"Predios ruinosos o con maleza interior","Z":10.3792,"Shape_Length":87.396167561973456,"Shape_Area":421.63002200738828}},{"type":"Feature","id":68,"geometry":{"type":"Polygon","coordinates":[[[-89.631672567423564,20.961725756769557,10.116699999998673],[-89.631705460099795,20.961731341191197,10.06140000000596],[-89.63175568073423,20.961739866707752,10.178899999998976],[-89.631822087889461,20.961751139666283,10.58629999999539],[-89.631892313678108,20.961763060547984,10.446100000001024],[-89.631941509537668,20.961771412237574,10.547399999995832],[-89.631948071875016,20.961772526111567,10.560899999996764],[-89.631953015560399,20.961773365240965,10.571100000001024],[-89.6319556946831,20.961773820426487,10.576600000000326],[-89.631957594843968,20.961774143187906,10.580499999996391],[-89.631960393501558,20.961774618195388,10.58629999999539],[-89.632004451901054,20.961782097615984,10.771500000002561],[-89.632015650391892,20.961783998485707,10.753599999996368],[-89.632049412659995,20.961789730113559,10.85580000000482],[-89.632100608946132,20.961798421023996,11.010800000003655],[-89.632156118419005,20.961807843410739,11.468500000002678],[-89.632158247975042,20.961797277807825,11.613299999997253],[-89.632175868813334,20.961709843083618,11.61359999999695],[-89.632176571010945,20.961706359856002,12.312300000005052],[-89.632120192198485,20.961696636708702,12.873600000006263],[-89.632085094031609,20.961690583547945,12.353099999992992],[-89.632069022436397,20.961687811768797,12.114700000005541],[-89.632035276916184,20.961681992307124,11.614199999996345],[-89.631980878381185,20.961672610497764,10.807400000005146],[-89.631978210712475,20.961672150621258,10.767800000001444],[-89.631967732840394,20.961670343347954,10.61250000000291],[-89.631966798631794,20.961670182624939,10.598599999997532],[-89.631949016721023,20.961667115837098,10.536999999996624],[-89.631875738180796,20.961654478314323,10.283200000005309],[-89.63168878619463,20.961622235887603,9.988100000002305],[-89.631672567423564,20.961725756769557,10.116699999998673]]]},"properties":{"OBJECTID":68,"CATEGORIA":"USOS_DE_PREDIO","CODIGO":3009,"ELEMENTO":"Predios ruinosos o con maleza interior","Z":9.98810005,"Shape_Length":125.76496747433538,"Shape_Area":591.36764847650727}},{"type":"Feature","id":69,"geometry":{"type":"Polygon","coordinates":[[[-89.631380530341474,20.961547949975632,9.9814999999944121],[-89.631379585595738,20.96155273344764,9.7458000000042375],[-89.631328602972616,20.961810989853639,9.9039000000047963],[-89.631324759677639,20.961830458790903,9.9532999999937601],[-89.631352739515009,20.96183520816999,10.130900000003749],[-89.631422399381691,20.961847030545801,10.586699999999837],[-89.631444172821659,20.961737949873982,10.255099999994854],[-89.63144755742367,20.961720996151456,10.184899999992922],[-89.631452928531075,20.961694087564151,10.073399999993853],[-89.63145575987194,20.961679901511854,10.014599999994971],[-89.631463459517292,20.961641327283644,9.8548000000009779],[-89.63147611225375,20.961577937422092,9.5923000000038883],[-89.631478919763509,20.961563872720326,9.5339999999996508],[-89.631476119567836,20.961563419396679,9.6080999999976484],[-89.631425772002672,20.961555271338671,9.8046999999933178],[-89.631385408750944,20.961548739570699,9.9624000000039814],[-89.631380530341474,20.961547949975632,9.9814999999944121]]]},"properties":{"OBJECTID":69,"CATEGORIA":"USOS_DE_PREDIO","CODIGO":3009,"ELEMENTO":"Predios ruinosos o con maleza interior","Z":9.5340004,"Shape_Length":84.454077260119959,"Shape_Area":330.04522208437919}},{"type":"Feature","id":70,"geometry":{"type":"Polygon","coordinates":[[[-89.61935226576945,20.961571852667809,15.296000000002095],[-89.619349574310149,20.961580783620796,15.283200000005309],[-89.619339837216884,20.961613102274541,15.236699999994016],[-89.619338064441223,20.96161898639178,15.228199999997742],[-89.61931511733377,20.961695147946219,15.118600000001607],[-89.619303662891113,20.961733167485889,15.063899999993737],[-89.619290240244169,20.961777716081212,14.999800000005052],[-89.61927812247194,20.961817937062833,14.94199999999546],[-89.619276932819105,20.961821927040123,14.349400000006426],[-89.61925589404386,20.961891712135792,14.349400000006426],[-89.619246414979543,20.961923174518731,14.349400000006426],[-89.619238620562314,20.961949045763792,14.349400000006426],[-89.619234651542968,20.961962218137092,14.349400000006426],[-89.61922940861318,20.961979620138273,14.610700000004726],[-89.61923242336924,20.961980361992453,14.621400000003632],[-89.619228309476654,20.961991067265608,14.621400000003632],[-89.61921456737312,20.962026826894409,15.270699999993667],[-89.619291292011994,20.962054995862005,14.997000000003027],[-89.619375946379606,20.962086076501315,15.411500000001979],[-89.619380210825469,20.962071158866511,15.430200000002515],[-89.619389804278171,20.962037601886141,15.472399999998743],[-89.619393356623718,20.96202517535982,15.487999999997555],[-89.619435512879505,20.961877717435677,15.673399999999674],[-89.619443143071678,20.96185102891106,15.706999999994878],[-89.619455348441122,20.961808335442246,15.760699999998906],[-89.619455957296978,20.961806207968266,15.763399999996182],[-89.619456494558875,20.961804495105621,15.349400000006426],[-89.619468707061202,20.961765631466157,15.349400000006426],[-89.619458603138312,20.96176282992861,14.682700000004843],[-89.619464624684497,20.961743667109705,14.804699999993318],[-89.619478033864908,20.961700996664824,15.076300000000629],[-89.619488641662571,20.961667237195172,15.291100000002189],[-89.619489602468533,20.961664180682785,15.310599999997066],[-89.619502487058796,20.961623178664574,15.571599999995669],[-89.619481976916433,20.961617491758158,15.571599999995669],[-89.619495864155923,20.961573297155578,14.599400000006426],[-89.619363441256183,20.961534760139656,14.561499999996158],[-89.61935226576945,20.961571852667809,15.296000000002095]]]},"properties":{"OBJECTID":70,"CATEGORIA":"USOS_DE_PREDIO","CODIGO":3009,"ELEMENTO":"Predios ruinosos o con maleza interior","Z":14.3493996,"Shape_Length":150.80631626069987,"Shape_Area":975.40267134776013}},{"type":"Feature","id":71,"geometry":{"type":"Polygon","coordinates":[[[-89.628290403680708,20.961907015648414,13.002999999996973],[-89.628340547237158,20.961913498404702,13.002999999996973],[-89.628442800631262,20.961926719744362,13.002999999996973],[-89.628445795756917,20.961927106911123,13.002999999996973],[-89.62857718927809,20.961944095876941,13.002999999996973],[-89.628626480274434,20.961950468910803,13.002999999996973],[-89.628657402638552,20.961954467309148,13.002999999996973],[-89.628790614068052,20.961971690790396,13.002999999996973],[-89.628796994891957,20.961929335039137,13.002999999996973],[-89.628529628986243,20.961894711115448,13.002999999996973],[-89.628452138401357,20.961883826324751,13.002999999996973],[-89.628352914704763,20.961869889235018,13.002999999996973],[-89.62834760837562,20.961869144073464,13.002999999996973],[-89.628299077653026,20.961862327661798,13.002999999996973],[-89.628290403680708,20.961907015648414,13.002999999996973]]]},"properties":{"OBJECTID":71,"CATEGORIA":"USOS_DE_PREDIO","CODIGO":3009,"ELEMENTO":"Predios ruinosos o con maleza interior","Z":13.0030003,"Shape_Length":114.64757157895082,"Shape_Area":252.17029026886618}},{"type":"Feature","id":72,"geometry":{"type":"Polygon","coordinates":[[[-89.624761598393746,20.961804896356583,14.880699999994249],[-89.624761197031773,20.961806406702383,14.903099999995902],[-89.62476071880387,20.961809184943288,14.907999999995809],[-89.624741927127801,20.961918391708519,15.100699999995413],[-89.62474156029819,20.961920173282849,15.339999999996508],[-89.624729015311317,20.961981147897813,15.466899999999441],[-89.624768370843313,20.961986171858065,15.580600000001141],[-89.624771100969369,20.961986520738307,15.588499999998021],[-89.624790620267476,20.961989012584347,15.644899999999325],[-89.625088044433824,20.962026981290755,16.504000000000815],[-89.625094872484851,20.962027899933194,16.512000000002445],[-89.625246791005438,20.962048333872247,16.690499999996973],[-89.625340278524149,20.962060908477483,15.757599999997183],[-89.625381048009586,20.961860860500884,15.687699999994948],[-89.625285362617376,20.961848025439835,16.166700000001583],[-89.625247205045767,20.961842907299609,15.997799999997369],[-89.625134493695427,20.961831045934616,15.374500000005355],[-89.625085042505361,20.961825842637776,15.100999999995111],[-89.625074654028481,20.961824749522485,15.043600000004517],[-89.625032321067906,20.961820294257091,14.809500000003027],[-89.624899854497983,20.961806354445681,14.077000000004773],[-89.624764981497364,20.961792161781801,14.691600000005565],[-89.624761598393746,20.961804896356583,14.880699999994249]]]},"properties":{"OBJECTID":72,"CATEGORIA":"USOS_DE_PREDIO","CODIGO":3009,"ELEMENTO":"Predios ruinosos o con maleza interior","Z":14.0769997,"Shape_Length":172.60645601517362,"Shape_Area":1415.6697565539182}},{"type":"Feature","id":73,"geometry":{"type":"Polygon","coordinates":[[[-89.628264515153006,20.962045631560198,13.002999999996973],[-89.628367965948414,20.96206031786048,13.002999999996973],[-89.628412351708718,20.962066619457232,13.002999999996973],[-89.62841472619462,20.962066913272899,13.002999999996973],[-89.628455818738246,20.962071996243949,13.002999999996973],[-89.628469632175239,20.962073705329431,13.002999999996973],[-89.628510165075113,20.962078720177697,13.002999999996973],[-89.628535449238598,20.96208184764577,13.002999999996973],[-89.628539495983347,20.962082348598408,13.002999999996973],[-89.628608068588733,20.962090313849867,13.002999999996973],[-89.628721310286068,20.962103467507522,13.002999999996973],[-89.62876991001967,20.962109113525525,13.002999999996973],[-89.628789683037141,20.961977868054586,13.002999999996973],[-89.628790614068052,20.961971690790396,13.002999999996973],[-89.628657402638552,20.961954467309148,13.002999999996973],[-89.628626480274434,20.961950468910803,13.002999999996973],[-89.62857718927809,20.961944095876941,13.002999999996973],[-89.628445795756917,20.961927106911123,13.002999999996973],[-89.628442800631262,20.961926719744362,13.002999999996973],[-89.628340547237158,20.961913498404702,13.002999999996973],[-89.628290403680708,20.961907015648414,13.002999999996973],[-89.628274106792318,20.961990976323428,13.002999999996973],[-89.628264515153006,20.962045631560198,13.002999999996973]]]},"properties":{"OBJECTID":73,"CATEGORIA":"USOS_DE_PREDIO","CODIGO":3009,"ELEMENTO":"Predios ruinosos o con maleza interior","Z":13.0030003,"Shape_Length":136.56143192325376,"Shape_Area":825.89417510992178}},{"type":"Feature","id":74,"geometry":{"type":"Polygon","coordinates":[[[-89.632963437342397,20.961705996216633,14.2783999999956],[-89.632957661854945,20.961727142739196,14.313699999998789],[-89.63293726161433,20.961801839645897,14.438500000003842],[-89.632914960855302,20.961883493522031,14.574900000006892],[-89.632914660072274,20.96188459513812,14.576700000005076],[-89.632893212867486,20.961963122780968,14.707800000003772],[-89.632893202945382,20.961963159951331,14.70789999999397],[-89.632893193889345,20.961963191691172,14.707999999998719],[-89.632892655997267,20.961965408385066,14.684899999992922],[-89.632884718078046,20.961998095201981,14.344100000002072],[-89.632884076131731,20.96200073694251,14.316500000000815],[-89.632877901692069,20.962026161936002,14.051399999996647],[-89.632876632209658,20.962031390120266,13.996899999998277],[-89.632874164036437,20.96204155287003,14.05000000000291],[-89.632888865330784,20.962044232886306,14.200599999996484],[-89.632918825253,20.962049693547819,14.208400000003166],[-89.632935961810375,20.961965530989243,13.637700000006589],[-89.632945598770746,20.961930245683423,13.447799999994459],[-89.632946296108912,20.961927693372221,13.43409999999858],[-89.632949674316976,20.961915323525709,13.367599999997765],[-89.632959020379985,20.961881100860175,13.183499999999185],[-89.63299613648077,20.961745201159292,12.452499999999418],[-89.633004652422926,20.961714017688614,12.628200000006473],[-89.63297902335708,20.961708208420621,13.038000000000466],[-89.632963757665266,20.961704748036119,14.276400000002468],[-89.632963437342397,20.961705996216633,14.2783999999956]]]},"properties":{"OBJECTID":74,"CATEGORIA":"USOS_DE_PREDIO","CODIGO":3009,"ELEMENTO":"Predios ruinosos o con maleza interior","Z":12.4525003,"Shape_Length":85.825632095392038,"Shape_Area":169.60541679283153}},{"type":"Feature","id":75,"geometry":{"type":"Polygon","coordinates":[[[-89.633063812663579,20.961741723944044,11.110799999994924],[-89.63305561174657,20.961782002417653,11.348100000002887],[-89.633045092869111,20.961833665591403,11.652499999996508],[-89.633032825103953,20.96189391755949,12.541400000001886],[-89.633032738378759,20.961894344144117,12.541800000006333],[-89.633030133692856,20.961907139019537,12.552899999995134],[-89.633027640472079,20.961919383236943,12.56359999999404],[-89.633023940058223,20.961937558000191,12.579400000002352],[-89.633022611541037,20.961944079984843,12.585099999996601],[-89.632998163616605,20.962064154612676,13.843900000007125],[-89.633036429767117,20.962071128282069,14.203899999993155],[-89.633061177678997,20.961949579168628,12.926500000001397],[-89.633063692141477,20.961937230794458,12.837700000003679],[-89.633070823933053,20.961902204494908,12.585800000000745],[-89.633091914723948,20.961798614595125,11.995100000000093],[-89.633091984677336,20.961798273137976,11.993199999997159],[-89.633101225497171,20.961752885591572,11.734400000001187],[-89.633104530338201,20.961736657174715,11.641900000002352],[-89.633066595299724,20.961728058675405,11.637700000006589],[-89.633063812663579,20.961741723944044,11.110799999994924]]]},"properties":{"OBJECTID":75,"CATEGORIA":"USOS_DE_PREDIO","CODIGO":3009,"ELEMENTO":"Predios ruinosos o con maleza interior","Z":11.1107998,"Shape_Length":83.744621935148004,"Shape_Area":153.3684849034874}},{"type":"Feature","id":76,"geometry":{"type":"Polygon","coordinates":[[[-89.628264515153006,20.962045631560198,13.002999999996973],[-89.628243957880642,20.96216277926041,13.002999999996973],[-89.628340876282309,20.962179434346506,13.002999999996973],[-89.628346311851118,20.962180368919263,13.002999999996973],[-89.628488418328615,20.9622047902144,13.002999999996973],[-89.628496117466881,20.962205941759141,13.002999999996973],[-89.628630899233272,20.962226106102648,13.002999999996973],[-89.628864352314153,20.962261032766271,13.002999999996973],[-89.628867464135453,20.962238576754988,13.002999999996973],[-89.628876017196589,20.962176870869634,13.002999999996973],[-89.628883577461281,20.962122317383759,13.002999999996973],[-89.628861083980567,20.962119703973499,13.002999999996973],[-89.628778229723835,20.962110079426218,13.002999999996973],[-89.628771498250913,20.962109297581225,13.002999999996973],[-89.62876991001967,20.962109113525525,13.002999999996973],[-89.628721310286068,20.962103467507522,13.002999999996973],[-89.628608068588733,20.962090313849867,13.002999999996973],[-89.628539495983347,20.962082348598408,13.002999999996973],[-89.628535449238598,20.96208184764577,13.002999999996973],[-89.628510165075113,20.962078720177697,13.002999999996973],[-89.628469632175239,20.962073705329431,13.002999999996973],[-89.628455818738246,20.962071996243949,13.002999999996973],[-89.62841472619462,20.962066913272899,13.002999999996973],[-89.628412351708718,20.962066619457232,13.002999999996973],[-89.628367965948414,20.96206031786048,13.002999999996973],[-89.628264515153006,20.962045631560198,13.002999999996973]]]},"properties":{"OBJECTID":76,"CATEGORIA":"USOS_DE_PREDIO","CODIGO":3009,"ELEMENTO":"Predios ruinosos o con maleza interior","Z":13.0030003,"Shape_Length":159.09153981850469,"Shape_Area":934.21944941754862}},{"type":"Feature","id":77,"geometry":{"type":"Polygon","coordinates":[[[-89.627901622494733,20.962246451098309,13.529599999994389],[-89.628031325816863,20.962266975037672,14.173699999999371],[-89.628074580185427,20.962273819632124,14.388500000000931],[-89.628125367141692,20.962281855362804,13.145499999998719],[-89.628142755231877,20.962191030594692,13.11710000000312],[-89.628094179867134,20.96218034698229,14.472200000003795],[-89.628048079491521,20.962170207522988,14.335699999995995],[-89.62804354249387,20.962169209423472,14.322299999999814],[-89.628021542612643,20.962164370870923,14.257199999992736],[-89.627925877850217,20.962143329142933,13.974000000001979],[-89.627901622494733,20.962246451098309,13.529599999994389]]]},"properties":{"OBJECTID":77,"CATEGORIA":"USOS_DE_PREDIO","CODIGO":3009,"ELEMENTO":"Predios ruinosos o con maleza interior","Z":13.1170998,"Shape_Length":68.70675872283195,"Shape_Area":256.22110910435293}},{"type":"Feature","id":78,"geometry":{"type":"Polygon","coordinates":[[[-89.630356973050169,20.962204418108271,10.320699999996577],[-89.630429720626339,20.962214384794219,10.642900000006193],[-89.630502591540065,20.962224368503904,11.402000000001863],[-89.630562166077794,20.96223253055647,12.022599999996601],[-89.630607422911652,20.962238730541007,12.494000000006054],[-89.630659195951637,20.962245823948511,10.722500000003492],[-89.630673302541069,20.96216459200625,11.061499999996158],[-89.630620067888259,20.962157298161767,12.669299999994109],[-89.630583275471849,20.962152257674841,12.212899999998626],[-89.630370724271941,20.962123137491243,10.410399999993388],[-89.630356973050169,20.962204418108271,10.320699999996577]]]},"properties":{"OBJECTID":78,"CATEGORIA":"USOS_DE_PREDIO","CODIGO":3009,"ELEMENTO":"Predios ruinosos o con maleza interior","Z":10.3206997,"Shape_Length":81.830297623046761,"Shape_Area":289.87375577772156}},{"type":"Feature","id":79,"geometry":{"type":"Polygon","coordinates":[[[-89.631789526853737,20.962217179954138,11.767600000006496],[-89.631795741605586,20.96221803917901,11.646500000002561],[-89.631867090743071,20.962227899538554,11.760999999998603],[-89.631874084333148,20.962105465492833,11.916400000001886],[-89.631874549436802,20.962097333516375,11.952499999999418],[-89.631874888573378,20.962091394714786,11.978900000001886],[-89.631879025430337,20.962018972402774,12.33980000000156],[-89.631801628033926,20.962005348466128,12.501300000003539],[-89.631800183892537,20.962030634462558,12.2783999999956],[-89.631796986339808,20.962086600374132,12.12510000000475],[-89.631794907843187,20.962122978714515,12.025500000003376],[-89.631794223756785,20.962134963847475,11.992700000002515],[-89.631793193715311,20.962152992618662,11.943299999998999],[-89.631792065893478,20.962172738324739,11.889299999995274],[-89.631789620448728,20.962215553369379,11.772100000001956],[-89.631789526853737,20.962217179954138,11.767600000006496]]]},"properties":{"OBJECTID":79,"CATEGORIA":"USOS_DE_PREDIO","CODIGO":3009,"ELEMENTO":"Predios ruinosos o con maleza interior","Z":11.6464996,"Shape_Length":63.027472828931742,"Shape_Area":189.56738832842493}},{"type":"Feature","id":80,"geometry":{"type":"Polygon","coordinates":[[[-89.631867090743071,20.962227899538554,11.760999999998603],[-89.631904860974288,20.962233118751239,11.821599999995669],[-89.631907898536468,20.962186189279915,11.730100000000675],[-89.631908484679997,20.962177120076117,11.721999999994296],[-89.631909134727906,20.962167089247483,11.713000000003376],[-89.631912978536306,20.962107686117598,11.75460000000021],[-89.631918273697806,20.962025880599338,12.095400000005611],[-89.63191630872447,20.962025534461855,12.253800000005867],[-89.631879025430337,20.962018972402774,12.33980000000156],[-89.631874888573378,20.962091394714786,11.978900000001886],[-89.631874549436802,20.962097333516375,11.952499999999418],[-89.631874084333148,20.962105465492833,11.916400000001886],[-89.631867090743071,20.962227899538554,11.760999999998603]]]},"properties":{"OBJECTID":80,"CATEGORIA":"USOS_DE_PREDIO","CODIGO":3009,"ELEMENTO":"Predios ruinosos o con maleza interior","Z":11.7130003,"Shape_Length":54.303526616368544,"Shape_Area":93.246668907750973}},{"type":"Feature","id":81,"geometry":{"type":"Polygon","coordinates":[[[-89.627289379257732,20.962240203122516,13.51929999999993],[-89.627647127659486,20.962305320411012,15.743100000006962],[-89.627713195039263,20.962165286765025,15.452000000004773],[-89.627717403912527,20.96215636663014,15.433399999994435],[-89.627722933558459,20.962144647131051,15.408999999999651],[-89.627728730092713,20.962132359229994,15.383499999996275],[-89.627738536836858,20.962108914268686,15.267900000006193],[-89.627748018739382,20.96208624174557,15.156199999997625],[-89.627769388866597,20.962035149014575,14.904299999994691],[-89.627756633262479,20.962032039476448,14.34440000000177],[-89.627710323492948,20.962020750199862,14.187300000005052],[-89.627709159317135,20.962020465696977,14.183399999994435],[-89.627659149525485,20.962008274634176,14.013900000005378],[-89.627652835446824,20.962006736032443,13.271900000007008],[-89.627642959849922,20.962008755442223,12.83190000000468],[-89.627592354970076,20.962019104340737,12.423599999994622],[-89.627583395959078,20.962020936263336,12.351299999994808],[-89.62757938576668,20.962021756506918,12.428299999999581],[-89.627499442729786,20.962007384346869,12.696500000005472],[-89.627494777796656,20.962006545301964,12.699399999997695],[-89.627461698104256,20.962000599088903,12.719899999996414],[-89.627389874822654,20.961987686176407,12.764500000004773],[-89.627340694491394,20.96197884536992,13.309399999998277],[-89.627325888796776,20.962055104204758,17.297099999996135],[-89.627321636677593,20.96207700538044,13.079899999996996],[-89.627308820350351,20.962143017706367,14.408200000005309],[-89.627304811550772,20.962163661963739,12.877299999992829],[-89.627295928110442,20.962209416722654,12.770300000003772],[-89.627293861273131,20.962219136253871,12.816200000001118],[-89.627289379257732,20.962240203122516,13.51929999999993]]]},"properties":{"OBJECTID":81,"CATEGORIA":"USOS_DE_PREDIO","CODIGO":3009,"ELEMENTO":"Predios ruinosos o con maleza interior","Z":12.3513002,"Shape_Length":145.5210131498996,"Shape_Area":1263.2473052090816}},{"type":"Feature","id":82,"geometry":{"type":"Polygon","coordinates":[[[-89.61928639599887,20.962228678811517,15.492899999997462],[-89.61926721532285,20.962290582254262,15.492899999997462],[-89.619228395265367,20.962415868755588,15.492899999997462],[-89.619225557781945,20.962425025862444,15.492899999997462],[-89.619215660302771,20.962456969583172,15.492899999997462],[-89.619204361360218,20.962493435613897,15.492899999997462],[-89.619192186041488,20.962532729336665,15.492899999997462],[-89.619191434352587,20.96253515514455,15.492899999997462],[-89.619178217042545,20.962577811793629,14.779999999998836],[-89.61923302418235,20.962596248972549,15.326100000005681],[-89.619245728479811,20.962552284737377,16.164199999999255],[-89.619246344004196,20.962550153549792,16.153699999995297],[-89.619258458971629,20.962508224395719,15.946100000001024],[-89.619271898438441,20.962461714524864,15.7158999999956],[-89.619275370478192,20.962449698230653,15.656400000007125],[-89.619298102874396,20.962371028214083,15.267000000007101],[-89.619305613503897,20.962345033122567,15.138300000005984],[-89.619318034906044,20.962302046518744,14.925600000002305],[-89.61933662613076,20.962237703572761,14.607099999993807],[-89.619336805671793,20.96223708506092,15.724400000006426],[-89.619335788340749,20.962236732332983,15.72609999999986],[-89.619334621088072,20.962236325932384,15.728000000002794],[-89.619288945922079,20.962220450655259,15.803899999998976],[-89.61928639599887,20.962228678811517,15.492899999997462]]]},"properties":{"OBJECTID":82,"CATEGORIA":"USOS_DE_PREDIO","CODIGO":3009,"ELEMENTO":"Predios ruinosos o con maleza interior","Z":14.6070995,"Shape_Length":93.821282395435631,"Shape_Area":233.65202329541665}},{"type":"Feature","id":83,"geometry":{"type":"Polygon","coordinates":[[[-89.631778758060364,20.962405687268664,12.169200000003912],[-89.631780792507541,20.962405993511421,12.154999999998836],[-89.631852678416294,20.96241680621533,12.069499999997788],[-89.631903392057367,20.962424434738708,12.009099999995669],[-89.631905335908186,20.962424727030843,12.006800000002841],[-89.631925527120529,20.962427764723444,12.132800000006682],[-89.631949456647575,20.96243136402455,12.282200000001467],[-89.632047719032258,20.962446144426131,12.51249999999709],[-89.632055036930751,20.962409161494396,12.252900000006775],[-89.632071048594852,20.962328246770589,12.104099999996834],[-89.632077575324374,20.962295265776234,12.043399999995017],[-89.632084947970242,20.96225800662754,12.020099999994272],[-89.632061384921386,20.962254750183881,12.072700000004261],[-89.632042566272645,20.962252149049718,12.042499999995925],[-89.631997263182512,20.962245888773669,11.969800000006217],[-89.631985539953817,20.962244268674027,11.951000000000931],[-89.631977517634198,20.962243160202277,11.938099999999395],[-89.631976752581252,20.962243053746469,11.936900000000605],[-89.631962221648976,20.96224104635543,11.91359999999986],[-89.631904860974288,20.962233118751239,11.821599999995669],[-89.631867090743071,20.962227899538554,11.760999999998603],[-89.631795741605586,20.96221803917901,11.646500000002561],[-89.631789526853737,20.962217179954138,11.767600000006496],[-89.631788020877494,20.962243545817213,11.69539999999688],[-89.631787003490118,20.962261364027622,11.646599999992759],[-89.631784883791411,20.962298463482455,11.544999999998254],[-89.631784433446086,20.962306340625922,11.523400000005495],[-89.631783390169019,20.962324601635157,11.473400000002584],[-89.631781617275749,20.962355651118614,11.388300000005984],[-89.63178153693228,20.962357046367789,11.384500000000116],[-89.631778818463403,20.962404635412415,11.254199999995762],[-89.631778758060364,20.962405687268664,12.169200000003912]]]},"properties":{"OBJECTID":83,"CATEGORIA":"USOS_DE_PREDIO","CODIGO":3009,"ELEMENTO":"Predios ruinosos o con maleza interior","Z":11.2542,"Shape_Length":101.52184133363795,"Shape_Area":623.77947953387445}},{"type":"Feature","id":84,"geometry":{"type":"Polygon","coordinates":[[[-89.633365170002193,20.962352368066245,14.879000000000815],[-89.63336510247774,20.962353232238467,14.879700000004959],[-89.63336415346933,20.962365395711714,14.889899999994668],[-89.63336132377384,20.962401668275742,14.920199999993201],[-89.63336081449286,20.962408206491194,14.925700000007055],[-89.633360009866593,20.962418515979,14.934299999993527],[-89.633359007452214,20.962431361932559,14.945000000006985],[-89.633379778390875,20.962433253796064,11.856899999998859],[-89.633403146788069,20.962435382686849,11.983699999997043],[-89.633406777259268,20.962435713898575,12.00340000000142],[-89.633454841651371,20.962440091994736,12.264400000000023],[-89.633457262926498,20.96244031278696,12.277499999996508],[-89.633470791244591,20.962441545546035,12.35570000000007],[-89.6335039313701,20.962444564377158,12.547300000005635],[-89.633512463103827,20.962445341679196,12.5966000000044],[-89.633514707919332,20.962420840539234,12.461599999995087],[-89.633517495665657,20.962390405576034,12.293999999994412],[-89.633519073850167,20.962373171880987,12.199099999997998],[-89.633523231848955,20.962327789754589,11.992800000007264],[-89.633482747246589,20.962324166675437,12.100600000005215],[-89.633368170034899,20.96231391247667,14.846900000004098],[-89.633365170002193,20.962352368066245,14.879000000000815]]]},"properties":{"OBJECTID":84,"CATEGORIA":"USOS_DE_PREDIO","CODIGO":3009,"ELEMENTO":"Predios ruinosos o con maleza interior","Z":11.8569002,"Shape_Length":58.364853105402787,"Shape_Area":210.5187838771848}},{"type":"Feature","id":85,"geometry":{"type":"Polygon","coordinates":[[[-89.628825966210925,20.962524329221257,13.002999999996973],[-89.628954727649244,20.962541983230761,13.002999999996973],[-89.629084687704164,20.962559801021413,13.002999999996973],[-89.629090970347761,20.962524146879463,13.002999999996973],[-89.629151274358989,20.962530210762413,13.002999999996973],[-89.629170228891851,20.962532116727598,13.002999999996973],[-89.629265626503781,20.962541710911314,13.002999999996973],[-89.629265844041072,20.962539695087482,13.002999999996973],[-89.629278061032721,20.962434684932987,13.002999999996973],[-89.629232330483731,20.962430914268626,13.002999999996973],[-89.62918502610124,20.962427013489489,13.002999999996973],[-89.629107633201286,20.962420631870877,13.002999999996973],[-89.629096287199218,20.962419696434573,13.002999999996973],[-89.628986987446254,20.96241068321881,13.002999999996973],[-89.628984280661257,20.962410460447661,13.002999999996973],[-89.62895690901081,20.962407734530316,13.002999999996973],[-89.62884730691168,20.962396821763694,13.002999999996973],[-89.628831482204589,20.962491606750437,13.002999999996973],[-89.628826236599267,20.962523026741582,13.002999999996973],[-89.628825966210925,20.962524329221257,13.002999999996973]]]},"properties":{"OBJECTID":85,"CATEGORIA":"USOS_DE_PREDIO","CODIGO":3009,"ELEMENTO":"Predios ruinosos o con maleza interior","Z":13.0030003,"Shape_Length":120.72775708978311,"Shape_Area":617.03943508708176}},{"type":"Feature","id":86,"geometry":{"type":"Polygon","coordinates":[[[-89.627289379257732,20.962240203122516,13.51929999999993],[-89.627270777267512,20.962327653629732,13.445200000001932],[-89.627251377567077,20.962418849752357,13.759200000000419],[-89.627237398703329,20.962484564002292,14.069399999993038],[-89.627223966150368,20.962547713838301,14.367599999997765],[-89.627216427776332,20.962583150765514,14.534899999998743],[-89.627205821492353,20.962633011198545,14.887700000006589],[-89.627290982710875,20.962644879733684,15.396500000002561],[-89.627301956336481,20.962596570159562,16.130799999998999],[-89.627311570625295,20.962554244016982,16.222999999998137],[-89.627306281829789,20.962553183457022,16.222999999998137],[-89.627322048755062,20.962505192711358,16.17500000000291],[-89.627351997369715,20.962414039767079,16.083700000002864],[-89.62735492239176,20.962405135824945,16.074800000002142],[-89.627378256935302,20.962334109344805,16.003700000001118],[-89.627484995614651,20.9623670220126,13.531600000002072],[-89.627544932181564,20.962385502820485,13.679799999998068],[-89.627599690083812,20.962405868282502,15.952099999994971],[-89.627647127659486,20.962305320411012,15.743100000006962],[-89.627289379257732,20.962240203122516,13.51929999999993]]]},"properties":{"OBJECTID":86,"CATEGORIA":"USOS_DE_PREDIO","CODIGO":3009,"ELEMENTO":"Predios ruinosos o con maleza interior","Z":13.4452,"Shape_Length":164.03764191419248,"Shape_Area":693.92535606785566}},{"type":"Feature","id":87,"geometry":{"type":"Polygon","coordinates":[[[-89.631778758060364,20.962405687268664,12.169200000003912],[-89.631774413548058,20.962405033897639,12.199399999997695],[-89.631763510820747,20.962403393886937,12.275299999993877],[-89.631704554374593,20.962394525716668,12.685700000001816],[-89.631689287870302,20.962392229917089,14.56260000000475],[-89.631683375070168,20.962488889720817,14.204899999996996],[-89.631683283798026,20.962490374521479,14.199399999997695],[-89.631681699582927,20.962516280234425,14.103499999997439],[-89.631680552398151,20.962535030390608,14.0341000000044],[-89.631718077918947,20.962539663853729,12.306100000001607],[-89.631729589107294,20.962541085005672,11.708299999998417],[-89.631731790206359,20.962541357074784,11.7216000000044],[-89.631823922141535,20.962552733730565,12.277000000001863],[-89.631859516294327,20.962557128847187,12.491599999993923],[-89.631927752155477,20.962565554769089,12.902900000000955],[-89.631932768918062,20.962566174276908,12.933099999994738],[-89.632021791410409,20.962577167290963,12.864499999996042],[-89.632037682119105,20.96249686386389,12.414199999999255],[-89.632047719032258,20.962446144426131,12.51249999999709],[-89.631949456647575,20.96243136402455,12.282200000001467],[-89.631925527120529,20.962427764723444,12.132800000006682],[-89.631905335908186,20.962424727030843,12.006800000002841],[-89.631903392057367,20.962424434738708,12.009099999995669],[-89.631852678416294,20.96241680621533,12.069499999997788],[-89.631780792507541,20.962405993511421,12.154999999998836],[-89.631778758060364,20.962405687268664,12.169200000003912]]]},"properties":{"OBJECTID":87,"CATEGORIA":"USOS_DE_PREDIO","CODIGO":3009,"ELEMENTO":"Predios ruinosos o con maleza interior","Z":11.7082996,"Shape_Length":104.18946509148431,"Shape_Area":561.65973199335417}},{"type":"Feature","id":88,"geometry":{"type":"Polygon","coordinates":[[[-89.633075156021519,20.962178398337731,13.361600000003818],[-89.63304274762379,20.962173689702613,13.25460000000021],[-89.633038271582464,20.962204269934215,14.049700000003213],[-89.633031795240029,20.96224851147003,14.277499999996508],[-89.633031195195827,20.962252612478885,14.085500000001048],[-89.633021876484904,20.962316274097027,11.104399999996531],[-89.6330216068922,20.962318113766123,11.018200000005891],[-89.633017089637619,20.962348975422142,10.751499999998487],[-89.633011821546162,20.96241884657211,10.295599999997648],[-89.633010353493674,20.962438310421668,10.168600000004517],[-89.632998599914501,20.962594211861411,12.310400000002119],[-89.633016301443249,20.962595206815937,12.260399999999208],[-89.633028995019274,20.962595920728024,12.224499999996624],[-89.633030287185861,20.962595993752966,12.220799999995506],[-89.633035799572212,20.962596592928413,14.70230000000447],[-89.633038524621099,20.962559609628194,14.482699999993201],[-89.633039363322766,20.962548226119587,14.415099999998347],[-89.633043219719141,20.962495878617709,14.104200000001583],[-89.633056762967882,20.962312043196356,13.012400000006892],[-89.633056818261849,20.962311303806995,13.00800000000163],[-89.633056840706203,20.962310993781106,13.006200000003446],[-89.633059690677968,20.962272307572398,12.776400000002468],[-89.633059883563419,20.962271137200908,12.795400000002701],[-89.633062273648051,20.962256626606901,13.031199999997625],[-89.633067206593495,20.962226669506478,13.517900000006193],[-89.633075156021519,20.962178398337731,13.361600000003818]]]},"properties":{"OBJECTID":88,"CATEGORIA":"USOS_DE_PREDIO","CODIGO":3009,"ELEMENTO":"Predios ruinosos o con maleza interior","Z":10.1686001,"Shape_Length":100.66168712320581,"Shape_Area":171.49587905987423}},{"type":"Feature","id":89,"geometry":{"type":"Polygon","coordinates":[[[-89.633035799572212,20.962596592928413,14.70230000000447],[-89.633069232213003,20.962600231193811,12.404099999999744],[-89.633076843065808,20.962601059765596,12.439899999997579],[-89.633082181143337,20.962601639964809,12.464999999996508],[-89.633086011994692,20.96254964587424,12.176600000006147],[-89.633087651300912,20.962527393170049,12.209499999997206],[-89.63308975037539,20.962498902762981,12.251699999993434],[-89.633089870783166,20.962497271250154,12.254100000005565],[-89.633103218268687,20.962316091441568,12.522299999996903],[-89.633103293582352,20.962315068246582,12.52379999999539],[-89.633105245176452,20.962288584455042,12.562999999994645],[-89.633106024834831,20.96227800088495,12.578699999998207],[-89.633113128125643,20.962233500471495,13.410799999997835],[-89.633120862749863,20.962185039410723,13.324800000002142],[-89.633075156021519,20.962178398337731,13.361600000003818],[-89.633067206593495,20.962226669506478,13.517900000006193],[-89.633062273648051,20.962256626606901,13.031199999997625],[-89.633059883563419,20.962271137200908,12.795400000002701],[-89.633059690677968,20.962272307572398,12.776400000002468],[-89.633056840706203,20.962310993781106,13.006200000003446],[-89.633056818261849,20.962311303806995,13.00800000000163],[-89.633056762967882,20.962312043196356,13.012400000006892],[-89.633043219719141,20.962495878617709,14.104200000001583],[-89.633039363322766,20.962548226119587,14.415099999998347],[-89.633038524621099,20.962559609628194,14.482699999993201],[-89.633035799572212,20.962596592928413,14.70230000000447]]]},"properties":{"OBJECTID":89,"CATEGORIA":"USOS_DE_PREDIO","CODIGO":3009,"ELEMENTO":"Predios ruinosos o con maleza interior","Z":12.1766005,"Shape_Length":102.55549498885161,"Shape_Area":225.22015669124835}},{"type":"Feature","id":90,"geometry":{"type":"Polygon","coordinates":[[[-89.633082181143337,20.962601639964809,12.464999999996508],[-89.633161846082004,20.962610308582015,12.83990000000631],[-89.633177269271869,20.96245928724073,12.317599999994854],[-89.633186223104545,20.962371616238759,12.412500000005821],[-89.633190566674131,20.962329085165784,12.458599999998114],[-89.633191522555109,20.96231972765705,12.468699999997625],[-89.633192170750604,20.962313382311034,12.475600000005215],[-89.633193706611067,20.962298339594124,12.49189999999362],[-89.633194441000782,20.962291153261546,12.499700000000303],[-89.633187460870857,20.962290114512392,12.776199999992969],[-89.633203160116651,20.962196997073004,13.427400000000489],[-89.633120862749863,20.962185039410723,13.324800000002142],[-89.633113128125643,20.962233500471495,13.410799999997835],[-89.633106024834831,20.96227800088495,12.578699999998207],[-89.633105245176452,20.962288584455042,12.562999999994645],[-89.633103293582352,20.962315068246582,12.52379999999539],[-89.633103218268687,20.962316091441568,12.522299999996903],[-89.633089870783166,20.962497271250154,12.254100000005565],[-89.63308975037539,20.962498902762981,12.251699999993434],[-89.633087651300912,20.962527393170049,12.209499999997206],[-89.633086011994692,20.96254964587424,12.176600000006147],[-89.633082181143337,20.962601639964809,12.464999999996508]]]},"properties":{"OBJECTID":90,"CATEGORIA":"USOS_DE_PREDIO","CODIGO":3009,"ELEMENTO":"Predios ruinosos o con maleza interior","Z":12.1766005,"Shape_Length":110.05498338321841,"Shape_Area":404.78783792643418}},{"type":"Feature","id":91,"geometry":{"type":"Polygon","coordinates":[[[-89.627865629365871,20.962132789389798,14.32839999999851],[-89.62780281143641,20.962121799894316,15.177700000000186],[-89.6277761132134,20.96218910344454,15.523400000005495],[-89.627716876318686,20.962328321218429,16.357399999993504],[-89.62771297642999,20.962337486679726,16.412299999996321],[-89.627709546709937,20.962346715312645,16.353199999997742],[-89.627679445672428,20.962427705380858,15.834799999996903],[-89.62767615176223,20.962436565358832,15.778099999995902],[-89.627672710114069,20.96244582667817,15.718800000002375],[-89.62765562478036,20.962491796418625,15.424599999998463],[-89.627643749736038,20.962526582465433,15.294200000003912],[-89.627638156461742,20.962542966202342,15.232799999997951],[-89.627636148505587,20.962548849490151,15.210699999995995],[-89.627628523487871,20.9625711854987,15.126999999993131],[-89.627619654918973,20.962597164754289,15.029599999994389],[-89.627619259218434,20.96259960225143,15.017099999997299],[-89.627613399187339,20.962635753647216,14.831999999994878],[-89.627612505836922,20.962638480510623,14.831999999994878],[-89.627596415727453,20.962687608442735,15.278699999995297],[-89.627639533633783,20.96269389818017,15.455000000001746],[-89.627665269071201,20.962697651713135,15.426900000005844],[-89.627675400008485,20.962699129640438,15.016600000002654],[-89.627707894732424,20.962572459609547,13.636199999993551],[-89.627716777413553,20.962537830761089,13.4771999999939],[-89.627738198772292,20.962483616964782,12.986000000004424],[-89.627768459470019,20.96240703307766,12.292000000001281],[-89.627865629365871,20.962132789389798,14.32839999999851]]]},"properties":{"OBJECTID":91,"CATEGORIA":"USOS_DE_PREDIO","CODIGO":3009,"ELEMENTO":"Predios ruinosos o con maleza interior","Z":12.2919998,"Shape_Length":147.17103088758211,"Shape_Area":504.50390375295029}},{"type":"Feature","id":92,"geometry":{"type":"Polygon","coordinates":[[[-89.627675400008485,20.962699129640438,15.016600000002654],[-89.62770773843728,20.962703846703374,15.380699999994249],[-89.627755038622823,20.962710746342808,15.329100000002654],[-89.627785950837676,20.962715255158329,15.274699999994482],[-89.627796824590575,20.962666575129624,14.600600000005215],[-89.627805681970244,20.962626925879771,14.0853000000061],[-89.627819240685298,20.962566223525265,13.296400000006543],[-89.627821599466358,20.96255566615072,13.159199999994598],[-89.62782334463671,20.962549211794396,13.131399999998393],[-89.627833895438158,20.962510210860049,12.963600000002771],[-89.627850797780496,20.962447727963099,12.694699999992736],[-89.627855831162591,20.962429119188329,13.34440000000177],[-89.627873276096651,20.962364629898868,12.337100000004284],[-89.627874913885918,20.962358576261341,12.311100000006263],[-89.62787748068007,20.962349086466762,12.270300000003772],[-89.627880788401725,20.962335024010184,12.348199999993085],[-89.627897563176276,20.962263705913017,12.743100000006962],[-89.627901622494733,20.962246451098309,13.529599999994389],[-89.627925877850217,20.962143329142933,13.974000000001979],[-89.627865629365871,20.962132789389798,14.32839999999851],[-89.627768459470019,20.96240703307766,12.292000000001281],[-89.627738198772292,20.962483616964782,12.986000000004424],[-89.627716777413553,20.962537830761089,13.4771999999939],[-89.627707894732424,20.962572459609547,13.636199999993551],[-89.627675400008485,20.962699129640438,15.016600000002654]]]},"properties":{"OBJECTID":92,"CATEGORIA":"USOS_DE_PREDIO","CODIGO":3009,"ELEMENTO":"Predios ruinosos o con maleza interior","Z":12.2702999,"Shape_Length":148.88542633171139,"Shape_Area":616.3799304611988}},{"type":"Feature","id":93,"geometry":{"type":"Polygon","coordinates":[[[-89.628831482204589,20.962491606750437,13.002999999996973],[-89.628765185639637,20.962480349886572,13.002999999996973],[-89.628750858854602,20.962575049462206,13.002999999996973],[-89.628750924419506,20.962575061090607,13.002999999996973],[-89.628744069465668,20.962608113898739,13.002999999996973],[-89.6287425927366,20.962619583099375,13.130099999994854],[-89.628737355495588,20.962660277103925,13.581200000000536],[-89.628736476411078,20.962668160868468,13.586999999999534],[-89.628735153713464,20.962680028560911,13.595799999995506],[-89.628730930973916,20.962710688815569,13.595799999995506],[-89.628730609438136,20.962713024049457,13.595799999995506],[-89.628728738901458,20.962724674480189,13.528200000000652],[-89.628722161687563,20.962765640152785,13.290500000002794],[-89.628714203609448,20.96281520246264,13.002999999996973],[-89.628773380550967,20.962821613402294,13.002999999996973],[-89.628779428422149,20.96277181512427,13.002999999996973],[-89.628785177949041,20.962724469093608,13.002999999996973],[-89.628786195436561,20.962716090233929,13.002999999996973],[-89.628800953160052,20.962644935023121,13.002999999996973],[-89.628808249524738,20.962609751884457,13.002999999996973],[-89.628813085126922,20.962586435940427,13.002999999996973],[-89.628825966210925,20.962524329221257,13.002999999996973],[-89.628826236599267,20.962523026741582,13.002999999996973],[-89.628831482204589,20.962491606750437,13.002999999996973]]]},"properties":{"OBJECTID":93,"CATEGORIA":"USOS_DE_PREDIO","CODIGO":3009,"ELEMENTO":"Predios ruinosos o con maleza interior","Z":13.0030003,"Shape_Length":87.770416807684995,"Shape_Area":236.53399833792272}},{"type":"Feature","id":94,"geometry":{"type":"Polygon","coordinates":[[[-89.6310203781062,20.96279227807506,14.042600000000675],[-89.631029218655314,20.962793069692339,14.038799999994808],[-89.631041993816112,20.962794214960123,14.04309999999532],[-89.63108505291251,20.962798073325818,14.057400000005146],[-89.631092847969853,20.962798771839349,14.190499999996973],[-89.631138263627804,20.962563895098491,13.522500000006403],[-89.631140170185958,20.962554038978254,14.623099999997066],[-89.631117590953835,20.962551088629755,15.012700000006589],[-89.631051247324166,20.962542420986352,16.157399999996414],[-89.631019277739085,20.96253950187274,16.140299999999115],[-89.630940540346487,20.962532312139093,16.098100000002887],[-89.630917211311129,20.962530181397099,16.085600000005797],[-89.630780197581444,20.96251767077576,16.012100000007194],[-89.630766156077726,20.96251638884501,16.00460000000021],[-89.630747324950761,20.962514668948064,14.679999999993015],[-89.630743543191869,20.962540954391574,13.963300000003073],[-89.630738067998806,20.962579004910559,13.877299999992829],[-89.630729684262818,20.962637270132028,13.745599999994738],[-89.630752721900819,20.962638786941767,13.379700000004959],[-89.630795047059166,20.962641573291528,12.707500000004075],[-89.630802397151669,20.962642056587413,12.590800000005402],[-89.630874354646068,20.962646794184195,12.225200000000768],[-89.63091211846266,20.962649279863719,12.033299999995506],[-89.63097500332087,20.962653419879356,11.713900000002468],[-89.63097903249033,20.962653684495002,11.693400000003749],[-89.630991462614276,20.96265450284492,11.630199999999604],[-89.630994855718541,20.962654726722391,11.612999999997555],[-89.631022942575626,20.962656575421214,11.242599999997765],[-89.631042275324035,20.962657847848945,10.987599999993108],[-89.631033950078987,20.962708958848225,10.664900000003399],[-89.631033780800365,20.962709996134564,10.70690000000468],[-89.631027837152871,20.962746484727521,13.687099999995553],[-89.6310203781062,20.96279227807506,14.042600000000675]]]},"properties":{"OBJECTID":94,"CATEGORIA":"USOS_DE_PREDIO","CODIGO":3009,"ELEMENTO":"Predios ruinosos o con maleza interior","Z":10.6648998,"Shape_Length":137.61705236064475,"Shape_Area":653.04609142200638}},{"type":"Feature","id":95,"geometry":{"type":"Polygon","coordinates":[[[-89.622217487147594,20.962928263287449,14.359599999996135],[-89.622214919865399,20.962975767060328,13.887100000007194],[-89.622208494568241,20.963057173922785,15.809699999997974],[-89.622211302646718,20.96305725168801,15.812000000005355],[-89.62239370229949,20.963062278463823,15.958700000002864],[-89.622462944348484,20.963064186718352,16.014400000000023],[-89.622507696549434,20.963065420071022,16.050399999992806],[-89.622569574144862,20.963067125637007,15.705900000000838],[-89.622582059881182,20.963002315760779,15.396599999992759],[-89.622589620468815,20.962963073946572,15.244600000005448],[-89.622531592012322,20.962954671309863,14.85899999999674],[-89.622481232193863,20.962947378505795,14.670499999992899],[-89.622466156051544,20.962945195408651,14.614000000001397],[-89.622433612020146,20.962940483210996,14.49210000000312],[-89.62238190407929,20.96293299534317,14.298500000004424],[-89.622313797882413,20.962923132524882,14.446700000000419],[-89.622317865868396,20.96289834689583,15.285900000002584],[-89.622295875817173,20.962895669793788,15.26600000000326],[-89.62225199590651,20.962890328484676,15.226399999999558],[-89.622232576780746,20.962887964824024,15.208899999997811],[-89.622219750137944,20.962886403462214,15.197299999999814],[-89.622217487147594,20.962928263287449,14.359599999996135]]]},"properties":{"OBJECTID":95,"CATEGORIA":"USOS_DE_PREDIO","CODIGO":3009,"ELEMENTO":"Predios ruinosos o con maleza interior","Z":13.8871002,"Shape_Length":110.3650801326755,"Shape_Area":563.17018329118946}},{"type":"Feature","id":96,"geometry":{"type":"Polygon","coordinates":[[[-89.633142084105287,20.962890944824164,10.774999999994179],[-89.633315995702986,20.962901698665036,12.016499999997905],[-89.633324709758298,20.962902237511354,12.078699999998207],[-89.633328866641918,20.962902494679224,12.113100000002305],[-89.633382531786609,20.962905812941049,12.557100000005448],[-89.633475117660538,20.962911537912547,13.285499999998137],[-89.633480489180485,20.962824759228326,13.787599999996019],[-89.633395254536325,20.962817000262238,13.120299999995041],[-89.633388070624278,20.962816346580681,13.049499999993714],[-89.633349200271155,20.962812808679544,12.666500000006636],[-89.633336147523721,20.962811620026102,12.537899999995716],[-89.633302786897275,20.962808583811682,12.209099999992759],[-89.633293288574095,20.962807719417611,12.115499999999884],[-89.633239772151157,20.96280284772217,11.588199999998324],[-89.633148221040059,20.962794514528973,10.686100000006263],[-89.633142084105287,20.962890944824164,10.774999999994179]]]},"properties":{"OBJECTID":96,"CATEGORIA":"USOS_DE_PREDIO","CODIGO":3009,"ELEMENTO":"Predios ruinosos o con maleza interior","Z":10.6861,"Shape_Length":89.792434847818342,"Shape_Area":352.9172780846381}},{"type":"Feature","id":97,"geometry":{"type":"Polygon","coordinates":[[[-89.631652646178452,20.962765698497254,9.3990000000048894],[-89.631652513959025,20.962766216972593,9.3977000000013504],[-89.631649201120339,20.962779253003891,9.3660999999992782],[-89.631645446752003,20.962794026628153,9.3303000000014435],[-89.631640507212367,20.962813466456247,12.111300000004121],[-89.631650544066574,20.962815663365184,12.130300000004354],[-89.631642153925497,20.962862451605186,12.403500000000349],[-89.631641083822515,20.962868419754439,12.910499999998137],[-89.631639207118184,20.96287888123204,12.499400000000605],[-89.6316391668812,20.962879108470155,12.500700000004144],[-89.631637538922675,20.962888185640246,12.553700000004028],[-89.631645297037068,20.962889354183012,12.118300000001909],[-89.63165076722791,20.962890177962723,12.005600000004051],[-89.631666586061243,20.962892560029612,11.679699999993318],[-89.631793920243709,20.962911733515462,12.781099999992875],[-89.63180877822596,20.962913970605491,12.909599999999045],[-89.631833780549286,20.962917735721255,13.125799999994342],[-89.631843248335073,20.962919161341699,13.207699999999022],[-89.631847167855497,20.962919750851782,13.241599999993923],[-89.631904549929274,20.962928391376398,13.737899999992806],[-89.631950908743363,20.962935372079542,13.526800000006915],[-89.631953542062305,20.962922065753805,13.196299999995972],[-89.631991739015689,20.962729037592709,12.673800000004121],[-89.631815726741735,20.962704084018053,12.043999999994412],[-89.631730961647591,20.962692066308321,11.901899999997113],[-89.631720616552698,20.962690600060085,11.884600000004866],[-89.631692819863602,20.962686658692274,11.838000000003376],[-89.6316826616969,20.962685218445703,12.461500000004889],[-89.631673421488287,20.962683943687875,9.5969999999942956],[-89.631652646178452,20.962765698497254,9.3990000000048894]]]},"properties":{"OBJECTID":97,"CATEGORIA":"USOS_DE_PREDIO","CODIGO":3009,"ELEMENTO":"Predios ruinosos o con maleza interior","Z":9.33030033,"Shape_Length":113.73664183846883,"Shape_Area":775.40697602268733}},{"type":"Feature","id":98,"geometry":{"type":"Polygon","coordinates":[[[-89.633142084105287,20.962890944824164,10.774999999994179],[-89.633141214980867,20.96290459677239,9.6309000000037486],[-89.633137404240387,20.962964486913933,10.937999999994645],[-89.633324451502261,20.96297380443028,12.309299999993527],[-89.633335435097763,20.9629743515349,12.38980000000447],[-89.633338940775772,20.96297452667622,12.408200000005309],[-89.633356311350539,20.962975392180976,12.499500000005355],[-89.633470812227031,20.962981095331386,12.975300000005518],[-89.633470907950056,20.962979536428584,12.926000000006752],[-89.633475117660538,20.962911537912547,13.285499999998137],[-89.633382531786609,20.962905812941049,12.557100000005448],[-89.633328866641918,20.962902494679224,12.113100000002305],[-89.633324709758298,20.962902237511354,12.078699999998207],[-89.633315995702986,20.962901698665036,12.016499999997905],[-89.633142084105287,20.962890944824164,10.774999999994179]]]},"properties":{"OBJECTID":98,"CATEGORIA":"USOS_DE_PREDIO","CODIGO":3009,"ELEMENTO":"Predios ruinosos o con maleza interior","Z":9.63090038,"Shape_Length":85.34692082048727,"Shape_Area":275.76975428389028}},{"type":"Feature","id":99,"geometry":{"type":"Polygon","coordinates":[[[-89.6310203781062,20.96279227807506,14.042600000000675],[-89.6310185807301,20.96279211713378,14.03519999999844],[-89.630976507438277,20.962788346453664,14.006800000002841],[-89.630952270272104,20.962786174669315,13.990399999995134],[-89.630908856905066,20.96278228472276,13.961100000000442],[-89.630904853037848,20.962828500519791,12.237699999997858],[-89.630901807080136,20.962863654185757,11.854300000006333],[-89.630900951444104,20.962873530191125,11.77719999999681],[-89.630900472457355,20.962879059451407,11.73399999999674],[-89.630897320209911,20.962915444447738,12.080100000006496],[-89.6308970947684,20.962918050861191,12.252500000002328],[-89.630894807586984,20.962944439626728,12.355899999995017],[-89.6308934297615,20.96296034212995,12.507199999992736],[-89.630892883736067,20.962966654298224,12.567200000004959],[-89.630892568567546,20.962970285032419,12.601699999999255],[-89.630884955014537,20.963058163759019,12.759200000000419],[-89.630961145931153,20.963065542690281,12.279200000004494],[-89.630975636583386,20.963066946772553,12.252500000002328],[-89.630983062717931,20.963021358882102,13.602700000003097],[-89.630983572176874,20.963018229843851,13.69539999999688],[-89.630984702230933,20.963011292006744,13.900899999993271],[-89.630987438049303,20.962994500889302,14.398199999995995],[-89.630989847419599,20.962979707414764,14.372199999997974],[-89.630992674262274,20.962962350607057,14.341700000004494],[-89.630993524845806,20.962957128899401,14.332500000004075],[-89.63101833839977,20.962804796965695,14.064599999997881],[-89.6310203781062,20.96279227807506,14.042600000000675]]]},"properties":{"OBJECTID":99,"CATEGORIA":"USOS_DE_PREDIO","CODIGO":3009,"ELEMENTO":"Predios ruinosos o con maleza interior","Z":11.7340002,"Shape_Length":82.583907652291799,"Shape_Area":324.49340728086281}},{"type":"Feature","id":100,"geometry":{"type":"Polygon","coordinates":[[[-89.630975636583386,20.963066946772553,12.252500000002328],[-89.631003531781957,20.963069648014137,12.201000000000931],[-89.63101943009562,20.963071188354757,12.17170000000624],[-89.631039792086128,20.963073159945385,12.134099999995669],[-89.63104292993134,20.963056932321035,12.735400000005029],[-89.631049098999227,20.963025030363408,13.917499999995925],[-89.631050522462729,20.963017667264552,14.190300000002026],[-89.631053540456023,20.963002060849732,14.768599999995786],[-89.631067946276488,20.962927556864749,14.556700000001001],[-89.631071437589185,20.962909502722489,14.505399999994552],[-89.631078574364139,20.962872591224709,14.400399999998626],[-89.631079138447575,20.962869672610953,14.392099999997299],[-89.631092847969853,20.962798771839349,14.190499999996973],[-89.63108505291251,20.962798073325818,14.057400000005146],[-89.631041993816112,20.962794214960123,14.04309999999532],[-89.631029218655314,20.962793069692339,14.038799999994808],[-89.6310203781062,20.96279227807506,14.042600000000675],[-89.63101833839977,20.962804796965695,14.064599999997881],[-89.630993524845806,20.962957128899401,14.332500000004075],[-89.630992674262274,20.962962350607057,14.341700000004494],[-89.630989847419599,20.962979707414764,14.372199999997974],[-89.630987438049303,20.962994500889302,14.398199999995995],[-89.630984702230933,20.963011292006744,13.900899999993271],[-89.630983572176874,20.963018229843851,13.69539999999688],[-89.630983062717931,20.963021358882102,13.602700000003097],[-89.630975636583386,20.963066946772553,12.252500000002328]]]},"properties":{"OBJECTID":100,"CATEGORIA":"USOS_DE_PREDIO","CODIGO":3009,"ELEMENTO":"Predios ruinosos o con maleza interior","Z":12.1341,"Shape_Length":75.958518537219149,"Shape_Area":219.74167384487637}},{"type":"Feature","id":101,"geometry":{"type":"Polygon","coordinates":[[[-89.631039792086128,20.963073159945385,12.134099999995669],[-89.631053104224378,20.963074449500411,12.109500000005937],[-89.631141366201021,20.963082998029027,11.946599999995669],[-89.631151003722849,20.96302739943394,14.199200000002747],[-89.631151661932563,20.963023598179678,14.353199999997742],[-89.631154690516851,20.96300612630138,15.061100000006263],[-89.631161921027754,20.962964411969764,14.913000000000466],[-89.631173675162458,20.96292122745022,14.375899999999092],[-89.631183633896711,20.962884639832303,13.920800000007148],[-89.631196958518942,20.962835683481728,13.311900000000605],[-89.631214029264513,20.962772963031739,12.53179999999702],[-89.631217034900416,20.962761923448546,12.394499999994878],[-89.631223519289904,20.962738098979091,12.41820000000007],[-89.631257616523982,20.962612823078995,12.542600000000675],[-89.631269033735308,20.962570875254308,12.584300000002258],[-89.631243965084977,20.962567600420691,12.646299999993062],[-89.631216103519009,20.962563959721528,13.312999999994645],[-89.631197772891426,20.962561564936106,13.629300000000512],[-89.631165717652053,20.96255737685599,14.182300000000396],[-89.631157831254257,20.962556346601616,14.318400000003749],[-89.631140170185958,20.962554038978254,14.623099999997066],[-89.631138263627804,20.962563895098491,13.522500000006403],[-89.631092847969853,20.962798771839349,14.190499999996973],[-89.631079138447575,20.962869672610953,14.392099999997299],[-89.631078574364139,20.962872591224709,14.400399999998626],[-89.631071437589185,20.962909502722489,14.505399999994552],[-89.631067946276488,20.962927556864749,14.556700000001001],[-89.631053540456023,20.963002060849732,14.768599999995786],[-89.631050522462729,20.963017667264552,14.190300000002026],[-89.631049098999227,20.963025030363408,13.917499999995925],[-89.63104292993134,20.963056932321035,12.735400000005029],[-89.631039792086128,20.963073159945385,12.134099999995669]]]},"properties":{"OBJECTID":101,"CATEGORIA":"USOS_DE_PREDIO","CODIGO":3009,"ELEMENTO":"Predios ruinosos o con maleza interior","Z":11.9466,"Shape_Length":140.91392396085701,"Shape_Area":675.70869143530467}},{"type":"Feature","id":102,"geometry":{"type":"Polygon","coordinates":[[[-89.631553939299607,20.962973880301554,11.944399999993038],[-89.631550965656686,20.962996848818843,12.091000000000349],[-89.631534463970496,20.96312429792043,14.050700000007055],[-89.631548592781598,20.963126061460841,14.057400000005146],[-89.631612538067216,20.963134046352856,14.087499999994179],[-89.631621766545408,20.9631351985044,14.091899999999441],[-89.631660004047632,20.963139972649135,14.188800000003539],[-89.631663289680603,20.963121649015783,13.97609999999986],[-89.631665750444412,20.963107928238443,13.69890000000305],[-89.631666507894238,20.963103702011466,13.613500000006752],[-89.631666709300276,20.963102578457423,13.590800000005402],[-89.631675660725705,20.96305265766863,12.582200000004377],[-89.631676349906101,20.963048814403827,12.50449999999546],[-89.631679029602182,20.963033873196174,12.202699999994365],[-89.631681556018918,20.963019784845535,11.91809999999532],[-89.631683671717852,20.963007986159266,11.679699999993318],[-89.631687197273209,20.962988323497289,11.335000000006403],[-89.631640820195315,20.962982057163003,11.659499999994296],[-89.631568502419711,20.96297228663823,12.165599999992992],[-89.631554392267347,20.962970380158893,11.922099999996135],[-89.631553939299607,20.962973880301554,11.944399999993038]]]},"properties":{"OBJECTID":102,"CATEGORIA":"USOS_DE_PREDIO","CODIGO":3009,"ELEMENTO":"Predios ruinosos o con maleza interior","Z":11.335,"Shape_Length":61.349420856325594,"Shape_Area":232.03842903280193}},{"type":"Feature","id":103,"geometry":{"type":"Polygon","coordinates":[[[-89.632355967483676,20.962743509986925,11.851299999994808],[-89.632350379962105,20.96277111532499,11.993799999996554],[-89.63234376260931,20.96280380339434,12.162500000005821],[-89.632307610764002,20.962982405785212,13.084499999997206],[-89.632304630313271,20.96299712954151,13.160499999998137],[-89.632303851845151,20.963000977798316,13.180399999997462],[-89.632289861664475,20.963070089883139,13.537100000001374],[-89.632280306391735,20.963117297005503,13.780799999993178],[-89.632271436698758,20.963161115053328,14.006999999997788],[-89.632262053030331,20.963207473549222,13.991399999998976],[-89.632368245069841,20.963218257054841,13.902600000001257],[-89.632400907823637,20.963058213473023,11.911500000001979],[-89.632401206180447,20.963056753461597,11.891099999993457],[-89.632407853447134,20.963024182299794,11.90240000000631],[-89.632407880014981,20.963024052781094,11.90240000000631],[-89.63240862980426,20.963020378315242,11.903699999995297],[-89.632420804482393,20.962960721884194,11.924400000003516],[-89.632470878098218,20.962715371217939,12.009600000004866],[-89.632408457282267,20.962704083915099,11.497600000002421],[-89.632400532098686,20.962702650743132,11.485499999995227],[-89.632365520124097,20.962696319155032,11.432000000000698],[-89.632355967483676,20.962743509986925,11.851299999994808]]]},"properties":{"OBJECTID":103,"CATEGORIA":"USOS_DE_PREDIO","CODIGO":3009,"ELEMENTO":"Predios ruinosos o con maleza interior","Z":11.4320002,"Shape_Length":136.63643280936412,"Shape_Area":635.86983595912648}},{"type":"Feature","id":104,"geometry":{"type":"Polygon","coordinates":[[[-89.628642637651268,20.963269848536871,12.25350000000617],[-89.628730479881597,20.963283684701501,11.862599999993108],[-89.628749476270656,20.963179534204397,11.62149999999383],[-89.628767745472501,20.963079367495457,12.248500000001513],[-89.62877247567026,20.963053431282415,12.410799999997835],[-89.62877443429673,20.963042695891783,12.478000000002794],[-89.628779221492678,20.963016446410869,12.642300000006799],[-89.62877997847653,20.963012298745159,12.66830000000482],[-89.62878060293842,20.963008872700861,12.689700000002631],[-89.628795228680076,20.96292868554297,13.49659999999858],[-89.628703773837273,20.962919650545615,13.55109999999695],[-89.628688915040158,20.963001189260737,12.799299999998766],[-89.628688523931274,20.963003338676689,12.789000000004307],[-89.628686269037772,20.963015711002686,12.729399999996531],[-89.628683937897407,20.963028505236263,12.667799999995623],[-89.628679470256785,20.963053021718093,12.549799999993411],[-89.628659746767298,20.963169132737352,12.391099999993457],[-89.628649026536607,20.963232238077676,12.304900000002817],[-89.628642637651268,20.963269848536871,12.25350000000617]]]},"properties":{"OBJECTID":104,"CATEGORIA":"USOS_DE_PREDIO","CODIGO":3009,"ELEMENTO":"Predios ruinosos o con maleza interior","Z":11.6215,"Shape_Length":98.045510780217271,"Shape_Area":374.69519137883742}},{"type":"Feature","id":105,"geometry":{"type":"Polygon","coordinates":[[[-89.617913022450125,20.963403796890848,16.910499999998137],[-89.617970611650506,20.963419536396259,16.430399999997462],[-89.617973031007054,20.963420198036122,16.424199999994016],[-89.618180795639361,20.963476977138821,15.894499999994878],[-89.618236613676416,20.963492237260958,15.752200000002631],[-89.618287234620212,20.963506072160463,15.623099999997066],[-89.618337307959294,20.963519757458808,15.49539999999979],[-89.618435967322071,20.963546722007322,15.530499999993481],[-89.618459217054394,20.963458706705669,15.736399999994319],[-89.618407295448222,20.963447070452968,15.950299999996787],[-89.61834231190285,20.963432506503839,16.127299999992829],[-89.618260656451326,20.963414206280035,16.349799999996321],[-89.618260133429203,20.963414088819793,16.35120000000461],[-89.61820529085675,20.963401797672475,16.500599999999395],[-89.618134909255886,20.963386023694866,16.692399999999907],[-89.618001670980306,20.963356162133238,17.055399999997462],[-89.617975921533159,20.963350391248415,17.125599999999395],[-89.617954425701768,20.963345573428303,17.184200000003329],[-89.617929041006875,20.96333988360615,17.253299999996671],[-89.617913022450125,20.963403796890848,16.910499999998137]]]},"properties":{"OBJECTID":105,"CATEGORIA":"USOS_DE_PREDIO","CODIGO":3009,"ELEMENTO":"Predios ruinosos o con maleza interior","Z":15.4954004,"Shape_Length":130.70058531542804,"Shape_Area":490.64153205758424}},{"type":"Feature","id":106,"geometry":{"type":"Polygon","coordinates":[[[-89.629741052962927,20.96337402250488,20.91019999999844],[-89.629744173512705,20.963374379721333,13.573099999994156],[-89.629835379507412,20.963384832744016,13.442399999999907],[-89.629873154975741,20.963086129315055,12.890199999994365],[-89.629873340785309,20.963084662917385,12.891900000002352],[-89.629878190948247,20.963046310569087,13.748000000006869],[-89.629861117044925,20.963044493032349,14.163499999995111],[-89.629793953917726,20.963037343524693,14.200200000006589],[-89.629783768320138,20.963036259313796,16.252900000006775],[-89.629779624933619,20.963069025616306,20.401800000006915],[-89.629778793172619,20.963075600412377,20.412800000005518],[-89.629770379577309,20.963142125407877,20.523700000005192],[-89.629746043333625,20.963334561994728,20.84440000000177],[-89.629741052962927,20.96337402250488,20.91019999999844]]]},"properties":{"OBJECTID":106,"CATEGORIA":"USOS_DE_PREDIO","CODIGO":3009,"ELEMENTO":"Predios ruinosos o con maleza interior","Z":12.8901997,"Shape_Length":95.217031520693141,"Shape_Area":372.96399571922245}},{"type":"Feature","id":107,"geometry":{"type":"Polygon","coordinates":[[[-89.628642637651268,20.963269848536871,12.25350000000617],[-89.628553254225466,20.963255769760188,12.017200000002049],[-89.628505652145662,20.963248271911397,12.058699999994133],[-89.628480539764638,20.963244315692755,12.080600000001141],[-89.628372829484263,20.963228280471345,12.228099999992992],[-89.628356912227346,20.963324497897254,13.200700000001234],[-89.628467300092368,20.963341169859383,15.152600000001257],[-89.628488618226584,20.96334438919822,12.574099999997998],[-89.628500454032917,20.963346176632079,12.517800000001444],[-89.628550795504538,20.963353780284532,15.111499999999069],[-89.628615711748878,20.963363584129144,11.969500000006519],[-89.628638686100231,20.963367246478317,12.075400000001537],[-89.628782620180473,20.963390191942779,12.7387000000017],[-89.628834431280112,20.963398450878223,12.977400000003399],[-89.628841600857939,20.963357611492388,12.236999999993714],[-89.628921170941197,20.963370343692937,12.60120000000461],[-89.628983897812446,20.963380380707854,12.888300000005984],[-89.62910054536691,20.96339904576989,13.068100000004051],[-89.629112414576369,20.963340257301276,13.033400000000256],[-89.629007319396777,20.963324703088261,12.820099999997183],[-89.628980996934317,20.963320807149788,12.726999999998952],[-89.628901238375221,20.963309003311416,12.445000000006985],[-89.628815337194681,20.963296289333268,12.541500000006636],[-89.62873533387814,20.963284449465416,11.858399999997346],[-89.628730479881597,20.963283684701501,11.862599999993108],[-89.628642637651268,20.963269848536871,12.25350000000617]]]},"properties":{"OBJECTID":107,"CATEGORIA":"USOS_DE_PREDIO","CODIGO":3009,"ELEMENTO":"Predios ruinosos o con maleza interior","Z":11.8584003,"Shape_Length":177.63647965186448,"Shape_Area":719.70154315216041}},{"type":"Feature","id":108,"geometry":{"type":"Polygon","coordinates":[[[-89.629877984738215,20.96338971502453,13.381299999993644],[-89.629890569067342,20.96339115765176,13.363299999997253],[-89.629923319508805,20.96339491088581,13.316300000005867],[-89.629923778642436,20.963391760957013,12.061799999995856],[-89.629928373961718,20.963360214659122,12.170899999997346],[-89.629932765005265,20.963330068232562,12.275099999998929],[-89.629936955143222,20.963301294539637,12.374599999995553],[-89.629937932561191,20.96329458477522,12.3978000000061],[-89.629949637461465,20.963214227779975,12.675600000002305],[-89.629950925471263,20.963205382481153,12.706200000000536],[-89.62995335394271,20.963188708068341,12.763800000000629],[-89.629955634047164,20.96317305797864,12.817899999994552],[-89.629961092519252,20.963135578330228,12.947499999994761],[-89.629964346590327,20.963113241100729,13.024699999994482],[-89.62997263091134,20.96305636330888,13.808799999998882],[-89.629945850022779,20.96305351287857,14.11710000000312],[-89.62992213241364,20.963050988038916,14.130099999994854],[-89.629891632424375,20.963047740871087,14.146800000002258],[-89.629878190948247,20.963046310569087,13.748000000006869],[-89.629873340785309,20.963084662917385,12.891900000002352],[-89.629873154975741,20.963086129315055,12.890199999994365],[-89.629835379507412,20.963384832744016,13.442399999999907],[-89.629866234497811,20.963388368767106,13.398199999995995],[-89.629877984738215,20.96338971502453,13.381299999993644]]]},"properties":{"OBJECTID":108,"CATEGORIA":"USOS_DE_PREDIO","CODIGO":3009,"ELEMENTO":"Predios ruinosos o con maleza interior","Z":12.0618,"Shape_Length":94.72258972126933,"Shape_Area":361.16838799794016}},{"type":"Feature","id":109,"geometry":{"type":"Polygon","coordinates":[[[-89.629741052962927,20.96337402250488,20.91019999999844],[-89.629702996604209,20.96336966044603,13.632199999992736],[-89.629682746704063,20.963367340270434,13.661200000002282],[-89.629646699456273,20.963363209016851,19.69539999999688],[-89.629637188498194,20.96336211890064,13.726500000004307],[-89.629552141763142,20.963352371540896,13.848499999992782],[-89.629531528752665,20.963350009099699,13.877999999996973],[-89.629505999903643,20.963347083303258,13.914600000003702],[-89.629444586592001,20.963340045361608,14.002600000007078],[-89.629435402137744,20.963338992629051,14.01579999999376],[-89.629414484776149,20.963336595144764,14.045800000007148],[-89.629407974959079,20.963335849635151,14.055099999997765],[-89.629393093556658,20.963334143576663,14.076499999995576],[-89.629230008880768,20.96331545319142,14.385599999994156],[-89.629217792340199,20.963374934097725,14.529599999994389],[-89.629213470637211,20.963395974142635,13.350300000005518],[-89.629259615738974,20.963400402890052,10.999100000000908],[-89.629377167469926,20.963411684691525,11.209700000006706],[-89.629383961127857,20.963412336438736,11.221900000004098],[-89.6295382666206,20.96342714535513,11.498300000006566],[-89.629586057191176,20.963431731895888,11.583899999997811],[-89.629866690580087,20.963458664412947,12.086699999999837],[-89.629875368118974,20.963405689919309,11.471300000004703],[-89.629877984738215,20.96338971502453,13.381299999993644],[-89.629866234497811,20.963388368767106,13.398199999995995],[-89.629835379507412,20.963384832744016,13.442399999999907],[-89.629744173512705,20.963374379721333,13.573099999994156],[-89.629741052962927,20.96337402250488,20.91019999999844]]]},"properties":{"OBJECTID":109,"CATEGORIA":"USOS_DE_PREDIO","CODIGO":3009,"ELEMENTO":"Predios ruinosos o con maleza interior","Z":10.9990997,"Shape_Length":153.05543232223098,"Shape_Area":571.41232935101527}},{"type":"Feature","id":110,"geometry":{"type":"Polygon","coordinates":[[[-89.630948620822096,20.963273590571674,18.723599999997532],[-89.630945884620985,20.963325013422054,18.451199999995879],[-89.630943303853243,20.963373509523489,18.194300000002841],[-89.630941771978286,20.963402302665909,18.041700000001583],[-89.630941413911586,20.963409029050748,17.640199999994365],[-89.630941108505382,20.963414755161477,17.298399999999674],[-89.630939393560041,20.963446982884154,15.374599999995553],[-89.630938812730747,20.963457896540781,14.723100000002887],[-89.630942915562301,20.963458359548856,13.895300000003772],[-89.630999389040355,20.96346472294875,14.486099999994622],[-89.631009123118602,20.963465819473068,14.587899999998626],[-89.631017273866192,20.963466738207977,14.824200000002747],[-89.631018298283905,20.963449866079038,14.76579999999376],[-89.63102458456666,20.96334640470527,14.407900000005611],[-89.631028459736541,20.963282624040549,14.187300000005052],[-89.631028633602568,20.9632797620127,14.177400000000489],[-89.631029210306608,20.963270260485729,14.144499999994878],[-89.631031036435672,20.963240212345099,14.040599999992992],[-89.631034139958615,20.96318912871407,16.15679999999702],[-89.630953599933036,20.963180014881544,18.227700000003097],[-89.630948620822096,20.963273590571674,18.723599999997532]]]},"properties":{"OBJECTID":110,"CATEGORIA":"USOS_DE_PREDIO","CODIGO":3009,"ELEMENTO":"Predios ruinosos o con maleza interior","Z":13.8952999,"Shape_Length":78.286082824663723,"Shape_Area":256.14421616933282}},{"type":"Feature","id":111,"geometry":{"type":"Polygon","coordinates":[[[-89.618502718387859,20.963615073845506,15.121100000003935],[-89.618489744953195,20.963666117012195,15.125499999994645],[-89.61854680652263,20.963676169162706,14.886899999997695],[-89.618593214985367,20.963684345463662,14.685599999997066],[-89.618660830400728,20.963696257775403,14.392399999996996],[-89.618700511834291,20.963703248154207,14.220300000000861],[-89.618797212455988,20.963720284015277,13.800900000002002],[-89.618802682253616,20.963692891977335,13.971300000004703],[-89.618804339857604,20.96368458815731,14.022899999996298],[-89.618809897208237,20.963656759594048,16.049799999993411],[-89.618808891537597,20.96365652495944,16.048599999994622],[-89.618608108233829,20.963609759548923,15.812900000004447],[-89.618562201935489,20.963599067381164,15.759000000005472],[-89.61850988332489,20.963586881103737,15.313299999994342],[-89.618502718387859,20.963615073845506,15.121100000003935]]]},"properties":{"OBJECTID":111,"CATEGORIA":"USOS_DE_PREDIO","CODIGO":3009,"ELEMENTO":"Predios ruinosos o con maleza interior","Z":13.8009005,"Shape_Length":80.894676709049037,"Shape_Area":261.6260417441033}},{"type":"Feature","id":112,"geometry":{"type":"Polygon","coordinates":[[[-89.626218344825546,20.963507437936141,14.992499999993015],[-89.626215489233857,20.963527252736611,14.944900000002235],[-89.626212567580879,20.96354752269291,14.896200000002864],[-89.626206748215381,20.963587892499138,14.799299999998766],[-89.626202056292215,20.963620446942421,14.721099999995204],[-89.626200558614642,20.963630838448793,14.786699999996927],[-89.626251296774896,20.963634571534978,14.68409999999858],[-89.626252565727981,20.963625062937808,14.358900000006543],[-89.626256876510325,20.963592755432352,14.177400000000489],[-89.626256952162677,20.963592189077144,14.174199999994016],[-89.626264404224216,20.963536338078267,13.860400000005029],[-89.626270708031228,20.963489091860914,13.595000000001164],[-89.626275929030513,20.963449960067297,16.11699999999837],[-89.626227485822454,20.963444714531839,15.881399999998393],[-89.626218344825546,20.963507437936141,14.992499999993015]]]},"properties":{"OBJECTID":112,"CATEGORIA":"USOS_DE_PREDIO","CODIGO":3009,"ELEMENTO":"Predios ruinosos o con maleza interior","Z":13.5950003,"Shape_Length":51.786803330994267,"Shape_Area":107.35932240614554}},{"type":"Feature","id":113,"geometry":{"type":"Polygon","coordinates":[[[-89.629858714770876,20.963507356663058,12.639200000005076],[-89.629709332639848,20.963490578767257,13.063099999999395],[-89.629691547137028,20.963488581698773,13.11359999999695],[-89.629579051631481,20.963475946348222,13.43289999999979],[-89.629540196448886,20.963471582138318,13.54320000000007],[-89.629459358919704,20.963462502891801,13.772599999996601],[-89.629368819172356,20.963452334621028,14.190100000007078],[-89.629365247719477,20.963469720967314,14.162200000006123],[-89.629338451522642,20.963466054501144,14.050300000002608],[-89.629328702738221,20.963464721558626,14.009600000004866],[-89.629251285665745,20.963454131311774,14.355999999999767],[-89.629202886620405,20.963447509999771,14.630399999994552],[-89.629192678967186,20.963497208153154,14.579500000007101],[-89.629283337840377,20.963509129830619,13.924799999993411],[-89.629328955841288,20.963515129534468,13.764999999999418],[-89.629354541416248,20.963518494170764,13.675399999992806],[-89.629355212916295,20.96351858221891,13.673099999999977],[-89.629390114771482,20.963523171802436,13.550900000002002],[-89.629444383323232,20.963530308288185,13.360899999999674],[-89.629504660737837,20.963538235010148,13.149799999999232],[-89.629531265619093,20.963541733761474,13.056599999996251],[-89.629551784575938,20.963544432611531,12.984800000005635],[-89.629580425163041,20.963548198781123,12.884500000000116],[-89.629643150633655,20.963556447005477,12.66479999999865],[-89.629654674126684,20.963557962902598,12.624400000000605],[-89.629672040755878,20.963560246324832,12.56359999999404],[-89.62970714012198,20.963564861684308,14.042300000000978],[-89.629717152968553,20.963566178791289,12.40559999999823],[-89.629741202859051,20.963569341357093,12.321400000000722],[-89.629771483197587,20.963573323246276,15.064499999993131],[-89.629799528395239,20.963577010990939,12.117199999993318],[-89.629846298665143,20.96358316160029,12.164000000004307],[-89.629850079857533,20.963560075893039,12.07390000000305],[-89.629855869755261,20.963524726384257,11.935899999996764],[-89.629858714770876,20.963507356663058,12.639200000005076]]]},"properties":{"OBJECTID":113,"CATEGORIA":"USOS_DE_PREDIO","CODIGO":3009,"ELEMENTO":"Predios ruinosos o con maleza interior","Z":11.9358997,"Shape_Length":153.14559114283114,"Shape_Area":505.32615980404955}},{"type":"Feature","id":114,"geometry":{"type":"Polygon","coordinates":[[[-89.631688147608642,20.963357418515049,13.606100000004517],[-89.631686683696174,20.963371528373749,13.540900000007241],[-89.631683385708229,20.963403311057519,13.394100000004983],[-89.631682745111817,20.963409490160611,13.365600000004633],[-89.631681319852618,20.963423227445972,13.302200000005541],[-89.63166245850006,20.963605028753811,12.462599999998929],[-89.631662024366037,20.963609220192502,12.443199999994249],[-89.63166067559402,20.963622220469517,12.383199999996577],[-89.631657879344772,20.963649171448761,12.409599999999045],[-89.631705867537889,20.963657135520048,12.255099999994854],[-89.631741847114185,20.963663106485896,12.139299999995274],[-89.631744234959541,20.96366350297119,12.273600000000442],[-89.63177048023833,20.963455847209577,11.753299999996671],[-89.631770698891458,20.963454116670551,11.748999999996158],[-89.631771887579688,20.963444710423214,11.725399999995716],[-89.631776842514839,20.963405507762584,12.245699999999488],[-89.631777450416507,20.963400700601181,12.309500000003027],[-89.631781837176675,20.963365993906166,12.770099999994272],[-89.631793333288741,20.963275031552485,14.133600000001024],[-89.631759282535512,20.963271178686828,14.087100000004284],[-89.631697815895549,20.963264223647204,13.920100000003004],[-89.631688147608642,20.963357418515049,13.606100000004517]]]},"properties":{"OBJECTID":114,"CATEGORIA":"USOS_DE_PREDIO","CODIGO":3009,"ELEMENTO":"Predios ruinosos o con maleza interior","Z":11.7254,"Shape_Length":105.3144550349088,"Shape_Area":411.77917867985997}},{"type":"Feature","id":115,"geometry":{"type":"Polygon","coordinates":[[[-89.633084734713222,20.96360175084202,12.490000000005239],[-89.633080561847407,20.9636483764275,12.164600000003702],[-89.633079529634202,20.963659906479929,12.084099999992759],[-89.633077906563841,20.963678037402545,11.957599999994272],[-89.633076883229108,20.963689470712342,11.877800000002026],[-89.633076498166048,20.963693772443762,11.84780000000319],[-89.633076125596318,20.963695879143526,11.842600000003586],[-89.633071986967508,20.963719272858146,11.784400000004098],[-89.633071153389551,20.96372397967999,11.77270000000135],[-89.633068945906331,20.963736458738698,11.741699999998673],[-89.633066505769335,20.963750252337341,11.774999999994179],[-89.633069569363144,20.963750595022987,11.774099999995087],[-89.633097562589114,20.96375372685781,11.765599999998813],[-89.63325041780638,20.963770829040424,11.71940000000177],[-89.633253621998932,20.963771186703831,11.737399999998161],[-89.633255571372842,20.963749406819012,11.760999999998603],[-89.633259623617235,20.96370412925409,12.245200000004843],[-89.633263947752198,20.96365582653695,12.761700000002747],[-89.633264184853459,20.96365317480122,12.790099999998347],[-89.633267299883286,20.963618374897987,13.162200000006123],[-89.633271477491974,20.963571694165683,13.592000000004191],[-89.633198482436185,20.96356618818449,13.376300000003539],[-89.633125827116643,20.963560706714983,13.196200000005774],[-89.633088659218259,20.963557902662984,13.001300000003539],[-89.633084734713222,20.96360175084202,12.490000000005239]]]},"properties":{"OBJECTID":115,"CATEGORIA":"USOS_DE_PREDIO","CODIGO":3009,"ELEMENTO":"Predios ruinosos o con maleza interior","Z":11.7194004,"Shape_Length":82.313789288818043,"Shape_Area":417.83377077877765}},{"type":"Feature","id":116,"geometry":{"type":"Polygon","coordinates":[[[-89.629846298665143,20.96358316160029,12.164000000004307],[-89.62984369764888,20.96359903964845,12.225999999995111],[-89.629838461786264,20.963631004826677,12.350699999995413],[-89.629833069596231,20.963663924028069,12.479200000001583],[-89.629823034666316,20.963725186022575,12.718299999993178],[-89.629821300417305,20.96373577620685,12.759600000004866],[-89.629820951305916,20.963737907821439,12.767900000006193],[-89.629818761039786,20.963751276812495,12.820099999997183],[-89.629814881676637,20.963774959919785,12.912500000005821],[-89.629812985005785,20.963786540335551,12.957699999999022],[-89.629807817706492,20.963818084627114,13.080799999996088],[-89.629804305721962,20.963839526592157,13.164499999998952],[-89.629787522113674,20.963941992566003,13.881399999998393],[-89.629891806985782,20.963953948236576,14.001699999993434],[-89.629905874857755,20.963868059083001,13.905199999993783],[-89.629906800637059,20.963862408262898,13.892200000002049],[-89.629908590506247,20.963851481357313,13.867199999993318],[-89.629982270119825,20.963401667054793,13.231799999994109],[-89.629963780816638,20.96339954815857,13.258300000001327],[-89.62995171658109,20.963398165222781,13.275599999993574],[-89.629928109181449,20.96339545992225,13.309399999998277],[-89.629923319508805,20.96339491088581,13.316300000005867],[-89.629890569067342,20.96339115765176,13.363299999997253],[-89.629877984738215,20.96338971502453,13.381299999993644],[-89.629875368118974,20.963405689919309,11.471300000004703],[-89.629866690580087,20.963458664412947,12.086699999999837],[-89.629858714770876,20.963507356663058,12.639200000005076],[-89.629855869755261,20.963524726384257,11.935899999996764],[-89.629850079857533,20.963560075893039,12.07390000000305],[-89.629846298665143,20.96358316160029,12.164000000004307]]]},"properties":{"OBJECTID":116,"CATEGORIA":"USOS_DE_PREDIO","CODIGO":3009,"ELEMENTO":"Predios ruinosos o con maleza interior","Z":11.4713001,"Shape_Length":145.6595150687894,"Shape_Area":676.30342758225481}},{"type":"Feature","id":117,"geometry":{"type":"Polygon","coordinates":[[[-89.629891806985782,20.963953948236576,14.001699999993434],[-89.629979475769531,20.963963998002175,13.622399999992922],[-89.629982760691689,20.963942874637546,13.020999999993364],[-89.629989473958787,20.963899705684121,12.833499999993364],[-89.629992063379902,20.963883055872305,12.761199999993551],[-89.629992450517577,20.963880570653924,12.750400000004447],[-89.630019033308812,20.963709644231766,12.00800000000163],[-89.630019954314136,20.963703720822664,11.982300000003306],[-89.6300242163787,20.963676312039745,11.863299999997253],[-89.630026693553589,20.963660388953759,11.794099999999162],[-89.630043027499013,20.963555361287643,11.838600000002771],[-89.630050113171563,20.96350980033656,11.599799999996321],[-89.630065447428365,20.963411199281357,13.11250000000291],[-89.630022208436642,20.96340624376942,16.32499999999709],[-89.630014704647607,20.963405383616038,13.185299999997369],[-89.629988421663299,20.963402372026724,13.222999999998137],[-89.629982270119825,20.963401667054793,13.231799999994109],[-89.629908590506247,20.963851481357313,13.867199999993318],[-89.629906800637059,20.963862408262898,13.892200000002049],[-89.629905874857755,20.963868059083001,13.905199999993783],[-89.629891806985782,20.963953948236576,14.001699999993434]]]},"properties":{"OBJECTID":117,"CATEGORIA":"USOS_DE_PREDIO","CODIGO":3009,"ELEMENTO":"Predios ruinosos o con maleza interior","Z":11.5998001,"Shape_Length":141.69297407401652,"Shape_Area":553.98568486905606}},{"type":"Feature","id":118,"geometry":{"type":"Polygon","coordinates":[[[-89.629979475769531,20.963963998002175,13.622399999992922],[-89.630018231540689,20.963968441278979,13.84429999999702],[-89.630067208140176,20.963974055768396,14.078899999993155],[-89.630069972389848,20.96395295037242,14.489900000000489],[-89.63007345474422,20.963926356264537,14.311799999995856],[-89.630075958600827,20.963907233948227,14.183799999998882],[-89.630079124767548,20.963883059860716,14.021900000007008],[-89.630083139667562,20.963852402806207,13.816600000005565],[-89.630083165871866,20.963852197453406,13.815199999997276],[-89.630100599844837,20.963719068570775,12.923800000004121],[-89.630126896172499,20.963518263843167,11.579299999997602],[-89.630087555087144,20.963513927124811,11.065700000006473],[-89.630050113171563,20.96350980033656,11.599799999996321],[-89.630043027499013,20.963555361287643,11.838600000002771],[-89.630026693553589,20.963660388953759,11.794099999999162],[-89.6300242163787,20.963676312039745,11.863299999997253],[-89.630019954314136,20.963703720822664,11.982300000003306],[-89.630019033308812,20.963709644231766,12.00800000000163],[-89.629992450517577,20.963880570653924,12.750400000004447],[-89.629992063379902,20.963883055872305,12.761199999993551],[-89.629989473958787,20.963899705684121,12.833499999993364],[-89.629982760691689,20.963942874637546,13.020999999993364],[-89.629979475769531,20.963963998002175,13.622399999992922]]]},"properties":{"OBJECTID":118,"CATEGORIA":"USOS_DE_PREDIO","CODIGO":3009,"ELEMENTO":"Predios ruinosos o con maleza interior","Z":11.0656996,"Shape_Length":118.95865864483434,"Shape_Area":438.34133636983279}},{"type":"Feature","id":119,"geometry":{"type":"Polygon","coordinates":[[[-89.633076034578124,20.963923396196645,11.16019999999844],[-89.633077154910353,20.963916457601695,11.349600000001374],[-89.633077365525367,20.963915147013779,11.386499999993248],[-89.633078361850295,20.963908975955729,11.560200000007171],[-89.633083226190109,20.963878833024285,11.619300000005751],[-89.633088114747224,20.963848536233321,12.004799999995157],[-89.633049696618954,20.963845259446018,12.380799999998999],[-89.633052451613636,20.963829685970023,11.94539999999688],[-89.63300447369086,20.963821764566131,13.35910000000149],[-89.63299859431163,20.963820794575248,13.532300000006217],[-89.632971859909262,20.963816381080566,14.320000000006985],[-89.632946413393299,20.963812179711876,15.069699999992736],[-89.632945858134221,20.963812088076125,15.086100000000442],[-89.63290671619022,20.96380562633712,14.536800000001676],[-89.632825945198817,20.963792291644005,13.403200000000652],[-89.632794483375221,20.963787097075134,12.961699999999837],[-89.632787517566825,20.96378594704332,10.760800000003655],[-89.632768063712177,20.963883244922478,10.426600000006147],[-89.632787330955068,20.963886091823277,11.775500000003376],[-89.632788664713416,20.963886288800232,11.771900000007008],[-89.632799997807652,20.963887962712004,11.741699999998673],[-89.632857083502486,20.963896397090746,11.589300000006915],[-89.632993757279394,20.963916589935263,11.224499999996624],[-89.63305888506639,20.963926212707367,11.050600000002305],[-89.633075191817611,20.963928621398729,11.007100000002538],[-89.633076034578124,20.963923396196645,11.16019999999844]]]},"properties":{"OBJECTID":119,"CATEGORIA":"USOS_DE_PREDIO","CODIGO":3009,"ELEMENTO":"Predios ruinosos o con maleza interior","Z":10.4266005,"Shape_Length":86.040612030744029,"Shape_Area":336.99381671280605}},{"type":"Feature","id":120,"geometry":{"type":"Polygon","coordinates":[[[-89.630067208140176,20.963974055768396,14.078899999993155],[-89.63015823348448,20.963984490605373,13.980500000005122],[-89.63016400426136,20.963936736149485,14.525999999998021],[-89.630169241829464,20.96389339134701,14.558399999994435],[-89.630169340014319,20.963892575455347,14.55899999999383],[-89.630172950418924,20.963862698392315,14.581300000005285],[-89.630176979797781,20.963829354215008,14.606199999994715],[-89.630182115759936,20.96378684973396,14.637900000001537],[-89.630182201362601,20.963786138767812,14.638399999996182],[-89.63018746659337,20.963742562406978,14.670899999997346],[-89.63021341768561,20.963527802147347,14.831200000000536],[-89.630180438577383,20.963524166262459,10.843500000002678],[-89.630172927663295,20.963523338729509,10.861499999999069],[-89.630126896172499,20.963518263843167,11.579299999997602],[-89.630100599844837,20.963719068570775,12.923800000004121],[-89.630083165871866,20.963852197453406,13.815199999997276],[-89.630083139667562,20.963852402806207,13.816600000005565],[-89.630079124767548,20.963883059860716,14.021900000007008],[-89.630075958600827,20.963907233948227,14.183799999998882],[-89.63007345474422,20.963926356264537,14.311799999995856],[-89.630069972389848,20.96395295037242,14.489900000000489],[-89.630067208140176,20.963974055768396,14.078899999993155]]]},"properties":{"OBJECTID":120,"CATEGORIA":"USOS_DE_PREDIO","CODIGO":3009,"ELEMENTO":"Predios ruinosos o con maleza interior","Z":10.8435001,"Shape_Length":120.39082915271844,"Shape_Area":473.441165492013}},{"type":"Feature","id":121,"geometry":{"type":"Polygon","coordinates":[[[-89.630924816353456,20.963609288586223,14.149600000004284],[-89.630923604367155,20.963615993848858,14.11019999999553],[-89.630910870843977,20.96368642811618,13.696800000005169],[-89.630907453980896,20.963705332500176,13.585800000000745],[-89.630914765489209,20.963706573877918,13.5737999999983],[-89.63091135472115,20.963725442053633,13.376900000002934],[-89.630901340598669,20.963780837899492,13.402799999996205],[-89.630898902590602,20.963794325384097,13.4091000000044],[-89.630894211402449,20.963820272758309,13.421300000001793],[-89.630888493164136,20.963851904118343,13.429199999998673],[-89.63088665720376,20.963862060701079,13.431700000001001],[-89.630877868255922,20.963910681560385,13.443799999993644],[-89.630851109508001,20.964058702596347,13.504700000004959],[-89.63093940980184,20.964071054315845,13.425799999997253],[-89.630947918998061,20.964027374588074,13.820000000006985],[-89.630966746394094,20.963930735637749,14.996899999998277],[-89.630967592219534,20.963926395190398,15.049799999993411],[-89.630967646884883,20.96392611355822,15.053199999994831],[-89.630976025603601,20.963883107569217,15.576900000000023],[-89.630976944630817,20.963878391306462,15.517500000001746],[-89.630977305381421,20.963876541202083,15.494200000001001],[-89.630982914636704,20.963847745586587,15.131299999993644],[-89.630986355199411,20.963830085873386,14.908800000004703],[-89.630989024966198,20.963816385346806,14.736199999999371],[-89.630999171943955,20.963764298217509,14.079800000006799],[-89.631028608494532,20.96361320493406,12.175799999997253],[-89.63102900094708,20.963611189117547,12.150399999998626],[-89.631031486380607,20.963598434921163,11.989700000005541],[-89.63103752431266,20.96356744235802,13.979800000000978],[-89.631036800826408,20.963567349702316,13.982099999993807],[-89.63101135930377,20.963564088733108,14.062999999994645],[-89.63096748759861,20.963558463389319,14.202499999999418],[-89.630949920618093,20.963556211183697,14.258300000001327],[-89.630934762065777,20.963554268481282,14.472500000003492],[-89.630924816353456,20.963609288586223,14.149600000004284]]]},"properties":{"OBJECTID":121,"CATEGORIA":"USOS_DE_PREDIO","CODIGO":3009,"ELEMENTO":"Predios ruinosos o con maleza interior","Z":11.9897003,"Shape_Length":134.10631904965882,"Shape_Area":559.61552169861943}},{"type":"Feature","id":122,"geometry":{"type":"Polygon","coordinates":[[[-89.633075191817611,20.963928621398729,11.007100000002538],[-89.633057910171516,20.96398107165238,9.7379999999975553],[-89.633055322633638,20.963999839547114,9.9897999999957392],[-89.633053058358726,20.964016264956324,10.21020000000135],[-89.63305045025561,20.96403517581982,11.44560000000638],[-89.633060768685496,20.964036431121588,10.480200000005425],[-89.63309078479233,20.964040082430103,10.796000000002095],[-89.633109492245296,20.964042358311225,10.992800000007264],[-89.633114597513142,20.964042979119849,11.04649999999674],[-89.633133029471878,20.964045221336278,11.240399999995134],[-89.633154199017213,20.964047796827138,11.269799999994575],[-89.633184438603735,20.964051475361742,11.311799999995856],[-89.633207157067133,20.964054239076908,11.343399999997928],[-89.633320744554922,20.964068055875007,11.501300000003539],[-89.633330093951216,20.964069193418354,11.514299999995274],[-89.633356820544179,20.964072444999108,11.620200000004843],[-89.633358371005855,20.964057907655601,11.691399999996065],[-89.633369418524794,20.963954342956878,11.954400000002352],[-89.633370044342129,20.963948476469707,11.986000000004424],[-89.633347285510439,20.963946534996243,11.952900000003865],[-89.633287595796574,20.963941442772242,11.778500000000349],[-89.633223799465696,20.963936001393961,11.592000000004191],[-89.633220501448406,20.963935720117341,11.582399999999325],[-89.633204220235072,20.963934330367806,11.534799999993993],[-89.633167476125848,20.963931196569852,11.427400000000489],[-89.633125629994723,20.963927626990248,11.305099999997765],[-89.633076034578124,20.963923396196645,11.16019999999844],[-89.633075191817611,20.963928621398729,11.007100000002538]]]},"properties":{"OBJECTID":122,"CATEGORIA":"USOS_DE_PREDIO","CODIGO":3009,"ELEMENTO":"Predios ruinosos o con maleza interior","Z":9.73799992,"Shape_Length":89.373990645543316,"Shape_Area":417.72614618820074}},{"type":"Feature","id":123,"geometry":{"type":"Polygon","coordinates":[[[-89.631484514272941,20.96362801567512,14.852700000003097],[-89.631479929604268,20.963627756945282,14.858699999997043],[-89.631459887987617,20.963626630053174,14.885099999999511],[-89.631419908646976,20.963624380977159,14.937699999994948],[-89.631408270333893,20.963713218395092,14.61710000000312],[-89.631403028603515,20.963753229926926,14.633499999996275],[-89.631394769192241,20.963816276563698,14.659400000004098],[-89.631388749941081,20.963862223736577,14.678299999999581],[-89.631369361737484,20.964010215837863,14.739199999996345],[-89.631353797566504,20.964129018256237,13.856599999999162],[-89.631409504272682,20.964136809917477,13.08640000000014],[-89.631421221885248,20.964057333882344,12.122900000002119],[-89.631424939565946,20.9640321165991,12.001600000003236],[-89.631426882088149,20.964018934706274,11.968800000002375],[-89.631427182866432,20.964016898636729,11.963699999992969],[-89.631427529973763,20.964014544046627,11.957800000003772],[-89.631476482687376,20.963682496116469,11.130000000004657],[-89.631484514272941,20.96362801567512,14.852700000003097]]]},"properties":{"OBJECTID":123,"CATEGORIA":"USOS_DE_PREDIO","CODIGO":3009,"ELEMENTO":"Predios ruinosos o con maleza interior","Z":11.1300001,"Shape_Length":125.8165250809538,"Shape_Area":355.98758395418616}},{"type":"Feature","id":124,"geometry":{"type":"Polygon","coordinates":[[[-89.631409504272682,20.964136809917477,13.08640000000014],[-89.631422512433474,20.964138629591314,13.373699999996461],[-89.6314397576419,20.964141110619156,13.436499999996158],[-89.631506979834825,20.964150781088364,13.61689999999362],[-89.631519809617799,20.964081138923781,14.187699999994948],[-89.631528826273382,20.96403219492203,14.67939999999362],[-89.631535192905261,20.963997637315707,15.026599999997416],[-89.631539494104445,20.963974291665664,15.261199999993551],[-89.631552344072276,20.963904540845828,15.961999999999534],[-89.631538377417741,20.963902271014714,15.932400000005146],[-89.631546654823254,20.96384508723904,15.229900000005728],[-89.631551990999682,20.963808221600107,14.777000000001863],[-89.631570026625781,20.963683619885188,13.246400000003632],[-89.631570189484407,20.963682490606605,13.232499999998254],[-89.631576955904208,20.963635740990409,12.658299999995506],[-89.631553934502207,20.963631920873151,15.673999999999069],[-89.63149446965015,20.963628575164915,15.51940000000468],[-89.631484514272941,20.96362801567512,14.852700000003097],[-89.631476482687376,20.963682496116469,11.130000000004657],[-89.631427529973763,20.964014544046627,11.957800000003772],[-89.631427182866432,20.964016898636729,11.963699999992969],[-89.631426882088149,20.964018934706274,11.968800000002375],[-89.631424939565946,20.9640321165991,12.001600000003236],[-89.631421221885248,20.964057333882344,12.122900000002119],[-89.631409504272682,20.964136809917477,13.08640000000014]]]},"properties":{"OBJECTID":124,"CATEGORIA":"USOS_DE_PREDIO","CODIGO":3009,"ELEMENTO":"Predios ruinosos o con maleza interior","Z":11.1300001,"Shape_Length":135.78151597688827,"Shape_Area":583.73356495586654}},{"type":"Feature","id":125,"geometry":{"type":"Polygon","coordinates":[[[-89.628792313902622,20.963956356424536,13.954899999996996],[-89.628792139907702,20.963957234880052,13.958299999998417],[-89.628789233782598,20.96397194211076,14.015100000004168],[-89.62876963110341,20.964071159729613,14.398100000005797],[-89.628753504025056,20.964152783023753,14.713199999998324],[-89.628748071456968,20.964185496081111,14.068100000004051],[-89.628779300406165,20.964191663762616,12.058300000004238],[-89.628826646823995,20.964201013598004,12.599000000001979],[-89.628846653334676,20.964204964569447,12.827499999999418],[-89.628855381462316,20.96420668797014,12.848599999997532],[-89.628892313750313,20.964213981967287,12.937799999999697],[-89.628899032736314,20.964215308413909,12.953999999997905],[-89.628915507099322,20.964218561800688,12.993799999996554],[-89.628957093295469,20.96422677440346,12.516300000002957],[-89.628972060038791,20.964143994388785,12.01480000000447],[-89.628976878592894,20.964117340844222,11.946299999995972],[-89.628997967091237,20.96400069772892,11.646699999997509],[-89.629002939028638,20.963973196743652,11.576100000005681],[-89.62900880573919,20.963940743326535,13.394599999999627],[-89.628956992851187,20.963936240372725,13.442200000004959],[-89.628927081702543,20.963933641239482,13.469700000001467],[-89.628920093674168,20.963933034006612,13.47609999999986],[-89.628879014592272,20.963929465078611,13.513900000005378],[-89.62879900026762,20.963922511701572,13.666400000001886],[-89.628792313902622,20.963956356424536,13.954899999996996]]]},"properties":{"OBJECTID":125,"CATEGORIA":"USOS_DE_PREDIO","CODIGO":3009,"ELEMENTO":"Predios ruinosos o con maleza interior","Z":11.5761003,"Shape_Length":105.89747701333123,"Shape_Area":681.55379071965672}},{"type":"Feature","id":126,"geometry":{"type":"Polygon","coordinates":[[[-89.632144515262254,20.963809031460467,12.362999999997555],[-89.632136367539857,20.963842703807586,12.451400000005378],[-89.632120325763225,20.963909000882264,12.625499999994645],[-89.632104074208527,20.963976163423471,12.801900000005844],[-89.63210194180931,20.963984975726785,12.825100000001839],[-89.632084025742515,20.964059017552845,13.019599999999627],[-89.632078060641931,20.964083672774485,13.084400000007008],[-89.632075497098185,20.964094266750873,13.112200000003213],[-89.632070750060777,20.964113884184908,13.16370000000461],[-89.632062421256904,20.964148305086077,13.254100000005565],[-89.632052985449121,20.964187299797107,13.356499999994412],[-89.632041436998719,20.96423502795734,14.254300000000512],[-89.632120081934829,20.964250389357538,14.305600000006962],[-89.632131943822046,20.964202722260108,13.821800000005169],[-89.632139582331519,20.964172026365798,13.611399999994319],[-89.63215931353804,20.964092737992523,13.068100000004051],[-89.632163713789652,20.964075054412401,12.946899999995367],[-89.63216396164033,20.964074058345901,12.940100000007078],[-89.632166445564891,20.964064077734299,12.871700000003329],[-89.632168825290108,20.964054514045699,12.806200000006356],[-89.632171306521002,20.964044544309953,12.737899999992806],[-89.632175992356949,20.964025714206318,12.608800000001793],[-89.632187336970532,20.963980126247574,12.296400000006543],[-89.632194591110959,20.963950974754983,12.0966000000044],[-89.632200862856862,20.963925773080728,14.881800000002841],[-89.632205841423414,20.96390576564588,11.786800000001676],[-89.63221791163474,20.963857262895274,11.454400000002352],[-89.632222459149361,20.963838987475192,11.329199999992852],[-89.632224962833604,20.963828928009594,11.260299999994459],[-89.632228490203985,20.963814751962214,11.163100000005215],[-89.632233438242338,20.963794867786916,11.318799999993644],[-89.632245429377292,20.963746680450619,10.946700000000419],[-89.632204998960759,20.963739971207527,10.648499999995693],[-89.632186027315726,20.963736822631876,10.709600000001956],[-89.632162916224118,20.963732986831431,12.163300000000163],[-89.632144515262254,20.963809031460467,12.362999999997555]]]},"properties":{"OBJECTID":126,"CATEGORIA":"USOS_DE_PREDIO","CODIGO":3009,"ELEMENTO":"Predios ruinosos o con maleza interior","Z":10.6485004,"Shape_Length":131.41059983774284,"Shape_Area":487.71946979355573}},{"type":"Feature","id":127,"geometry":{"type":"Polygon","coordinates":[[[-89.632305838532773,20.964157919204567,14.609899999995832],[-89.632298217508037,20.964192246114269,14.584900000001653],[-89.632297316772863,20.964196303013988,14.58190000000468],[-89.632288143691724,20.964237617621105,14.149900000003981],[-89.632278441470248,20.96428132032824,13.809500000003027],[-89.632360203734649,20.964297290726524,13.487200000003213],[-89.632368680030709,20.964253347839428,12.827499999999418],[-89.632377479716013,20.964207727868839,12.379000000000815],[-89.632384138140409,20.964173212688145,12.0396999999939],[-89.632390064184946,20.964142488172552,11.737599999993108],[-89.632394503741082,20.964119476236892,11.51140000000305],[-89.632405264934818,20.964063685096111,11.935299999997369],[-89.632405989327381,20.9640599324742,11.963799999997718],[-89.632418025610662,20.963997530793364,12.437999999994645],[-89.632419781833491,20.963988425455273,12.507199999992736],[-89.632424213414453,20.963965452465306,13.077399999994668],[-89.632416042742165,20.963964001424834,12.998200000001816],[-89.632414916547631,20.963963801237878,12.987299999993411],[-89.632413208926693,20.96396349717779,12.970700000005309],[-89.632354966071844,20.963953150225933,13.494900000005146],[-89.632351439973789,20.963952523954486,14.759600000004866],[-89.632305838532773,20.964157919204567,14.609899999995832]]]},"properties":{"OBJECTID":127,"CATEGORIA":"USOS_DE_PREDIO","CODIGO":3009,"ELEMENTO":"Predios ruinosos o con maleza interior","Z":11.5114002,"Shape_Length":90.95937697047529,"Shape_Area":305.58994641195085}},{"type":"Feature","id":128,"geometry":{"type":"Polygon","coordinates":[[[-89.630264867397742,20.964396106699766,15.185500000006869],[-89.630354279304782,20.964401278291053,13.768500000005588],[-89.630358994972497,20.964401551278165,13.811700000005658],[-89.630361585168103,20.964401700886988,13.835500000001048],[-89.630439339257762,20.964406198320006,15.209199999997509],[-89.630443134868074,20.964369660739802,15.655899999997928],[-89.630449760170009,20.96430587372253,15.670599999997648],[-89.63040194686063,20.964301377186349,15.249700000000303],[-89.630400119471361,20.964301204966386,15.209300000002258],[-89.630365114223977,20.964297913706783,15.149399999994785],[-89.630352957013173,20.964296769692933,15.128599999996368],[-89.630276450530616,20.964289575083551,14.997799999997369],[-89.630264867397742,20.964396106699766,15.185500000006869]]]},"properties":{"OBJECTID":128,"CATEGORIA":"USOS_DE_PREDIO","CODIGO":3009,"ELEMENTO":"Predios ruinosos o con maleza interior","Z":13.7685003,"Shape_Length":59.339654953294279,"Shape_Area":208.97195349697009}},{"type":"Feature","id":129,"geometry":{"type":"Polygon","coordinates":[[[-89.626416086800674,20.96452496122501,13.642200000002049],[-89.626423255588662,20.964487392947238,12.697400000004563],[-89.626443925288754,20.964379066328661,12.881599999993341],[-89.626452471232952,20.96433427743214,16.219100000002072],[-89.626397886990844,20.964326636562159,22.346799999999348],[-89.62639528714999,20.964326375086738,22.346799999999348],[-89.626309450562871,20.964317717225963,22.346799999999348],[-89.626298610402216,20.964316474067726,21.970100000005914],[-89.626049375347151,20.96428789160387,13.309699999997974],[-89.626003881317075,20.964282782044727,13.154599999994389],[-89.625950499516705,20.96427678826624,12.97269999999844],[-89.625853769475313,20.964265925363215,12.642999999996391],[-89.625852458479969,20.964276275168459,11.910499999998137],[-89.625847353155933,20.964315597484472,11.782699999996112],[-89.62584173691971,20.96435885239903,11.642200000002049],[-89.625836675570284,20.964397830951086,11.515499999994063],[-89.625827882014974,20.964472309622938,11.567999999999302],[-89.625821234520245,20.964528612285104,11.607699999993201],[-89.625820137624785,20.964537902446462,11.773000000001048],[-89.625898034611154,20.964554697590874,12.46140000000014],[-89.625923399493274,20.964560166183944,13.215100000001257],[-89.625932575655099,20.964510781969867,13.550499999997555],[-89.625944310235155,20.964447624045707,13.437300000005052],[-89.626074219189007,20.964468919907958,14.049199999994016],[-89.626283504679577,20.964503227423553,15.035000000003492],[-89.626360715154419,20.964515884304181,15.398700000005192],[-89.626375393578911,20.964518289853153,15.467799999998533],[-89.626416086800674,20.96452496122501,13.642200000002049]]]},"properties":{"OBJECTID":129,"CATEGORIA":"USOS_DE_PREDIO","CODIGO":3009,"ELEMENTO":"Predios ruinosos o con maleza interior","Z":11.5155001,"Shape_Length":188.05540877112105,"Shape_Area":1376.4875186046693}},{"type":"Feature","id":130,"geometry":{"type":"Polygon","coordinates":[[[-89.629043790023857,20.964295382653955,14.202600000004168],[-89.629036260531208,20.964338064007681,14.420100000003004],[-89.629030352429481,20.964371558154667,14.590800000005402],[-89.629022647114937,20.964415233557641,14.911600000006729],[-89.629022696265565,20.964415240924886,15.107799999997951],[-89.629072489777272,20.96442265421474,14.850099999996019],[-89.629075163129713,20.964423051748344,14.83629999999539],[-89.629106352977715,20.964427695043039,14.674899999998161],[-89.629137799166344,20.964432375907307,14.512199999997392],[-89.629205453313631,20.964442447810892,14.162100000001374],[-89.629247845461421,20.964448759122192,13.942699999999604],[-89.629268379444085,20.964451815294737,13.83640000000014],[-89.629300495442749,20.964456596842158,13.670199999993201],[-89.629342458724935,20.964462843422208,13.452999999994063],[-89.629439215330365,20.964477247604425,12.95230000000447],[-89.629552783091796,20.964494154093419,12.364600000000792],[-89.629590164869768,20.964499719245048,12.171199999997043],[-89.62970254631098,20.964516448924599,11.589600000006612],[-89.629703280641195,20.964510238580758,11.409299999999348],[-89.629705133765796,20.964494575220012,12.056599999996251],[-89.629706054800366,20.964486784704896,12.37850000000617],[-89.629714203798471,20.964417880255947,16.250700000004144],[-89.629683486088567,20.964412093993925,16.03519999999844],[-89.629667983547222,20.9644091741872,15.926500000001397],[-89.629642433043571,20.964404361793196,15.747199999997974],[-89.629604632879833,20.964397242070703,15.482000000003609],[-89.629595435508534,20.964395509701603,15.417499999995925],[-89.629574678004317,20.964391599305241,15.271900000007008],[-89.629542920702164,20.964385617794285,15.049100000003818],[-89.629476119466403,20.964373035560897,14.580499999996391],[-89.629413371563004,20.96436121685559,14.140299999999115],[-89.629403834724414,20.964359420195027,14.073399999993853],[-89.629390893602974,20.964356982680741,13.982600000003004],[-89.629334664002187,20.964346391445662,13.653800000000047],[-89.629313481228593,20.964342401808086,13.439599999997881],[-89.629281072002144,20.964336296684795,13.471699999994598],[-89.629217339485379,20.964324292665644,15.142699999996694],[-89.629126682231615,20.96430721656613,13.624800000005052],[-89.62908395987084,20.964299169609237,13.66710000000603],[-89.629044426728669,20.96429172258043,14.023300000000745],[-89.629043790023857,20.964295382653955,14.202600000004168]]]},"properties":{"OBJECTID":130,"CATEGORIA":"USOS_DE_PREDIO","CODIGO":3009,"ELEMENTO":"Predios ruinosos o con maleza interior","Z":11.4092999,"Shape_Length":167.55789831593353,"Shape_Area":885.5913150607787}},{"type":"Feature","id":131,"geometry":{"type":"Polygon","coordinates":[[[-89.625932575655099,20.964510781969867,13.550499999997555],[-89.626099139557155,20.964538678811252,14.047999999995227],[-89.626124368339759,20.964542904430736,14.123399999996764],[-89.626403735897853,20.964589692414972,13.334900000001653],[-89.626416086800674,20.96452496122501,13.642200000002049],[-89.626375393578911,20.964518289853153,15.467799999998533],[-89.626360715154419,20.964515884304181,15.398700000005192],[-89.626283504679577,20.964503227423553,15.035000000003492],[-89.626074219189007,20.964468919907958,14.049199999994016],[-89.625944310235155,20.964447624045707,13.437300000005052],[-89.625932575655099,20.964510781969867,13.550499999997555]]]},"properties":{"OBJECTID":131,"CATEGORIA":"USOS_DE_PREDIO","CODIGO":3009,"ELEMENTO":"Predios ruinosos o con maleza interior","Z":13.3348999,"Shape_Length":114.01380700992513,"Shape_Area":358.32905806135312}},{"type":"Feature","id":132,"geometry":{"type":"Polygon","coordinates":[[[-89.630152517157612,20.964068206771351,14.644000000000233],[-89.630121582061022,20.964064660313198,14.669699999998556],[-89.630105671905213,20.964179183093844,13.305399999997462],[-89.63009927358047,20.964225242645359,13.07730000000447],[-89.630094261537366,20.964261316879501,12.898600000000442],[-89.630089945375687,20.964292390286911,12.744699999995646],[-89.630059309105349,20.964512915374012,11.65240000000631],[-89.63005509533032,20.964543248664484,13.032300000006217],[-89.630087831218148,20.964545935795428,13.107199999998556],[-89.630089252704039,20.964535435306889,11.331300000005285],[-89.630121636172944,20.964296274485349,12.569799999997485],[-89.630127966563236,20.964249518977748,12.811900000000605],[-89.630136971585273,20.964183019158188,13.156300000002375],[-89.630139741352238,20.964162559218707,13.262300000002142],[-89.630152517157612,20.964068206771351,14.644000000000233]]]},"properties":{"OBJECTID":132,"CATEGORIA":"USOS_DE_PREDIO","CODIGO":3009,"ELEMENTO":"Predios ruinosos o con maleza interior","Z":11.3312998,"Shape_Length":113.47324304440993,"Shape_Area":177.81065961157199}},{"type":"Feature","id":133,"geometry":{"type":"Polygon","coordinates":[[[-89.630087831218148,20.964545935795428,13.107199999998556],[-89.630121791505829,20.964548722291767,13.184899999992922],[-89.630173706103278,20.964552983137988,13.303700000004028],[-89.630202711416942,20.96428622812082,13.449800000002142],[-89.63020317350427,20.964281983885094,13.463399999993271],[-89.630208315180766,20.964234697792225,13.614900000000489],[-89.63021005797809,20.964218665060184,13.666299999997136],[-89.630213454336214,20.964187432503863,13.766300000002957],[-89.630215370283992,20.964169814392573,13.822700000004261],[-89.630219953815285,20.964127655205441,13.957699999999022],[-89.63022550872752,20.964076574350063,14.802800000004936],[-89.630152517157612,20.964068206771351,14.644000000000233],[-89.630139741352238,20.964162559218707,13.262300000002142],[-89.630136971585273,20.964183019158188,13.156300000002375],[-89.630127966563236,20.964249518977748,12.811900000000605],[-89.630121636172944,20.964296274485349,12.569799999997485],[-89.630089252704039,20.964535435306889,11.331300000005285],[-89.630087831218148,20.964545935795428,13.107199999998556]]]},"properties":{"OBJECTID":133,"CATEGORIA":"USOS_DE_PREDIO","CODIGO":3009,"ELEMENTO":"Predios ruinosos o con maleza interior","Z":11.3312998,"Shape_Length":123.0154741925066,"Shape_Area":441.95482075931938}},{"type":"Feature","id":134,"geometry":{"type":"Polygon","coordinates":[[[-89.630173706103278,20.964552983137988,13.303700000004028],[-89.630208209300648,20.96455581450364,13.382700000001932],[-89.630245915755637,20.964222228494322,13.030400000003283],[-89.630247255078217,20.964210384018902,13.091300000000047],[-89.630249932746338,20.964186694180299,13.213199999998324],[-89.630252771882837,20.964161575336853,13.342399999994086],[-89.630256212834254,20.964131133896426,13.498999999996158],[-89.630256950356539,20.964124612920546,13.532600000005914],[-89.630261908678619,20.964080746966928,14.699399999997695],[-89.63022550872752,20.964076574350063,14.802800000004936],[-89.630219953815285,20.964127655205441,13.957699999999022],[-89.630215370283992,20.964169814392573,13.822700000004261],[-89.630213454336214,20.964187432503863,13.766300000002957],[-89.63021005797809,20.964218665060184,13.666299999997136],[-89.630208315180766,20.964234697792225,13.614900000000489],[-89.63020317350427,20.964281983885094,13.463399999993271],[-89.630202711416942,20.96428622812082,13.449800000002142],[-89.630173706103278,20.964552983137988,13.303700000004028]]]},"properties":{"OBJECTID":134,"CATEGORIA":"USOS_DE_PREDIO","CODIGO":3009,"ELEMENTO":"Predios ruinosos o con maleza interior","Z":13.0303001,"Shape_Length":113.38898477653781,"Shape_Area":196.52380415385613}},{"type":"Feature","id":135,"geometry":{"type":"Polygon","coordinates":[[[-89.630208209300648,20.96455581450364,13.382700000001932],[-89.630210544549314,20.964556005970479,13.388000000006286],[-89.630221961870291,20.964556942924499,13.414199999999255],[-89.630247153910361,20.964559010663102,15.516399999993155],[-89.630255193475918,20.964485075382655,15.366200000004028],[-89.630257128361293,20.964467276407976,15.330100000006496],[-89.630264867397742,20.964396106699766,15.185500000006869],[-89.630276450530616,20.964289575083551,14.997799999997369],[-89.630285130088893,20.964209753234186,14.806899999995949],[-89.63028518885524,20.964209211516355,14.805800000001909],[-89.630288954440061,20.964174581230754,14.735499999995227],[-89.630289965404771,20.964165285169173,14.716599999999744],[-89.630294001783369,20.964128167849687,14.641199999998207],[-89.630298698699477,20.964084964113528,14.982300000003306],[-89.630261908678619,20.964080746966928,14.699399999997695],[-89.630256950356539,20.964124612920546,13.532600000005914],[-89.630256212834254,20.964131133896426,13.498999999996158],[-89.630252771882837,20.964161575336853,13.342399999994086],[-89.630249932746338,20.964186694180299,13.213199999998324],[-89.630247255078217,20.964210384018902,13.091300000000047],[-89.630245915755637,20.964222228494322,13.030299999998533],[-89.630208209300648,20.96455581450364,13.382700000001932]]]},"properties":{"OBJECTID":135,"CATEGORIA":"USOS_DE_PREDIO","CODIGO":3009,"ELEMENTO":"Predios ruinosos o con maleza interior","Z":13.0303001,"Shape_Length":113.63071518190635,"Shape_Area":209.3758786028252}},{"type":"Feature","id":136,"geometry":{"type":"Polygon","coordinates":[[[-89.630018101259523,20.964188703096404,15.764500000004773],[-89.630017685605878,20.964192195439267,15.730899999995017],[-89.630016519082744,20.96420199588994,15.636700000002747],[-89.630015993606264,20.964206408132526,15.59429999999702],[-89.63001577484269,20.96420824340408,15.576600000000326],[-89.630013605302082,20.964226476663352,15.401299999997718],[-89.630012277855471,20.964237627561985,15.294099999999162],[-89.630009067344758,20.964264596672415,15.034799999993993],[-89.629972894664363,20.964568474905604,12.113400000002002],[-89.629969678757419,20.964595410693384,11.854399999996531],[-89.629969056499192,20.964600719160053,13.131399999998393],[-89.629974355488699,20.964601368671946,13.196800000005169],[-89.630005079218492,20.964605134192549,13.575800000005984],[-89.630008404391319,20.964581202324858,13.759999999994761],[-89.630013411196515,20.964545157063757,13.802999999999884],[-89.630014143728118,20.964539888426096,13.809299999993527],[-89.630046376467277,20.96430787242722,14.08629999999539],[-89.630058548242289,20.964220251067861,14.19090000000142],[-89.63006218071645,20.964194106070554,14.222099999999045],[-89.630080813302058,20.964059986309817,14.819799999997485],[-89.630037664623757,20.96405503935619,15.468599999992875],[-89.63002677521456,20.964146513267767,16.272599999996601],[-89.630023168863815,20.964146134666052,16.173800000004121],[-89.630018101259523,20.964188703096404,15.764500000004773]]]},"properties":{"OBJECTID":136,"CATEGORIA":"USOS_DE_PREDIO","CODIGO":3009,"ELEMENTO":"Predios ruinosos o con maleza interior","Z":11.8543997,"Shape_Length":130.44728770025736,"Shape_Area":260.39435723054487}},{"type":"Feature","id":137,"geometry":{"type":"Polygon","coordinates":[[[-89.631695493119068,20.96437517197689,11.588699999992969],[-89.631690469963587,20.964400432902021,11.592999999993481],[-89.631688233164311,20.96441168362059,11.594899999996414],[-89.631676771605186,20.964469322868769,11.60460000000603],[-89.631675417128591,20.964478263997929,11.695999999996275],[-89.63166819067969,20.964525967815966,10.272100000001956],[-89.631663496574589,20.964556956786566,9.5432000000000698],[-89.631663228519628,20.964558720591441,9.5016999999934342],[-89.631654255584266,20.964617955564513,8.1083000000071479],[-89.631652981229536,20.964626367285863,8.1431000000011409],[-89.631647738255296,20.964660978862891,15.028000000005704],[-89.631659447609266,20.964663771991624,15.056400000001304],[-89.631705190442517,20.964674683327257,15.16710000000603],[-89.631722173061746,20.964592002980218,11.425399999992806],[-89.63172752719349,20.96456593701236,11.401599999997416],[-89.631740979418879,20.96450044828843,11.341799999994691],[-89.631749359134389,20.964459652453939,11.30460000000312],[-89.631752482996035,20.964444441653445,11.290699999997742],[-89.631755179083001,20.964431314930021,11.278699999995297],[-89.631756664434093,20.964424084494645,11.372499999997672],[-89.631780978935694,20.964305710278527,13.158200000005309],[-89.631778539236066,20.964305317304262,13.284700000003795],[-89.631711528944777,20.964294523234283,12.909299999999348],[-89.631695493119068,20.96437517197689,11.588699999992969]]]},"properties":{"OBJECTID":137,"CATEGORIA":"USOS_DE_PREDIO","CODIGO":3009,"ELEMENTO":"Predios ruinosos o con maleza interior","Z":8.10830021,"Shape_Length":96.268736441868896,"Shape_Area":288.07877298360324}},{"type":"Feature","id":138,"geometry":{"type":"Polygon","coordinates":[[[-89.632046104335743,20.96434841940901,13.115399999995134],[-89.632044272874694,20.96434812448161,13.116599999993923],[-89.631923300911737,20.964328637230043,12.734400000001187],[-89.631917391385471,20.96435048461473,11.811499999996158],[-89.631911861054093,20.964370932133551,11.806400000001304],[-89.631908903620342,20.964381868055622,11.803599999999278],[-89.631907529624854,20.96438694887987,11.802299999995739],[-89.631876906065173,20.964500175886236,11.773700000005192],[-89.631866992802117,20.964536828739718,11.764500000004773],[-89.631864015518218,20.964547839002158,11.761700000002747],[-89.631862069102326,20.964555032320792,11.759900000004563],[-89.631858525794541,20.964568136018979,11.756599999993341],[-89.63184516757336,20.964617526297374,11.744099999996251],[-89.631843861252122,20.964622355082295,11.742899999997462],[-89.631835099002856,20.964654752153439,13.129199999995762],[-89.631833957001035,20.964658974390048,13.309899999992922],[-89.631822991084618,20.964699518556674,15.044899999993504],[-89.631821503385311,20.96470502277031,15.280400000003283],[-89.631954302827438,20.964742539732228,15.222899999993388],[-89.631955752924668,20.964736315620687,12.408999999999651],[-89.631972967862282,20.964662409225475,12.05000000000291],[-89.631984688212739,20.964612089926693,11.805600000006962],[-89.631991563112081,20.964582575932337,11.662299999996321],[-89.632001196847057,20.964541214491014,11.46140000000014],[-89.632006546570253,20.964518248087121,11.489799999995739],[-89.632007817829745,20.964512789650524,11.49659999999858],[-89.632029093249344,20.964421448694601,11.609599999996135],[-89.632030606811867,20.964414951843057,11.743600000001607],[-89.632031338102678,20.964411812153653,11.808300000004238],[-89.632042749137597,20.964362823022615,12.818400000003749],[-89.632045039599859,20.964352991663194,13.021099999998114],[-89.632046104335743,20.96434841940901,13.115399999995134]]]},"properties":{"OBJECTID":138,"CATEGORIA":"USOS_DE_PREDIO","CODIGO":3009,"ELEMENTO":"Predios ruinosos o con maleza interior","Z":11.4614,"Shape_Length":115.10305760386707,"Shape_Area":599.46277994484922}},{"type":"Feature","id":139,"geometry":{"type":"Polygon","coordinates":[[[-89.631954302827438,20.964742539732228,15.222899999993388],[-89.632035310756649,20.964765425147242,15.187900000004447],[-89.632048244808928,20.964729031685327,11.40690000000177],[-89.632052468857523,20.96471714805838,11.422900000005029],[-89.632062821389454,20.964688017316355,11.462299999999232],[-89.632125761988007,20.964510916019417,11.701499999995576],[-89.632128869317398,20.964502173521574,11.713300000003073],[-89.632144440047355,20.964454918606538,11.576799999995274],[-89.632172808786024,20.964368829200847,12.466199999995297],[-89.632161422873992,20.964366995357832,13.042400000005728],[-89.632149688984825,20.9643651054961,13.049799999993411],[-89.632146020280686,20.964364514830073,13.052100000000792],[-89.632046104335743,20.96434841940901,13.115399999995134],[-89.632045039599859,20.964352991663194,13.021099999998114],[-89.632042749137597,20.964362823022615,12.818400000003749],[-89.632031338102678,20.964411812153653,11.808300000004238],[-89.632030606811867,20.964414951843057,11.743600000001607],[-89.632029093249344,20.964421448694601,11.609599999996135],[-89.632007817829745,20.964512789650524,11.49659999999858],[-89.632006546570253,20.964518248087121,11.489799999995739],[-89.632001196847057,20.964541214491014,11.46140000000014],[-89.631991563112081,20.964582575932337,11.662299999996321],[-89.631984688212739,20.964612089926693,11.805600000006962],[-89.631972967862282,20.964662409225475,12.05000000000291],[-89.631955752924668,20.964736315620687,12.408999999999651],[-89.631954302827438,20.964742539732228,15.222899999993388]]]},"properties":{"OBJECTID":139,"CATEGORIA":"USOS_DE_PREDIO","CODIGO":3009,"ELEMENTO":"Predios ruinosos o con maleza interior","Z":11.4069004,"Shape_Length":113.07523075231634,"Shape_Area":507.10551468224526}},{"type":"Feature","id":140,"geometry":{"type":"Polygon","coordinates":[[[-89.632617020881312,20.964861379465855,11.684200000003329],[-89.632617196767058,20.964861378553632,11.684299999993527],[-89.632617944577149,20.964861377832076,11.684899999992922],[-89.632632394151585,20.964861359492073,11.677700000000186],[-89.632767536465494,20.964861183336389,11.615099999995437],[-89.632769711620043,20.964816400652637,11.611600000003818],[-89.632770612974369,20.964797837582168,11.610100000005332],[-89.632774262556268,20.964722704334648,11.604099999996834],[-89.632774661039988,20.964714503871104,11.603499999997439],[-89.632775320265765,20.96470094003508,11.602400000003399],[-89.632775692364191,20.964693263634768,11.601800000004005],[-89.632776596598234,20.964674645445562,11.600300000005518],[-89.632789500118989,20.964655781331558,11.631699999998091],[-89.632795719451849,20.964646689179375,11.646900000007008],[-89.632800938778232,20.964639058853489,11.659599999999045],[-89.632802322817867,20.964621602445845,11.965299999996205],[-89.632804184763344,20.9645981202261,12.376499999998487],[-89.632804190367466,20.964598056036849,12.377600000007078],[-89.632804603562363,20.964592835667943,12.468999999997322],[-89.632811865696667,20.964501258884553,14.072599999999511],[-89.63281542981737,20.964456312987512,14.012199999997392],[-89.632747890486726,20.964453625215388,13.805800000001909],[-89.632745931840631,20.964497050273209,13.011499999993248],[-89.63274477369103,20.964522739027409,12.578099999998813],[-89.632743770935022,20.964544952099654,12.20339999999851],[-89.632720715628636,20.964544034453859,11.998300000006566],[-89.6327171316684,20.964543892112651,11.966400000004796],[-89.632716517564589,20.964545764191062,11.952000000004773],[-89.632693019739449,20.964617320080702,11.402799999996205],[-89.632690507565655,20.96462497267235,11.344100000002072],[-89.632690199127381,20.964625911892924,11.342499999998836],[-89.632686267929131,20.9646378839996,11.322599999999511],[-89.632677236526817,20.964665385466571,11.276800000006915],[-89.632674227885801,20.964674547176813,11.261599999997998],[-89.632666022363765,20.964699535877401,11.220000000001164],[-89.632653280619536,20.9647383388278,11.155400000003283],[-89.632648949720249,20.964751527838281,11.133400000006077],[-89.632647389303642,20.964756281102463,11.125499999994645],[-89.632646678428188,20.964758445395223,11.277499999996508],[-89.632637693257763,20.964789629792435,11.371799999993527],[-89.632635925423756,20.96479576672607,11.390299999999115],[-89.632622392395092,20.964842735580653,11.532300000006217],[-89.632617020881312,20.964861379465855,11.684200000003329]]]},"properties":{"OBJECTID":140,"CATEGORIA":"USOS_DE_PREDIO","CODIGO":3009,"ELEMENTO":"Predios ruinosos o con maleza interior","Z":11.1254997,"Shape_Length":117.95009364885685,"Shape_Area":499.47392018895033}},{"type":"Feature","id":141,"geometry":{"type":"Polygon","coordinates":[[[-89.629629710140094,20.964858551184776,12.680999999996857],[-89.630097619940756,20.964924349380123,13.061700000005658],[-89.630107475491471,20.964925735695108,13.073399999993853],[-89.630189238544091,20.964937233464653,13.170100000003004],[-89.63022061960416,20.964941646070109,13.207200000004377],[-89.630286597213569,20.964950923606242,13.28519999999844],[-89.630381372531559,20.964964250903218,14.097500000003492],[-89.630386067230447,20.964919054599903,14.276899999997113],[-89.630240324680017,20.964898153746141,14.090299999996205],[-89.630196468858458,20.964891865295147,14.164000000004307],[-89.63013960977662,20.96488371094469,14.259600000004866],[-89.630130566097378,20.964882414120154,14.274799999999232],[-89.63011474230548,20.964880144860871,14.103199999997742],[-89.630083188203656,20.964875620243138,13.761100000003353],[-89.630060287505387,20.964872336176178,13.512799999996787],[-89.629924175553199,20.964852816707733,12.036900000006426],[-89.629855942753139,20.964843031221008,11.297000000005937],[-89.62982045801877,20.964837943355235,12.702399999994668],[-89.629638098563973,20.964811791001289,8.9346999999979744],[-89.629629710140094,20.964858551184776,12.680999999996857]]]},"properties":{"OBJECTID":141,"CATEGORIA":"USOS_DE_PREDIO","CODIGO":3009,"ELEMENTO":"Predios ruinosos o con maleza interior","Z":8.93470001,"Shape_Length":168.09212242895123,"Shape_Area":405.39031124716325}},{"type":"Feature","id":142,"geometry":{"type":"Polygon","coordinates":[[[-89.632410668947074,20.964957592775562,12.004700000004959],[-89.632483103902032,20.964962197613687,11.554300000003423],[-89.632503266639276,20.964963479593226,11.540599999992992],[-89.63253867195094,20.964965730443513,11.516600000002654],[-89.632573761627754,20.964967960883779,11.492800000007264],[-89.63260727700505,20.964970091050279,11.470100000005914],[-89.632613157231717,20.964970283680067,11.457699999999022],[-89.63267611331311,20.96497234350192,11.325299999996787],[-89.632858324258663,20.964978307003285,10.94199999999546],[-89.632945284994761,20.964981152302947,11.912599999996019],[-89.632947341317646,20.964969042139664,12.354800000000978],[-89.632957620298924,20.964908505809444,11.084799999996903],[-89.632959716713302,20.964896160284404,10.944099999993341],[-89.632960397251253,20.964892154637052,10.898499999995693],[-89.632961311227675,20.964886769432191,11.046300000001793],[-89.632961769538696,20.964884070037904,11.12039999999979],[-89.632962369843511,20.964880532406138,11.217499999998836],[-89.632964372182826,20.964868742687482,11.540999999997439],[-89.632944905130287,20.964867995334135,12.463499999998021],[-89.63293254139208,20.964867520106271,13.049400000003516],[-89.63290527559306,20.964866473448406,12.829899999996996],[-89.632887526412304,20.964865791630597,12.654899999994086],[-89.632869032759402,20.964865081590681,12.481199999994715],[-89.632794159748826,20.964862205637466,11.734599999996135],[-89.632789558224829,20.964862029366831,11.689199999993434],[-89.632767536465494,20.964861183336389,11.615099999995437],[-89.632632394151585,20.964861359492073,11.677700000000186],[-89.632617944577149,20.964861377832076,11.684899999992922],[-89.632617196767058,20.964861378553632,11.684299999993527],[-89.632617020881312,20.964861379465855,11.684200000003329],[-89.632559570557149,20.964861453756164,11.63980000000447],[-89.632541262773344,20.964861477537408,11.625599999999395],[-89.632541259344023,20.964859251151449,11.625599999999395],[-89.632510358669165,20.964858228997464,11.566600000005565],[-89.63250642984589,20.964858099204225,11.55909999999858],[-89.632463706168807,20.964856687323046,10.240399999995134],[-89.632411811045586,20.964955736916515,12.205900000000838],[-89.632410668947074,20.964957592775562,12.004700000004959]]]},"properties":{"OBJECTID":142,"CATEGORIA":"USOS_DE_PREDIO","CODIGO":3009,"ELEMENTO":"Predios ruinosos o con maleza interior","Z":10.2404003,"Shape_Length":133.1328852731537,"Shape_Area":658.228597138434}},{"type":"Feature","id":143,"geometry":{"type":"Polygon","coordinates":[[[-89.629613153226231,20.964950852912434,14.901599999997416],[-89.630020002577183,20.964998985010695,12.67939999999362],[-89.630066526493209,20.965004489264857,12.425300000002608],[-89.630127657449719,20.965011720875371,12.655799999993178],[-89.630144620511317,20.965013727869742,12.719800000006217],[-89.630209918306761,20.96502145218243,12.966000000000349],[-89.630228685454682,20.965023672377718,13.036800000001676],[-89.630245777585799,20.965025694523316,13.10120000000461],[-89.630276090721878,20.965029281240064,13.215500000005704],[-89.630373421940476,20.965040794964736,14.108200000002398],[-89.630381372531559,20.964964250903218,14.097500000003492],[-89.630286597213569,20.964950923606242,13.28519999999844],[-89.63022061960416,20.964941646070109,13.207200000004377],[-89.630189238544091,20.964937233464653,13.170100000003004],[-89.630107475491471,20.964925735695108,13.073399999993853],[-89.630097619940756,20.964924349380123,13.061700000005658],[-89.629629710140094,20.964858551184776,12.680999999996857],[-89.629623646174352,20.964892359231822,15.389599999994971],[-89.62962324770794,20.964894581893699,15.371100000003935],[-89.629613153226231,20.964950852912434,14.901599999997416]]]},"properties":{"OBJECTID":143,"CATEGORIA":"USOS_DE_PREDIO","CODIGO":3009,"ELEMENTO":"Predios ruinosos o con maleza interior","Z":12.4252996,"Shape_Length":177.69996620524887,"Shape_Area":749.41659505248242}},{"type":"Feature","id":144,"geometry":{"type":"Polygon","coordinates":[[[-89.632410668947074,20.964957592775562,12.004700000004959],[-89.632358335820228,20.965042613350189,12.1762000000017],[-89.632356525459585,20.965045444686051,12.21140000000014],[-89.632451112232232,20.965056615897286,11.872199999997974],[-89.632508350715952,20.965063375906741,11.802500000005239],[-89.632539088531132,20.965067006211619,11.765100000004168],[-89.63254174193807,20.965067142169225,11.764200000005076],[-89.632581173482862,20.965069155639032,11.75010000000475],[-89.632597285328018,20.965069978353689,11.744300000005751],[-89.63262757814077,20.965071525411002,11.733500000002095],[-89.632663712673789,20.965073371319544,11.720600000000559],[-89.63280449483436,20.965080561024887,11.670299999997951],[-89.632825259270618,20.965081621495067,11.662899999995716],[-89.632912212451373,20.965086062266373,11.631800000002841],[-89.632927341064217,20.965086835139481,13.11689999999362],[-89.632933016814022,20.965053405920049,12.736000000004424],[-89.632937108565457,20.965029309607498,12.46140000000014],[-89.632945284994761,20.964981152302947,11.912599999996019],[-89.632858324258663,20.964978307003285,10.94199999999546],[-89.63267611331311,20.96497234350192,11.325299999996787],[-89.632613157231717,20.964970283680067,11.457699999999022],[-89.63260727700505,20.964970091050279,11.470100000005914],[-89.632573761627754,20.964967960883779,11.492800000007264],[-89.63253867195094,20.964965730443513,11.516600000002654],[-89.632503266639276,20.964963479593226,11.540599999992992],[-89.632483103902032,20.964962197613687,11.554300000003423],[-89.632410668947074,20.964957592775562,12.004700000004959]]]},"properties":{"OBJECTID":144,"CATEGORIA":"USOS_DE_PREDIO","CODIGO":3009,"ELEMENTO":"Predios ruinosos o con maleza interior","Z":10.9420004,"Shape_Length":138.39656125384909,"Shape_Area":645.49505606975572}},{"type":"Feature","id":145,"geometry":{"type":"Polygon","coordinates":[[[-89.629598686649501,20.965030885967611,13.900699999998324],[-89.630074585239626,20.965100396200093,13.679300000003423],[-89.630131877804814,20.965108764169567,13.652600000001257],[-89.630138545480534,20.965109737435167,13.649499999999534],[-89.630186685042091,20.965116768718701,13.627099999997881],[-89.630218806357021,20.965121460611961,13.612200000003213],[-89.630262866669682,20.965127895767779,13.591700000004494],[-89.630362804903953,20.965142493122755,14.026700000002165],[-89.630363131661909,20.965139853545175,14.271999999997206],[-89.630373421940476,20.965040794964736,14.108200000002398],[-89.630276090721878,20.965029281240064,13.215500000005704],[-89.630245777585799,20.965025694523316,13.10120000000461],[-89.630228685454682,20.965023672377718,13.036800000001676],[-89.630209918306761,20.96502145218243,12.966000000000349],[-89.630144620511317,20.965013727869742,12.719800000006217],[-89.630127657449719,20.965011720875371,12.655799999993178],[-89.630066526493209,20.965004489264857,12.425300000002608],[-89.630020002577183,20.964998985010695,12.67939999999362],[-89.629613153226231,20.964950852912434,14.901599999997416],[-89.62961017822353,20.964967442765328,14.763200000001234],[-89.629599278060368,20.965028208899636,14.256299999993644],[-89.629598686649501,20.965030885967611,13.900699999998324]]]},"properties":{"OBJECTID":145,"CATEGORIA":"USOS_DE_PREDIO","CODIGO":3009,"ELEMENTO":"Predios ruinosos o con maleza interior","Z":12.4252996,"Shape_Length":180.50395924757464,"Shape_Area":812.80355261298678}},{"type":"Feature","id":146,"geometry":{"type":"Polygon","coordinates":[[[-89.628910169738418,20.965084097914282,13.73399999999674],[-89.629002935515928,20.965095794834859,13.297200000000885],[-89.629015365500678,20.96509736268483,13.288499999995111],[-89.629044776267492,20.96510107098776,13.267999999996391],[-89.629164082074141,20.965116114132165,13.184899999992922],[-89.629180834559179,20.965118226495381,13.173200000004726],[-89.629191340748875,20.965119551359123,13.165900000007241],[-89.629197192073647,20.965120288975374,13.161800000001676],[-89.6292756686655,20.965130184771258,13.302700000000186],[-89.629568631060494,20.96516712407217,13.842799999998533],[-89.629582442308319,20.96510451903071,13.869300000005751],[-89.629486600085784,20.965090868283067,13.312799999999697],[-89.629453286912536,20.965086123318667,13.358800000001793],[-89.629386297295085,20.965076582096479,13.451400000005378],[-89.629375253293503,20.965075009134097,13.466700000004494],[-89.629325174164521,20.965067875733514,13.535900000002584],[-89.629319821277619,20.965067113274593,13.541400000001886],[-89.629279575860494,20.965061381002833,13.58289999999397],[-89.629273997494522,20.965060586810932,13.588600000002771],[-89.629254813819486,20.965057853795368,13.608399999997346],[-89.629207892480238,20.965051170903788,13.656700000006822],[-89.629206238917618,20.965050935497668,13.658400000000256],[-89.629177830565808,20.965046889432458,13.687699999994948],[-89.629142149800956,20.965041807161217,13.724400000006426],[-89.629130278052571,20.965040116042506,13.736600000003818],[-89.629052361055429,20.965029017962603,13.816900000005262],[-89.629014584439531,20.96502363756154,13.85580000000482],[-89.628922488818276,20.965010520040366,14.02379999999539],[-89.628910169738418,20.965084097914282,13.73399999999674]]]},"properties":{"OBJECTID":146,"CATEGORIA":"USOS_DE_PREDIO","CODIGO":3009,"ELEMENTO":"Predios ruinosos o con maleza interior","Z":13.1618004,"Shape_Length":153.91244162220909,"Shape_Area":530.69000409899036}},{"type":"Feature","id":147,"geometry":{"type":"Polygon","coordinates":[[[-89.629564535264933,20.965185691324695,13.834900000001653],[-89.629796102951943,20.965210759996562,12.356100000004517],[-89.629832579055162,20.965214709403224,12.44210000000021],[-89.629929016890927,20.96522514922426,12.669399999998859],[-89.629937424499147,20.965159714068903,10.204700000002049],[-89.630053427191896,20.965172863719019,11.322599999999511],[-89.630056760577247,20.965173242017574,11.354699999996228],[-89.630062418937328,20.965173883268307,11.409199999994598],[-89.630110189012697,20.965179298747255,11.869500000000698],[-89.630175114280988,20.965186658647255,12.495200000004843],[-89.63023791393779,20.96519377777409,13.100399999995716],[-89.630260485754079,20.965196336479714,13.317899999994552],[-89.63026331156334,20.965196656702229,13.345100000005914],[-89.630303216744622,20.965201179646488,13.729699999996228],[-89.630354810447685,20.965207028979382,14.179999999993015],[-89.630362804903953,20.965142493122755,14.026700000002165],[-89.630262866669682,20.965127895767779,13.591700000004494],[-89.630218806357021,20.965121460611961,13.612200000003213],[-89.630186685042091,20.965116768718701,13.627099999997881],[-89.630138545480534,20.965109737435167,13.649499999999534],[-89.630131877804814,20.965108764169567,13.652600000001257],[-89.630074585239626,20.965100396200093,13.679300000003423],[-89.629598686649501,20.965030885967611,13.900699999998324],[-89.629598588729564,20.965031332587024,13.945099999997183],[-89.629593625455911,20.965053828915938,13.89089999999851],[-89.629592404502631,20.965059366017357,13.888500000000931],[-89.629582442308319,20.96510451903071,13.869300000005751],[-89.629568631060494,20.96516712407217,13.842799999998533],[-89.629564535264933,20.965185691324695,13.834900000001653]]]},"properties":{"OBJECTID":147,"CATEGORIA":"USOS_DE_PREDIO","CODIGO":3009,"ELEMENTO":"Predios ruinosos o con maleza interior","Z":10.2047005,"Shape_Length":194.39115506731764,"Shape_Area":973.76377383314627}},{"type":"Feature","id":148,"geometry":{"type":"Polygon","coordinates":[[[-89.628910169738418,20.965084097914282,13.73399999999674],[-89.628897195330097,20.965161590754082,13.772400000001653],[-89.628889834264228,20.965205551562583,14.06359999999404],[-89.62895554854201,20.965216475068758,14.779399999999441],[-89.628970979581297,20.965219039409178,14.771399999997811],[-89.628986799133727,20.965221669078382,14.763200000001234],[-89.629025804308128,20.965228152772379,14.742899999997462],[-89.629093783070815,20.965239452077391,14.707399999999325],[-89.629105201885721,20.965241350621174,14.701400000005378],[-89.629124778226185,20.965244604859929,14.691200000001118],[-89.62912550317084,20.965244725489178,14.690799999996671],[-89.629204440915771,20.965257846420748,14.649699999994482],[-89.62925018460173,20.965265450338606,14.625899999999092],[-89.629362105321576,20.965284053507979,14.567500000004657],[-89.629389201023869,20.965288557682626,14.553400000004331],[-89.629395404487497,20.965289588701737,14.550199999997858],[-89.62941526232035,20.965292889121198,14.53979999999865],[-89.629480254604729,20.965303692646742,14.505900000003749],[-89.629536442494214,20.965313032182014,14.476599999994505],[-89.629546149016633,20.965269032451733,13.799400000003516],[-89.62955016198417,20.965250840260225,13.807199999995646],[-89.629551409747179,20.965245187179548,13.809599999993225],[-89.629564535264933,20.965185691324695,13.834900000001653],[-89.629568631060494,20.96516712407217,13.842799999998533],[-89.6292756686655,20.965130184771258,13.302700000000186],[-89.629197192073647,20.965120288975374,13.161800000001676],[-89.629191340748875,20.965119551359123,13.165900000007241],[-89.629180834559179,20.965118226495381,13.173200000004726],[-89.629164082074141,20.965116114132165,13.184899999992922],[-89.629044776267492,20.96510107098776,13.267999999996391],[-89.629015365500678,20.96509736268483,13.288499999995111],[-89.629002935515928,20.965095794834859,13.297200000000885],[-89.628910169738418,20.965084097914282,13.73399999999674]]]},"properties":{"OBJECTID":148,"CATEGORIA":"USOS_DE_PREDIO","CODIGO":3009,"ELEMENTO":"Predios ruinosos o con maleza interior","Z":13.1618004,"Shape_Length":167.57665846707621,"Shape_Area":1034.258618756375}},{"type":"Feature","id":149,"geometry":{"type":"Polygon","coordinates":[[[-89.631834197755666,20.965187368235675,14.037700000000768],[-89.631831751066954,20.965190090220407,14.05000000000291],[-89.6318623296103,20.965208063149181,10.307000000000698],[-89.631871221030238,20.965213288745808,10.453999999997905],[-89.631901714133434,20.96523121242668,10.958199999993667],[-89.631926851010988,20.965245987533031,11.37390000000596],[-89.631929612150245,20.965247609740135,11.419599999993807],[-89.631937767410463,20.965252403404147,11.55439999999362],[-89.631955876603044,20.965263047271257,11.853900000001886],[-89.632003501882593,20.965291040326647,12.641399999993155],[-89.632003855400356,20.965291247938676,12.647299999996903],[-89.632043237050254,20.965314395417906,13.771200000002864],[-89.632098176798834,20.965231928546814,13.900399999998626],[-89.632098540196878,20.965231383025237,13.549700000003213],[-89.632053972243924,20.965215283916738,12.365999999994528],[-89.632037477273201,20.965209325313644,12.103099999992992],[-89.632011244157482,20.965199848860145,11.685100000002421],[-89.631968391309542,20.965184369673871,11.002200000002631],[-89.631925020929103,20.965168702551864,13.936900000000605],[-89.631918034845853,20.965166178658066,14.409599999999045],[-89.63187889726359,20.965137643650916,13.812699999994948],[-89.631834197755666,20.965187368235675,14.037700000000768]]]},"properties":{"OBJECTID":149,"CATEGORIA":"USOS_DE_PREDIO","CODIGO":3009,"ELEMENTO":"Predios ruinosos o con maleza interior","Z":10.3070002,"Shape_Length":69.687149304380313,"Shape_Area":217.67167751731458}},{"type":"Feature","id":150,"geometry":{"type":"Polygon","coordinates":[[[-89.629519914883574,20.965387948059085,12.574699999997392],[-89.629986247280357,20.965438432144808,11.739600000000792],[-89.630022829366183,20.965442392508958,11.821200000005774],[-89.630152874598323,20.965456470102605,12.111399999994319],[-89.6301803915797,20.965459449038825,12.172800000000279],[-89.630275907948885,20.965469789112937,12.385899999993853],[-89.630321647609804,20.965474741106764,13.293399999995017],[-89.630330485149784,20.965403399148546,14.146099999998114],[-89.629964016650135,20.965364129929043,14.677299999995739],[-89.629934142731301,20.965360928221155,14.667199999996228],[-89.629868970217387,20.965353944931074,14.645199999999022],[-89.629778277610924,20.965344226258942,13.98519999999553],[-89.629594162260346,20.965324496850194,12.645199999999022],[-89.629535304290314,20.965318189709386,13.778500000000349],[-89.629519914883574,20.965387948059085,12.574699999997392]]]},"properties":{"OBJECTID":150,"CATEGORIA":"USOS_DE_PREDIO","CODIGO":3009,"ELEMENTO":"Predios ruinosos o con maleza interior","Z":11.7396002,"Shape_Length":183.09376015011179,"Shape_Area":661.27923425466145}},{"type":"Feature","id":151,"geometry":{"type":"Polygon","coordinates":[[[-89.629503474518131,20.965462467137964,12.354399999996531],[-89.629541237491992,20.965466951093124,10.500700000004144],[-89.629575386457319,20.96547100508667,10.475200000000768],[-89.629655942314031,20.965480568845422,10.414999999993597],[-89.629841015056186,20.96550254052929,10.276800000006915],[-89.629928093842722,20.965512878328976,10.211800000004587],[-89.629950030184901,20.965515482996256,10.387400000006892],[-89.630053087805877,20.965527717434639,11.212199999994482],[-89.630059158008976,20.965528438097419,11.260800000003655],[-89.630242811032772,20.965550240748168,12.730500000005122],[-89.630264731958391,20.965552842903261,12.905899999997928],[-89.630309287570867,20.965558132790051,13.26249999999709],[-89.630311288171768,20.965558370049429,13.460999999995693],[-89.630321647609804,20.965474741106764,13.293399999995017],[-89.630275907948885,20.965469789112937,12.385899999993853],[-89.6301803915797,20.965459449038825,12.172800000000279],[-89.630152874598323,20.965456470102605,12.111399999994319],[-89.630022829366183,20.965442392508958,11.821200000005774],[-89.629986247280357,20.965438432144808,11.739600000000792],[-89.629519914883574,20.965387948059085,12.574699999997392],[-89.629519821373293,20.965388372039023,12.567399999999907],[-89.629515688980348,20.965407100564324,12.47960000000603],[-89.629504577111945,20.965457471771547,12.243300000001909],[-89.629503474518131,20.965462467137964,12.354399999996531]]]},"properties":{"OBJECTID":151,"CATEGORIA":"USOS_DE_PREDIO","CODIGO":3009,"ELEMENTO":"Predios ruinosos o con maleza interior","Z":10.2117996,"Shape_Length":186.4489902711467,"Shape_Area":747.58696921456556}},{"type":"Feature","id":152,"geometry":{"type":"Polygon","coordinates":[[[-89.629490152004095,20.965531143562753,12.881699999998091],[-89.629785235345039,20.965578173399329,11.492400000002817],[-89.629794240161246,20.965579608975524,11.511499999993248],[-89.629804750590353,20.965581284040493,11.533800000004703],[-89.629821676773787,20.965583981412731,11.601500000004307],[-89.629923092211513,20.965600144322195,12.007299999997485],[-89.630169315325887,20.965639386724956,12.992499999993015],[-89.630180160239959,20.96564111528745,13.035900000002584],[-89.630198806042358,20.96564408672257,13.110499999995227],[-89.630207199736589,20.965645424271514,13.144100000004983],[-89.630260344736769,20.965653895035537,13.356700000003912],[-89.630293502158494,20.965659179431551,13.458700000002864],[-89.630309653797767,20.965567635107409,13.469599999996717],[-89.630311288171768,20.965558370049429,13.460999999995693],[-89.630309287570867,20.965558132790051,13.26249999999709],[-89.630264731958391,20.965552842903261,12.905899999997928],[-89.630242811032772,20.965550240748168,12.730500000005122],[-89.630059158008976,20.965528438097419,11.260800000003655],[-89.630053087805877,20.965527717434639,11.212199999994482],[-89.629950030184901,20.965515482996256,10.387400000006892],[-89.629928093842722,20.965512878328976,10.211800000004587],[-89.629841015056186,20.96550254052929,10.276800000006915],[-89.629655942314031,20.965480568845422,10.414999999993597],[-89.629575386457319,20.96547100508667,10.475200000000768],[-89.629541237491992,20.965466951093124,10.500700000004144],[-89.629503474518131,20.965462467137964,12.354399999996531],[-89.629497990356853,20.965490738949722,12.571500000005472],[-89.629490152004095,20.965531143562753,12.881699999998091]]]},"properties":{"OBJECTID":152,"CATEGORIA":"USOS_DE_PREDIO","CODIGO":3009,"ELEMENTO":"Predios ruinosos o con maleza interior","Z":10.2117996,"Shape_Length":188.55534570867471,"Shape_Area":806.91446794315777}},{"type":"Feature","id":153,"geometry":{"type":"Polygon","coordinates":[[[-89.633177935947472,20.965599337673297,13.949399999997695],[-89.633216063203974,20.965601238422547,13.949399999997695],[-89.633217893029439,20.96560132931597,13.949399999997695],[-89.633225876549517,20.965603230114432,13.933099999994738],[-89.633266363662329,20.965612870657235,13.850699999995413],[-89.633305934837182,20.965620980564847,13.658599999995204],[-89.633315772651315,20.96562299715298,13.678299999999581],[-89.633330118184702,20.965530628331361,13.669999999998254],[-89.633330450767971,20.965528488843805,13.673399999999674],[-89.633328002934775,20.965528346110279,13.6762000000017],[-89.633326881021773,20.965528281292475,13.677500000005239],[-89.63327616753439,20.965525332786999,13.735000000000582],[-89.633226269020085,20.965522431257675,13.791599999996834],[-89.633192468036682,20.965520465445028,13.829899999996996],[-89.63318972192782,20.965520305651328,13.832999999998719],[-89.633138636076808,20.965517335774177,13.89100000000326],[-89.633137800892243,20.965517287288982,13.891900000002352],[-89.633098357592587,20.965514993353839,13.936600000000908],[-89.633090960232167,20.96551456326689,13.945000000006985],[-89.633088990939001,20.965514412230686,13.927200000005541],[-89.63306538158642,20.965512603063242,13.713399999993271],[-89.633039078187124,20.965510588148909,13.475200000000768],[-89.63302416124904,20.965509445459354,13.340100000001257],[-89.633015951048378,20.965508815761357,13.26579999999376],[-89.632952356258087,20.965503943635678,12.689899999997579],[-89.632900094021281,20.9654999391392,12.216599999999744],[-89.632800802351696,20.965493902318372,12.047200000000885],[-89.632704704347674,20.965488058952488,11.883300000001327],[-89.632703772893677,20.965488002021466,13.437300000005052],[-89.632584753359708,20.96548076488294,12.080100000006496],[-89.632579679458445,20.965480455965569,12.022200000006706],[-89.632545045383608,20.96546972534626,12.127800000002026],[-89.632478549044151,20.965449122302672,12.330600000001141],[-89.632461564478078,20.96544386018806,12.382400000002235],[-89.632405586444492,20.965428508999622,15.115000000005239],[-89.632401779616131,20.965427607185415,15.114300000001094],[-89.632380136588438,20.965508212592955,14.71809999999823],[-89.632394561686709,20.965514696100499,14.584400000007008],[-89.632408651576242,20.965521029495392,14.453800000002957],[-89.632463668320298,20.965545759036569,13.943700000003446],[-89.632484357006604,20.965555058356603,13.751900000002934],[-89.632556856198377,20.965585594829196,13.380699999994249],[-89.632652531186608,20.965625892312747,12.89089999999851],[-89.632667638577999,20.965632255102879,12.81359999999404],[-89.632681707721261,20.965631531181874,12.852400000003399],[-89.632703111072246,20.965630430284847,12.911500000001979],[-89.633055358185899,20.965612307575292,13.883300000001327],[-89.633079313173141,20.965611075102423,13.949399999997695],[-89.633084537844198,20.965610278386443,13.949399999997695],[-89.633116324013798,20.965605433532509,13.949399999997695],[-89.633125807864943,20.965596737822842,13.949399999997695],[-89.633177935947472,20.965599337673297,13.949399999997695]]]},"properties":{"OBJECTID":153,"CATEGORIA":"USOS_DE_PREDIO","CODIGO":3009,"ELEMENTO":"Predios ruinosos o con maleza interior","Z":11.8832998,"Shape_Length":218.66625963098807,"Shape_Area":1179.9824439657621}},{"type":"Feature","id":154,"geometry":{"type":"Polygon","coordinates":[[[-89.629490152004095,20.965531143562753,12.881699999998091],[-89.629488138203826,20.965541524986691,12.96140000000014],[-89.629484524056977,20.965560152518467,13.104399999996531],[-89.629469784576884,20.965636129638426,13.687699999994948],[-89.629480261522517,20.965638692747682,13.178799999994226],[-89.629481957633587,20.965639107162108,13.177999999999884],[-89.629527068425205,20.965650141683316,13.156499999997322],[-89.62972332790379,20.965698146199589,13.062799999999697],[-89.629742138719806,20.965702747501169,13.053799999994226],[-89.629751446629072,20.965705024376224,13.049400000003516],[-89.629777255262809,20.965711336906132,13.037100000001374],[-89.629786496566666,20.965713597653071,13.032699999996112],[-89.62988376623602,20.96573738960387,12.986099999994622],[-89.62991142640098,20.965744153848927,12.972899999993388],[-89.630003552718648,20.965766687998606,12.928899999998976],[-89.630037721311439,20.965775045501847,12.912599999996019],[-89.630070027734646,20.965782946913393,12.897200000006706],[-89.630075632573991,20.965784318495214,12.894499999994878],[-89.630121345790826,20.965795498841214,12.872700000007171],[-89.630199207170591,20.965814544180592,13.067699999999604],[-89.630263323870579,20.965830226387478,13.339000000007218],[-89.630265437482237,20.965818246266593,13.3978000000061],[-89.630279193938193,20.965740277243196,13.420199999993201],[-89.630280186517965,20.965734654282269,13.421799999996438],[-89.630293502158494,20.965659179431551,13.458700000002864],[-89.630260344736769,20.965653895035537,13.356700000003912],[-89.630207199736589,20.965645424271514,13.144100000004983],[-89.630198806042358,20.96564408672257,13.110499999995227],[-89.630180160239959,20.96564111528745,13.035900000002584],[-89.630169315325887,20.965639386724956,12.992499999993015],[-89.629923092211513,20.965600144322195,12.007299999997485],[-89.629821676773787,20.965583981412731,11.601500000004307],[-89.629804750590353,20.965581284040493,11.533800000004703],[-89.629794240161246,20.965579608975524,11.511499999993248],[-89.629785235345039,20.965578173399329,11.492400000002817],[-89.629490152004095,20.965531143562753,12.881699999998091]]]},"properties":{"OBJECTID":154,"CATEGORIA":"USOS_DE_PREDIO","CODIGO":3009,"ELEMENTO":"Predios ruinosos o con maleza interior","Z":11.4924002,"Shape_Length":201.12996364000355,"Shape_Area":1317.066941352319}},{"type":"Feature","id":155,"geometry":{"type":"Polygon","coordinates":[[[-89.63250547045584,20.965831066022218,11.118100000006962],[-89.632534906999396,20.965848474115866,11.076400000005378],[-89.632624091398398,20.965844615788097,11.519000000000233],[-89.632654322812826,20.965843307144365,11.668999999994412],[-89.632707510250427,20.96583844401955,11.646500000002561],[-89.632707286859571,20.965827885883058,10.840500000005704],[-89.632706201665442,20.965776579001936,10.889899999994668],[-89.632705066164846,20.96572289387699,11.925900000002002],[-89.632673815988454,20.965713727104728,11.825899999996182],[-89.632616549464743,20.965696929673797,11.850600000005215],[-89.632492057429474,20.965655934460639,11.886700000002747],[-89.632446324257288,20.965640874604837,11.899999999994179],[-89.632444078980228,20.96563972926889,11.917199999996228],[-89.632406782166939,20.965620703714645,12.20329999999376],[-89.632335263063638,20.965584219376304,12.751900000002934],[-89.632319012693586,20.965575929467143,12.876499999998487],[-89.632313864576005,20.965573304061419,12.915999999997439],[-89.632311656149113,20.965572177114087,12.93289999999979],[-89.632293749917267,20.96556269754565,13.062699999994948],[-89.63228207244866,20.96555651556271,13.147400000001653],[-89.632256132866672,20.965542783076906,13.335500000001048],[-89.632255651648137,20.96554252868447,13.339000000007218],[-89.632238744723921,20.965533577187557,13.461599999995087],[-89.63214756232199,20.965485304648158,14.122799999997369],[-89.632093735981329,20.965456807953586,12.274000000004889],[-89.632027198679737,20.965560164591597,10.842000000004191],[-89.632026160495457,20.965562520830531,11.447299999999814],[-89.632039539391755,20.965567719519218,12.773000000001048],[-89.63207403575008,20.965581124820059,13.124700000000303],[-89.632095815186531,20.965589588447816,13.346799999999348],[-89.632108498227495,20.965594516191107,13.47609999999986],[-89.632110229557313,20.965595569255584,13.448300000003655],[-89.632110715330967,20.965595864206513,13.440499999996973],[-89.6321228239118,20.965603226794457,13.245800000004238],[-89.632134494312737,20.965610322586588,13.058199999999488],[-89.632139644554414,20.965613453563652,12.975399999995716],[-89.632144419788759,20.965616357398112,12.898600000000442],[-89.632160250407026,20.965625981908882,12.64419999999518],[-89.632205277452769,20.965653358662081,11.920499999992899],[-89.632214111844789,20.965658728672086,11.778500000000349],[-89.632216026804429,20.965659893560616,11.747700000007171],[-89.632231822678165,20.965669235104368,11.617499999993015],[-89.632257104051519,20.965684186684264,11.409199999994598],[-89.632278951945295,20.965697106620958,11.229200000001583],[-89.632295775442572,20.965707056152258,11.220900000000256],[-89.63250547045584,20.965831066022218,11.118100000006962]]]},"properties":{"OBJECTID":155,"CATEGORIA":"USOS_DE_PREDIO","CODIGO":3009,"ELEMENTO":"Predios ruinosos o con maleza interior","Z":10.8404999,"Shape_Length":176.6604802446297,"Shape_Area":1089.0031272359122}},{"type":"Feature","id":156,"geometry":{"type":"Polygon","coordinates":[[[-89.632502043622551,20.965852299036271,11.190300000002026],[-89.632208417007377,20.965738443916347,14.708899999997811],[-89.63219072966838,20.965731584651518,14.681200000006356],[-89.632140806253915,20.965712226862578,14.602899999998044],[-89.632113880417336,20.965701786053877,14.560700000001816],[-89.63210676626754,20.965699086286818,14.458899999997811],[-89.632104580353442,20.965698256931006,14.427599999995437],[-89.632027120160402,20.965668863180515,13.319600000002538],[-89.631986158679879,20.965653319578909,11.755099999994854],[-89.631969905611825,20.965690214843335,12.384900000004563],[-89.632016896509157,20.965708046122256,14.107699999993201],[-89.632088658235986,20.965735277102208,13.83289999999397],[-89.632107108392532,20.96574227898034,13.762300000002142],[-89.632134971824755,20.965752852468359,13.65559999999823],[-89.632147848314844,20.965757738395652,13.606299999999464],[-89.632165887208117,20.965764583204511,13.537200000006123],[-89.632283498133432,20.965809213334833,13.086899999994785],[-89.632327648074096,20.965825966169771,12.917799999995623],[-89.632374803563422,20.965843860706933,12.737200000003213],[-89.632495983275319,20.965889843986261,12.273199999995995],[-89.632502043622551,20.965852299036271,11.190300000002026]]]},"properties":{"OBJECTID":156,"CATEGORIA":"USOS_DE_PREDIO","CODIGO":3009,"ELEMENTO":"Predios ruinosos o con maleza interior","Z":11.1903,"Shape_Length":125.69254668827757,"Shape_Area":251.49607748308836}},{"type":"Feature","id":157,"geometry":{"type":"Polygon","coordinates":[[[-89.617640342161209,20.966091976379236,13.895699999993667],[-89.617659555474418,20.966095855990339,13.588000000003376],[-89.617699588188188,20.966103939031633,13.588000000003376],[-89.617720532041474,20.966108168537811,13.588000000003376],[-89.617730150278362,20.966110110869568,13.588000000003376],[-89.617813981611306,20.966127037934619,13.865900000004331],[-89.617839355919131,20.966017701433792,14.145600000003469],[-89.617780968361657,20.966003259016688,14.427400000000489],[-89.617751956562444,20.965996082855618,14.426900000005844],[-89.617735624159948,20.965992043419387,14.426900000005844],[-89.617727841209202,20.965990118029353,14.426900000005844],[-89.617709897575253,20.965985679906282,14.426900000005844],[-89.617670682612086,20.965975979912884,14.426900000005844],[-89.617622341848161,20.965964022129111,14.426900000005844],[-89.617610358523905,20.965961058878708,14.426900000005844],[-89.617554302402837,20.965947192697154,14.426900000005844],[-89.617547780252039,20.965945579276788,14.426900000005844],[-89.617542639584755,20.965944308483376,14.426900000005844],[-89.617543284875637,20.965942008006571,14.426900000005844],[-89.617544160042328,20.96593888781015,14.426900000005844],[-89.617540425725522,20.965938173240147,14.426900000005844],[-89.617479531807419,20.965926517537181,14.426900000005844],[-89.617450223363178,20.965920906928911,14.426900000005844],[-89.617443219584743,20.965919566345768,14.426900000005844],[-89.617410622641813,20.966045590337977,14.426900000005844],[-89.617475133553029,20.966058617010841,14.987999999997555],[-89.617553358473018,20.966074412388448,13.588000000003376],[-89.617621644917577,20.966088200791148,13.588000000003376],[-89.617640342161209,20.966091976379236,13.895699999993667]]]},"properties":{"OBJECTID":157,"CATEGORIA":"USOS_DE_PREDIO","CODIGO":3009,"ELEMENTO":"Predios ruinosos o con maleza interior","Z":13.5880003,"Shape_Length":112.95415948510583,"Shape_Area":575.26197774763193}},{"type":"Feature","id":158,"geometry":{"type":"Polygon","coordinates":[[[-89.627670019270596,20.965954798803089,13.656000000002678],[-89.627669866876062,20.965955483713543,13.659499999994296],[-89.627665493948228,20.965975147673536,13.760800000003655],[-89.627659982116128,20.965999933050732,13.888600000005681],[-89.627659764652563,20.966000909684766,13.893599999995786],[-89.62765771229499,20.966010137842044,13.941200000001118],[-89.627648593897646,20.966051139084719,14.417300000000978],[-89.627672797626218,20.966055986074654,14.560899999996764],[-89.627708771419066,20.966063191247873,14.577600000004168],[-89.627803263625637,20.96608211569891,14.621299999998882],[-89.627803780642992,20.966082218775174,14.62149999999383],[-89.627868039405541,20.966095088210594,14.796799999996438],[-89.62787840048982,20.966055619803001,15.559299999993527],[-89.627898402529354,20.965979422528836,16.469599999996717],[-89.627879405242652,20.965975041486146,15.753700000001118],[-89.627845772954529,20.965967283794907,16.232999999992899],[-89.627781338111092,20.965952421748142,17.151400000002468],[-89.627761202947269,20.965947777454961,17.438399999999092],[-89.627740393647457,20.96594371958043,17.44199999999546],[-89.627724471503043,20.965940613771352,17.444799999997485],[-89.627699018080804,20.96593564973184,17.449299999992945],[-89.627698258033547,20.965935500746731,17.449399999997695],[-89.627695838078864,20.965935028862198,17.449900000006892],[-89.627675306548767,20.965931024477737,17.45350000000326],[-89.627670019270596,20.965954798803089,13.656000000002678]]]},"properties":{"OBJECTID":158,"CATEGORIA":"USOS_DE_PREDIO","CODIGO":3009,"ELEMENTO":"Predios ruinosos o con maleza interior","Z":13.6560001,"Shape_Length":73.963044074928405,"Shape_Area":318.2661826072453}},{"type":"Feature","id":159,"geometry":{"type":"Polygon","coordinates":[[[-89.632473464916373,20.966029353410196,9.8892000000050757],[-89.632472895143664,20.966032878832376,9.9079000000056112],[-89.6327090900228,20.966014290190778,10.183300000004238],[-89.632842341786244,20.966003803613098,10.355299999995623],[-89.632896940804585,20.965998912288683,10.774199999999837],[-89.632893122478848,20.965961305130708,8.9685999999928754],[-89.632888191350318,20.965912740076099,10.727100000003702],[-89.632908904813533,20.965910884191679,10.793699999994715],[-89.633045129232471,20.965898681241363,11.232000000003609],[-89.633082513389766,20.965888721871661,11.421300000001793],[-89.633084139870633,20.965888288642407,11.42949999999837],[-89.633085918156112,20.96588768694167,11.44210000000021],[-89.633115618648333,20.965877635960467,11.652000000001863],[-89.633123407359378,20.965875000223615,11.707099999999627],[-89.633151667826596,20.965865436464004,11.90690000000177],[-89.633155928411142,20.965866286103708,12.012000000002445],[-89.63320297709717,20.965875665430278,13.172600000005332],[-89.63324642787876,20.965884327513781,14.244399999995949],[-89.63325445517313,20.965885927885306,14.091799999994691],[-89.633275598746152,20.965795275042677,13.949200000002747],[-89.633266975391763,20.965793394069053,13.878899999996065],[-89.633224126827884,20.965784045539539,13.82050000000163],[-89.63317884574883,20.965774166702264,13.758700000005774],[-89.633176411291828,20.965773635532948,13.755399999994552],[-89.633143416105341,20.965785296675993,12.86019999999553],[-89.633092681927522,20.965803228748122,11.483800000001793],[-89.632966052101736,20.965814806732766,11.537299999996321],[-89.632922576646408,20.965818781301731,11.555699999997159],[-89.632707510250427,20.96583844401955,11.646500000002561],[-89.632654322812826,20.965843307144365,11.668999999994412],[-89.632624091398398,20.965844615788097,11.519000000000233],[-89.632534906999396,20.965848474115866,11.076400000005378],[-89.63250547045584,20.965831066022218,11.118100000006962],[-89.632502043622551,20.965852299036271,11.190300000002026],[-89.632495983275319,20.965889843986261,12.273199999995995],[-89.632483810545651,20.965965256106244,10.207399999999325],[-89.632473464916373,20.966029353410196,9.8892000000050757]]]},"properties":{"OBJECTID":159,"CATEGORIA":"USOS_DE_PREDIO","CODIGO":3009,"ELEMENTO":"Predios ruinosos o con maleza interior","Z":8.96860027,"Shape_Length":207.57343986343099,"Shape_Area":1218.5455968047861}},{"type":"Feature","id":160,"geometry":{"type":"Polygon","coordinates":[[[-89.631886509052208,20.965879516429204,12.796000000002095],[-89.631931516543716,20.965896662405264,13.670400000002701],[-89.631934586011468,20.9658978320317,13.661699999996927],[-89.631973358793019,20.965912603205449,13.551399999996647],[-89.631976315038841,20.965913729437606,13.533100000000559],[-89.63197830846039,20.965914489540406,13.520799999998417],[-89.632024631049831,20.965932137021859,13.23420000000624],[-89.632462245976996,20.966098854249321,10.526700000002165],[-89.632472895143664,20.966032878832376,9.9079000000056112],[-89.632473464916373,20.966029353410196,9.8892000000050757],[-89.632462195366628,20.966024895912177,9.9220000000059372],[-89.632193027474926,20.965918443643094,12.752200000002631],[-89.632152396985163,20.965902374931275,13.17939999999362],[-89.632116322503236,20.965888107433738,13.558699999994133],[-89.632107602504988,20.965884659635272,13.650399999998626],[-89.632100993516616,20.965882045057832,13.658400000000256],[-89.632080875249287,20.965874088453418,13.682799999995041],[-89.632069206960168,20.965869474573992,13.696899999995367],[-89.63206068149168,20.965866102315736,13.707200000004377],[-89.63205571509053,20.96586413859616,13.713199999998324],[-89.632033782935125,20.965855464252705,13.739799999995739],[-89.632000625808473,20.965842351549036,13.779999999998836],[-89.631961629196923,20.965826928365647,13.82730000000447],[-89.631917385493523,20.965809430219679,12.611000000004424],[-89.631886509052208,20.965879516429204,12.796000000002095]]]},"properties":{"OBJECTID":160,"CATEGORIA":"USOS_DE_PREDIO","CODIGO":3009,"ELEMENTO":"Predios ruinosos o con maleza interior","Z":9.88920021,"Shape_Length":143.61270913035025,"Shape_Area":508.52037849683148}},{"type":"Feature","id":161,"geometry":{"type":"Polygon","coordinates":[[[-89.61946566684145,20.96581424759793,15.03530000000319],[-89.619464305995166,20.965820825101915,15.024099999995087],[-89.619455906695123,20.965861411469593,14.955199999996694],[-89.619446724659767,20.965905786541725,14.879799999995157],[-89.619435542415275,20.965959819580053,14.788000000000466],[-89.619418973520084,20.966039889097008,14.652000000001863],[-89.619417065592913,20.96604910595088,14.63640000000305],[-89.619410140689709,20.966082571351055,14.579599999997299],[-89.619407889685718,20.966093447522109,14.561100000006263],[-89.619400044531943,20.96613136012132,14.496700000003329],[-89.619397320136827,20.966144526004779,14.474300000001676],[-89.619386453528321,20.966197036478636,14.721799999999348],[-89.619382556180383,20.966215868698143,14.353099999992992],[-89.619376636657535,20.966244477496318,14.30449999999837],[-89.619376429141624,20.96624547654319,14.302800000004936],[-89.619362496842356,20.96631280496668,14.924400000003516],[-89.619398928920276,20.966319510115536,14.84780000000319],[-89.619407310815774,20.966321053334322,14.830100000006496],[-89.619407659898641,20.966321117487116,14.829400000002352],[-89.619434722635248,20.96632609867131,14.772500000006403],[-89.619445099702475,20.966328008468896,14.750700000004144],[-89.619453341770168,20.96632952584666,14.899600000004284],[-89.619458345632964,20.966330446567198,14.72280000000319],[-89.619501100782543,20.966338315764489,14.63289999999688],[-89.619540727673879,20.966345609176333,14.549499999993714],[-89.619545227414761,20.96631915025111,13.982799999997951],[-89.619566591747784,20.966193522641024,14.483500000002095],[-89.619568570883203,20.966181884120115,14.529899999994086],[-89.619574966955525,20.966144275492081,14.679799999998068],[-89.619587093789534,20.966072966118492,14.964000000007218],[-89.619597360014566,20.966012595531257,15.204599999997299],[-89.619600088129772,20.965996555781473,15.268500000005588],[-89.61962522064708,20.96584877179199,15.857499999998254],[-89.619634603709855,20.965793598111169,15.988100000002305],[-89.619476199142312,20.965763350258619,15.416400000001886],[-89.61946566684145,20.96581424759793,15.03530000000319]]]},"properties":{"OBJECTID":161,"CATEGORIA":"USOS_DE_PREDIO","CODIGO":3009,"ELEMENTO":"Predios ruinosos o con maleza interior","Z":13.9827995,"Shape_Length":159.64380097537003,"Shape_Area":1106.1272718198641}},{"type":"Feature","id":162,"geometry":{"type":"Polygon","coordinates":[[[-89.631847868856681,20.96596722531854,12.694699999992736],[-89.631892898772392,20.965985430907644,12.259099999995669],[-89.631893458316441,20.965985657005309,12.253599999996368],[-89.631932184146379,20.966001313709569,11.873600000006263],[-89.631936778637595,20.966003172127191,11.82850000000326],[-89.631978298321471,20.966019957561556,10.774999999994179],[-89.632017115131006,20.966019895946534,10.856199999994715],[-89.632324095345936,20.966115083452681,9.7945000000036089],[-89.632453166302199,20.966155106049015,10.556400000001304],[-89.632462245976996,20.966098854249321,10.526700000002165],[-89.632024631049831,20.965932137021859,13.23420000000624],[-89.63197830846039,20.965914489540406,13.520799999998417],[-89.631976315038841,20.965913729437606,13.533100000000559],[-89.631973358793019,20.965912603205449,13.551399999996647],[-89.631934586011468,20.9658978320317,13.661699999996927],[-89.631931516543716,20.965896662405264,13.670400000002701],[-89.631886509052208,20.965879516429204,12.796000000002095],[-89.631850253977817,20.965961810165442,12.669200000003912],[-89.631847868856681,20.96596722531854,12.694699999992736]]]},"properties":{"OBJECTID":162,"CATEGORIA":"USOS_DE_PREDIO","CODIGO":3009,"ELEMENTO":"Predios ruinosos o con maleza interior","Z":9.79450035,"Shape_Length":148.0543944064124,"Shape_Area":558.23301170334787}},{"type":"Feature","id":163,"geometry":{"type":"Polygon","coordinates":[[[-89.625466780166093,20.966149727114797,13.841199999995297],[-89.625453569180351,20.96620882956962,16.229399999996531],[-89.625544816582263,20.966226343574476,16.080799999996088],[-89.625573644235345,20.966231876197583,15.619500000000698],[-89.625610311019187,20.96623891404256,15.433199999999488],[-89.62561040940038,20.96623893329199,15.432700000004843],[-89.625628858483367,20.966242691942814,15.181800000005751],[-89.625659750702894,20.966248986342574,16.213799999997718],[-89.625679851300376,20.966253082482069,16.885299999994459],[-89.625689248998768,20.966254997054982,17.199299999992945],[-89.625781538844976,20.966273801295841,13.37159999999858],[-89.625815246997277,20.966122551405043,13.401199999992969],[-89.625832765879665,20.966125995732067,13.466499999994994],[-89.625862975188383,20.966131935867931,13.578999999997905],[-89.625889874232826,20.966019324900376,14.030400000003283],[-89.625905394109367,20.965954348056094,14.290900000007241],[-89.625919743343346,20.965894275522569,14.531700000006822],[-89.625921673567447,20.965886193180271,14.564100000003236],[-89.625930283096608,20.965850149298891,14.708599999998114],[-89.625931829089893,20.965843677257617,14.734500000005937],[-89.625944762177241,20.965789532145415,12.381800000002841],[-89.625921330928094,20.965784661256045,11.576900000000023],[-89.625885554095717,20.965777224231342,11.838799999997718],[-89.625633240948375,20.96572477662103,13.685700000001816],[-89.625553950262656,20.965708295414441,14.900599999993574],[-89.625538219232979,20.965768731408847,15.738899999996647],[-89.625538111123191,20.965769145681161,15.735899999999674],[-89.625529786196978,20.965801127720361,15.50789999999688],[-89.625529282666449,20.965803062179887,15.494099999996251],[-89.625509664784929,20.965878429955236,14.95690000000468],[-89.625502337932431,20.965906579327669,14.756299999993644],[-89.625487411260167,20.965963925080118,14.347500000003492],[-89.62550715516349,20.965968459210277,14.347500000003492],[-89.625492997385081,20.966006266097803,13.963799999997718],[-89.625477136887795,20.966048618031223,13.5341000000044],[-89.625475990739901,20.966051678327084,13.502999999996973],[-89.625487822484743,20.966055587733607,13.63640000000305],[-89.625486247115049,20.96606263534601,13.651800000006915],[-89.62548612048117,20.966063199778262,13.653000000005704],[-89.625485835236091,20.966064479010015,13.655799999993178],[-89.625466780166093,20.966149727114797,13.841199999995297]]]},"properties":{"OBJECTID":163,"CATEGORIA":"USOS_DE_PREDIO","CODIGO":3009,"ELEMENTO":"Predios ruinosos o con maleza interior","Z":11.5768995,"Shape_Length":197.27559653685859,"Shape_Area":2220.8593150079382}},{"type":"Feature","id":164,"geometry":{"type":"Polygon","coordinates":[[[-89.631847868856681,20.96596722531854,12.694699999992736],[-89.631844755218111,20.965974292213442,12.720900000000256],[-89.631843556597403,20.965981045124,12.720600000000559],[-89.631820489694363,20.966110946685333,12.768599999995786],[-89.631868401458831,20.966118452264883,12.829199999992852],[-89.631912951281265,20.966125431943791,12.784799999993993],[-89.631914046669195,20.966119261163435,12.698000000003958],[-89.631915406360861,20.966111606520961,12.657200000001467],[-89.631921040148754,20.966112489147623,10.48399999999674],[-89.631932106267556,20.966114222301467,10.48399999999674],[-89.63193409329088,20.966103035028155,10.637600000001839],[-89.631935292821311,20.966096279394677,14.791100000002189],[-89.631960405468405,20.966100001206868,14.767699999996694],[-89.631969029805276,20.966101279124615,14.759699999995064],[-89.631969553108206,20.966101356810888,14.759200000000419],[-89.632042666805063,20.966112193637862,14.691200000001118],[-89.632075197225745,20.96611701516543,14.660900000002584],[-89.632077689413265,20.966117384750319,14.636499999993248],[-89.632142665457337,20.966127015552601,14.000199999994948],[-89.632450339451665,20.96617261815717,10.987099999998463],[-89.632453166302199,20.966155106049015,10.556400000001304],[-89.632324095345936,20.966115083452681,9.7945000000036089],[-89.632017115131006,20.966019895946534,10.856199999994715],[-89.631978298321471,20.966019957561556,10.774999999994179],[-89.631936778637595,20.966003172127191,11.82850000000326],[-89.631932184146379,20.966001313709569,11.873600000006263],[-89.631893458316441,20.965985657005309,12.253599999996368],[-89.631892898772392,20.965985430907644,12.259099999995669],[-89.631847868856681,20.96596722531854,12.694699999992736]]]},"properties":{"OBJECTID":164,"CATEGORIA":"USOS_DE_PREDIO","CODIGO":3009,"ELEMENTO":"Predios ruinosos o con maleza interior","Z":9.79450035,"Shape_Length":154.08441160761944,"Shape_Area":508.46605419527253}},{"type":"Feature","id":165,"geometry":{"type":"Polygon","coordinates":[[[-89.632450339451665,20.96617261815717,10.987099999998463],[-89.632748478907274,20.966221110409609,11.803299999999581],[-89.632758668810084,20.966157293585219,11.713799999997718],[-89.632789157045906,20.966161588570078,11.700100000001839],[-89.632856326559775,20.966171050668873,11.669999999998254],[-89.632923895968375,20.966180568856696,11.639699999999721],[-89.632962567002991,20.966184969373984,12.029200000004494],[-89.632979998882675,20.966186953475155,12.204800000006799],[-89.632992707510525,20.96618839934434,12.332800000003772],[-89.633024206055637,20.966191984375882,12.649999999994179],[-89.633025141845167,20.966187954017553,12.654800000003888],[-89.633039234616035,20.966190551297167,12.750599999999395],[-89.633071454935703,20.966196489738575,12.969500000006519],[-89.633125466318404,20.966206444919997,13.336500000004889],[-89.633171713850544,20.966214968986016,13.650699999998324],[-89.633177814215273,20.966216092642952,13.771500000002561],[-89.633186429297226,20.966178930731083,13.833899999997811],[-89.63318009029129,20.966177901951234,13.490600000004633],[-89.633133537769567,20.966170348654376,14.084499999997206],[-89.633087201170113,20.966162829926809,14.675700000007055],[-89.63304607487737,20.966157808303144,13.661600000006729],[-89.63304070267084,20.966157152802158,13.529099999999744],[-89.63299741958906,20.96615186746304,12.461800000004587],[-89.632995048959174,20.966151578172873,12.403300000005402],[-89.632967311288624,20.966148190515909,11.719200000006822],[-89.632961319683304,20.966147458814444,11.571500000005472],[-89.632961040340902,20.966147425211989,11.564599999997881],[-89.632807961873482,20.9661293513558,10.428799999994226],[-89.632704415074429,20.966114898865648,9.8650000000052387],[-89.632710577283618,20.966077410121351,10.234899999995832],[-89.632710597219614,20.966077286122239,10.095499999995809],[-89.632712075912892,20.966045752755608,10.232300000003306],[-89.6327090900228,20.966014290190778,10.183300000004238],[-89.632472895143664,20.966032878832376,9.9079000000056112],[-89.632462245976996,20.966098854249321,10.526700000002165],[-89.632453166302199,20.966155106049015,10.556400000001304],[-89.632450339451665,20.96617261815717,10.987099999998463]]]},"properties":{"OBJECTID":165,"CATEGORIA":"USOS_DE_PREDIO","CODIGO":3009,"ELEMENTO":"Predios ruinosos o con maleza interior","Z":9.86499977,"Shape_Length":189.57638298257231,"Shape_Area":717.96777474616465}},{"type":"Feature","id":166,"geometry":{"type":"Polygon","coordinates":[[[-89.628769401441872,20.965988583851825,12.474799999996321],[-89.628763696587924,20.966026283975616,12.418799999999464],[-89.628747891770132,20.966130733732282,12.263800000000629],[-89.628735231904628,20.966214400863091,12.139599999994971],[-89.62872649243134,20.96627215872137,14.657000000006519],[-89.628734380741477,20.96627361699657,14.658100000000559],[-89.628886846991804,20.966301805158366,14.618100000006962],[-89.628901343519161,20.966231648010449,13.362699999997858],[-89.628906644771249,20.966205990993121,12.948099999994156],[-89.628907305933467,20.966202794610421,12.896399999997811],[-89.628893472119415,20.966200272436815,12.98519999999553],[-89.628894897364063,20.966186519804673,12.915999999997439],[-89.628900326300723,20.966134146203004,12.65230000000156],[-89.628903987715745,20.966098817815059,12.474499999996624],[-89.628905368614255,20.966085497432495,12.407500000001164],[-89.62891305582707,20.966011328339626,13.984500000005937],[-89.628881980148108,20.966010153856981,13.963000000003376],[-89.628871419912031,20.966009754338454,13.884500000000116],[-89.628875623850504,20.965989725506866,13.948199999998906],[-89.628816735229009,20.965978823072518,14.049400000003516],[-89.628811794887639,20.965977907971546,14.05789999999979],[-89.628772128532916,20.965970564094647,13.04309999999532],[-89.628769401441872,20.965988583851825,12.474799999996321]]]},"properties":{"OBJECTID":166,"CATEGORIA":"USOS_DE_PREDIO","CODIGO":3009,"ELEMENTO":"Predios ruinosos o con maleza interior","Z":12.1395998,"Shape_Length":101.99017227156259,"Shape_Area":536.42913703942406}},{"type":"Feature","id":167,"geometry":{"type":"Polygon","coordinates":[[[-89.617553358473018,20.966074412388448,13.588000000003376],[-89.617535757712119,20.966157329043241,13.592999999993481],[-89.617532146596503,20.966174341186836,13.693199999994249],[-89.617527065249888,20.966198278303551,13.834199999997509],[-89.617519675067669,20.966233090661397,14.039199999999255],[-89.617508776006659,20.966284438686031,14.341599999999744],[-89.617505154188052,20.966301498845549,14.44210000000021],[-89.617481076467385,20.96641492883905,15.110100000005332],[-89.617480547933212,20.96641742073437,15.124800000005052],[-89.617477304548203,20.966432698245882,15.21480000000156],[-89.617477122419501,20.966433555152086,15.219800000006217],[-89.617467404787647,20.966479334225109,15.489400000005844],[-89.617467365711619,20.966479519009443,15.490499999999884],[-89.617457241212122,20.966527214790545,14.593699999997625],[-89.61754232479737,20.966541852934341,14.527000000001863],[-89.617552475316614,20.966495266368604,15.3978000000061],[-89.617563249734758,20.966445813559712,15.213600000002771],[-89.617567786470431,20.966424990656915,15.135999999998603],[-89.617573911111776,20.966396879827595,15.031300000002375],[-89.617589293485011,20.966326278893206,14.768299999996088],[-89.617590807493301,20.966319328869801,14.742400000002817],[-89.617593112814831,20.966308748918053,14.702999999994063],[-89.617594895656936,20.96630056687107,14.672500000000582],[-89.617600430154184,20.966275163764788,14.577900000003865],[-89.617603647748993,20.966260393154215,14.522899999996298],[-89.617606071461992,20.966249270568699,14.481499999994412],[-89.617613648712876,20.966214493254686,14.351999999998952],[-89.61761823086357,20.966193463800902,14.273700000005192],[-89.617639815239812,20.966094395118166,13.904699999999139],[-89.617640342161209,20.966091976379236,13.895699999993667],[-89.617621644917577,20.966088200791148,13.588000000003376],[-89.617553358473018,20.966074412388448,13.588000000003376]]]},"properties":{"OBJECTID":167,"CATEGORIA":"USOS_DE_PREDIO","CODIGO":3009,"ELEMENTO":"Predios ruinosos o con maleza interior","Z":13.5880003,"Shape_Length":120.27035397802121,"Shape_Area":465.56194094105354}},{"type":"Feature","id":168,"geometry":{"type":"Polygon","coordinates":[[[-89.61793408416473,20.96626913564317,14.841700000004494],[-89.617882035074913,20.966259010861172,14.842099999994389],[-89.617861247489856,20.966351113471891,15.011499999993248],[-89.617853753387351,20.966384314922536,15.072499999994761],[-89.617835122583116,20.966466859192312,15.224199999996927],[-89.617834068688452,20.966471527836458,15.232799999997951],[-89.617830534056836,20.966487189932053,15.261599999997998],[-89.617813496146169,20.966562679134881,15.400299999993877],[-89.617826994931249,20.966592933368723,14.555800000001909],[-89.617837043172543,20.966594672259607,14.555800000001909],[-89.617878421028522,20.966601830809722,14.066900000005262],[-89.617878852099423,20.966599924563297,15.57499999999709],[-89.617880914493142,20.966590795630569,15.57499999999709],[-89.617890908768985,20.966546557993802,15.57499999999709],[-89.617873864713417,20.966543771851349,15.57499999999709],[-89.617888402876289,20.9664774688592,15.398000000001048],[-89.617906524355121,20.966394823166805,15.177299999995739],[-89.617917075769199,20.966346701883356,15.048800000004121],[-89.61793408416473,20.96626913564317,14.841700000004494]]]},"properties":{"OBJECTID":168,"CATEGORIA":"USOS_DE_PREDIO","CODIGO":3009,"ELEMENTO":"Predios ruinosos o con maleza interior","Z":14.0669003,"Shape_Length":88.111235780766933,"Shape_Area":218.66611695237424}},{"type":"Feature","id":169,"geometry":{"type":"Polygon","coordinates":[[[-89.617878421028522,20.966601830809722,14.066900000005262],[-89.617940413098523,20.96661255576911,14.066900000005262],[-89.617982413794763,20.966619822093474,14.066900000005262],[-89.617982739535222,20.966618380633889,16.375],[-89.61800599282526,20.966515584542336,16.206500000000233],[-89.618029560329148,20.966411404047296,16.035799999997835],[-89.618056362167124,20.966292921263918,15.841700000004494],[-89.617991371448852,20.966280279595569,14.841700000004494],[-89.617971498943476,20.966276413766611,14.841700000004494],[-89.61793408416473,20.96626913564317,14.841700000004494],[-89.617917075769199,20.966346701883356,15.048800000004121],[-89.617906524355121,20.966394823166805,15.177299999995739],[-89.617888402876289,20.9664774688592,15.398000000001048],[-89.617873864713417,20.966543771851349,15.57499999999709],[-89.617890908768985,20.966546557993802,15.57499999999709],[-89.617880914493142,20.966590795630569,15.57499999999709],[-89.617878852099423,20.966599924563297,15.57499999999709],[-89.617878421028522,20.966601830809722,14.066900000005262]]]},"properties":{"OBJECTID":169,"CATEGORIA":"USOS_DE_PREDIO","CODIGO":3009,"ELEMENTO":"Predios ruinosos o con maleza interior","Z":14.0669003,"Shape_Length":100.1353825900905,"Shape_Area":467.37703682887627}},{"type":"Feature","id":170,"geometry":{"type":"Polygon","coordinates":[[[-89.618269180737727,20.966305419896504,15.267699999996694],[-89.618266722013573,20.966320709733328,15.360000000000582],[-89.618263175816651,20.966342767885937,15.493199999997159],[-89.618260848078066,20.966357244939491,15.580600000001141],[-89.618259242773533,20.966367229082714,15.64089999999851],[-89.618259221958766,20.966367358511896,15.641699999992852],[-89.618252706019334,20.966406603142527,14.993600000001607],[-89.618249129574011,20.966428139002844,14.637900000001537],[-89.618247156532476,20.966440023002392,14.441699999995762],[-89.618244913213573,20.966453111059497,14.500599999999395],[-89.618231053769051,20.966533976732119,14.864600000000792],[-89.61822887766607,20.96654667462256,14.921799999996438],[-89.6182274597885,20.966554947670165,14.959000000002561],[-89.618226850762554,20.966558501666675,14.975000000005821],[-89.618199684177512,20.966656923061109,16.17500000000291],[-89.618199555801425,20.966657389105219,14.066900000005262],[-89.618304589902309,20.966675561004166,14.133799999995972],[-89.618312732440117,20.966628051854009,14.007599999997183],[-89.618326390315715,20.96654836390006,13.571599999995669],[-89.61833117620445,20.966520440661924,13.418799999999464],[-89.618351255845397,20.966403277326584,12.777700000006007],[-89.618359140145088,20.966357278118466,12.525999999998021],[-89.618378066299414,20.966246847095341,11.92170000000624],[-89.618383936713784,20.96621259437681,13.846000000005006],[-89.618286332678736,20.966198749480519,14.623500000001513],[-89.618269180737727,20.966305419896504,15.267699999996694]]]},"properties":{"OBJECTID":170,"CATEGORIA":"USOS_DE_PREDIO","CODIGO":3009,"ELEMENTO":"Predios ruinosos o con maleza interior","Z":11.9216995,"Shape_Length":124.97320604689324,"Shape_Area":528.89456575924214}},{"type":"Feature","id":171,"geometry":{"type":"Polygon","coordinates":[[[-89.627652065188244,20.966628826397812,19.428299999999581],[-89.627664545716954,20.966631628664871,19.449500000002445],[-89.627710071723826,20.966637150724164,19.093999999997322],[-89.627722824053151,20.966572482814932,18.051800000001094],[-89.627734121257518,20.966515192022925,17.12840000000142],[-89.627742020128437,20.966475141336652,16.50460000000021],[-89.627744904671431,20.966460512092269,16.276700000002165],[-89.627746647607324,20.966451674227013,16.139100000000326],[-89.627740448336084,20.966450115818013,15.006299999993644],[-89.627740158689221,20.966450042640162,15.013600000005681],[-89.627698331676498,20.966439525802944,16.066600000005565],[-89.627690044084986,20.966437441638529,16.275299999993877],[-89.627687203684189,20.96643672795431,16.346799999999348],[-89.627643080786456,20.966425633476526,17.457599999994272],[-89.627640761737609,20.96642505078983,17.51600000000326],[-89.627642754522384,20.966414889094477,17.000599999999395],[-89.627639079218483,20.966414253293081,16.18289999999979],[-89.627502308222887,20.966390595327361,16.010699999998906],[-89.627400842146201,20.966373044990799,16.073399999993853],[-89.627375037497217,20.966520646598525,16.168600000004517],[-89.627367968024046,20.966561079936163,16.168600000004517],[-89.627367408898536,20.966563846787881,16.090400000000955],[-89.627419970474818,20.966574504211561,16.009600000004866],[-89.627465975371379,20.966583832620596,16.067500000004657],[-89.627467356746024,20.966584112869036,16.069199999998091],[-89.627468718822442,20.966584388900834,16.070900000006077],[-89.627504665378851,20.966591678492215,16.116200000004028],[-89.627507229179955,20.966592350399829,16.193499999993946],[-89.627531076927966,20.966598603224021,16.912899999995716],[-89.627585952075464,20.966612992531594,18.568299999998999],[-89.627608862185312,20.966618999783901,19.259399999995367],[-89.627612219768096,20.966619880646142,19.360700000004726],[-89.627652065188244,20.966628826397812,19.428299999999581]]]},"properties":{"OBJECTID":171,"CATEGORIA":"USOS_DE_PREDIO","CODIGO":3009,"ELEMENTO":"Predios ruinosos o con maleza interior","Z":15.0063,"Shape_Length":117.06231904888233,"Shape_Area":800.34182499841609}},{"type":"Feature","id":172,"geometry":{"type":"Polygon","coordinates":[[[-89.627710071723826,20.966637150724164,19.093999999997322],[-89.627723904080895,20.966638873083514,17.998399999996764],[-89.627728352714612,20.966639427433801,17.911699999996927],[-89.627795666870966,20.966647810397998,16.599300000001676],[-89.627859184581681,20.966655721018913,15.360899999999674],[-89.627927544929037,20.966664234956632,14.028099999995902],[-89.627940310894658,20.96666582477711,13.779200000004494],[-89.627941856851578,20.966657431446464,13.054999999993015],[-89.627952061084528,20.966659072521665,12.157000000006519],[-89.628076453292223,20.96667907941233,12.179199999998673],[-89.628108408759559,20.966684218443902,12.458299999998417],[-89.628112559031408,20.966661004268399,13.026100000002771],[-89.628136675099555,20.966665229563056,13.079599999997299],[-89.628151507068594,20.966667827584775,13.11250000000291],[-89.628211826168368,20.966678395771225,13.246400000003632],[-89.628279390112553,20.96669023262654,13.396399999997811],[-89.628385450900396,20.966708814807667,13.631800000002841],[-89.628414464035885,20.966713897154836,13.696100000001024],[-89.628421656825935,20.966715157614203,13.712100000004284],[-89.628426736120844,20.966716047106264,13.723400000002584],[-89.628441871827576,20.966718699100912,13.756999999997788],[-89.628473729456942,20.966724123971218,13.73399999999674],[-89.628530356676464,20.966733766696905,13.693100000004051],[-89.628565002471859,20.966739665864903,13.002999999996973],[-89.628569407426539,20.966712661175055,12.659599999999045],[-89.628573018940912,20.966690523386966,12.650699999998324],[-89.62858290539134,20.966629917378409,12.956300000005285],[-89.628494223425278,20.966614677691926,16.201400000005378],[-89.628414341993761,20.966600950788497,13.573999999993248],[-89.628400079730469,20.966598500193637,13.57039999999688],[-89.628397262553378,20.96659801548909,13.569699999992736],[-89.62834623155311,20.966589247010081,13.557000000000698],[-89.628343240733656,20.96658856184099,13.565199999997276],[-89.628315307184721,20.966582166320695,13.642200000002049],[-89.628302881647954,20.966579320819474,13.676500000001397],[-89.628262027491289,20.966569967346075,13.789099999994505],[-89.628237084750666,20.966564256080222,13.857900000002701],[-89.628201456549419,20.966556098603959,13.956099999995786],[-89.628197407037177,20.966555171548606,13.967300000003888],[-89.628151736112329,20.96654471413207,14.09309999999823],[-89.628116158109535,20.966536568502615,14.191200000001118],[-89.628115623445851,20.966536445836873,14.192699999999604],[-89.628043436718698,20.966519917655368,14.391699999992852],[-89.627996826797926,20.966509246258315,14.520199999999022],[-89.627911962680841,20.966489814983618,14.754100000005565],[-89.627877483925616,20.966481920493077,15.016799999997602],[-89.627862555933461,20.966478502326854,14.890299999999115],[-89.627746647607324,20.966451674227013,16.139100000000326],[-89.627744904671431,20.966460512092269,16.276700000002165],[-89.627742020128437,20.966475141336652,16.50460000000021],[-89.627734121257518,20.966515192022925,17.12840000000142],[-89.627722824053151,20.966572482814932,18.051800000001094],[-89.627710071723826,20.966637150724164,19.093999999997322]]]},"properties":{"OBJECTID":172,"CATEGORIA":"USOS_DE_PREDIO","CODIGO":3009,"ELEMENTO":"Predios ruinosos o con maleza interior","Z":12.1569996,"Shape_Length":215.62259794887589,"Shape_Area":1365.2007264000954}},{"type":"Feature","id":173,"geometry":{"type":"Polygon","coordinates":[[[-89.631533726181317,20.966502822335212,13.175199999997858],[-89.63153306327257,20.966507013696098,13.212899999998626],[-89.631528122739908,20.966538259271424,13.494000000006054],[-89.631527973008573,20.966539205067658,13.502500000002328],[-89.631527739404049,20.966540685746729,13.506099999998696],[-89.631521050707832,20.966582983086738,13.609299999996438],[-89.631513648942757,20.966629791270137,13.723599999997532],[-89.631498914631877,20.966722969585582,13.951000000000931],[-89.631492783340363,20.966761748015276,13.09780000000319],[-89.631556797108487,20.966772071927956,12.998300000006566],[-89.631574516973359,20.966623888914555,14.05909999999858],[-89.63158382711083,20.966546030062759,14.017000000007101],[-89.631584398976983,20.966541250544037,14.014400000000023],[-89.631587583399977,20.9665146195013,14],[-89.631598682787313,20.966421797985443,13.949800000002142],[-89.631546932964866,20.966419299270328,12.423899999994319],[-89.631533726181317,20.966502822335212,13.175199999997858]]]},"properties":{"OBJECTID":173,"CATEGORIA":"USOS_DE_PREDIO","CODIGO":3009,"ELEMENTO":"Predios ruinosos o con maleza interior","Z":12.4238997,"Shape_Length":89.545855814081236,"Shape_Area":234.62025903612965}},{"type":"Feature","id":174,"geometry":{"type":"Polygon","coordinates":[[[-89.627367408898536,20.966563846787881,16.090400000000955],[-89.627315393441805,20.966820977362943,15.724199999996927],[-89.627314324916995,20.966826331533643,15.724199999996927],[-89.627302768646118,20.96688420865096,15.724199999996927],[-89.627294928086684,20.966923478359934,15.724199999996927],[-89.627286782546022,20.966964272280869,15.724199999996927],[-89.627283173778721,20.966982344450951,15.724199999996927],[-89.627281470660577,20.966990877437098,15.74890000000596],[-89.627283973924122,20.966994244406692,15.731599999999162],[-89.627292645272831,20.96700590740052,15.671799999996438],[-89.627304025621584,20.967021214075622,15.593299999993178],[-89.627306549555698,20.967024608714553,15.695999999996275],[-89.627341086756502,20.967030231725225,15.711800000004587],[-89.627433349511534,20.967045252452742,15.754100000005565],[-89.627454552093027,20.967048704788553,15.763800000000629],[-89.627489757336377,20.967054436641327,15.779899999994086],[-89.627565884179219,20.967066830575071,15.635800000003655],[-89.627582046257359,20.966984690355375,14.913400000004913],[-89.627587076350835,20.966959124215062,14.80000000000291],[-89.627610983072628,20.966837621861078,14.260899999993853],[-89.627616580783723,20.966809170463065,14.134699999995064],[-89.627625294796431,20.966764885446974,13.938200000004144],[-89.62762792462469,20.966751520520557,13.878899999996065],[-89.627636539699637,20.966707734504507,13.684599999993225],[-89.627642746484653,20.96667618503793,13.544599999993807],[-89.627652065188244,20.966628826397812,19.428299999999581],[-89.627612219768096,20.966619880646142,19.360700000004726],[-89.627608862185312,20.966618999783901,19.259399999995367],[-89.627585952075464,20.966612992531594,18.568299999998999],[-89.627531076927966,20.966598603224021,16.912899999995716],[-89.627507229179955,20.966592350399829,16.193499999993946],[-89.627504665378851,20.966591678492215,16.116200000004028],[-89.627468718822442,20.966584388900834,16.070900000006077],[-89.627467356746024,20.966584112869036,16.069199999998091],[-89.627465975371379,20.966583832620596,16.067500000004657],[-89.627419970474818,20.966574504211561,16.009600000004866],[-89.627367408898536,20.966563846787881,16.090400000000955]]]},"properties":{"OBJECTID":174,"CATEGORIA":"USOS_DE_PREDIO","CODIGO":3009,"ELEMENTO":"Predios ruinosos o con maleza interior","Z":13.5445995,"Shape_Length":159.91763660910723,"Shape_Area":1538.1211859475923}},{"type":"Feature","id":175,"geometry":{"type":"Polygon","coordinates":[[[-89.630594238573408,20.966770178891199,13.879100000005565],[-89.630592268370663,20.966786836298422,13.707800000003772],[-89.63058696566975,20.966831670011761,13.246899999998277],[-89.630585373974313,20.966845129980534,13.108500000002095],[-89.630583735352886,20.966858984318851,12.966100000005099],[-89.630581190781129,20.966880499831277,13.131999999997788],[-89.630576142672922,20.96692318442885,13.461200000005192],[-89.630572956649857,20.966950118852655,13.668900000004214],[-89.630555693015182,20.967096087323323,14.794500000003609],[-89.630655933684523,20.967109050058621,15.044500000003609],[-89.63068876850987,20.966958655487915,15.084900000001653],[-89.630706210903341,20.966887211342144,15.139899999994668],[-89.630714048206144,20.966855111179747,15.164600000003702],[-89.630724750210931,20.966811273899879,15.198300000003655],[-89.630747543566883,20.966717910661458,14.392399999996996],[-89.630603335166981,20.966693270440313,13.984400000001187],[-89.630594238573408,20.966770178891199,13.879100000005565]]]},"properties":{"OBJECTID":175,"CATEGORIA":"USOS_DE_PREDIO","CODIGO":3009,"ELEMENTO":"Predios ruinosos o con maleza interior","Z":12.9660997,"Shape_Length":115.04267641594947,"Shape_Area":568.94444088839089}},{"type":"Feature","id":176,"geometry":{"type":"Polygon","coordinates":[[[-89.631036112080039,20.966811815602803,14.25010000000475],[-89.631028052717852,20.966852421389479,13.94550000000163],[-89.631024977878937,20.966867912215179,13.829299999997602],[-89.631021209706304,20.966886900575407,13.686900000000605],[-89.631017162359839,20.966907292672705,13.533999999999651],[-89.630975425657368,20.967117574807695,11.95679999999993],[-89.630963923093162,20.967175527960666,14.757100000002538],[-89.630979282499737,20.967177227365259,15.079100000002654],[-89.63101808067978,20.967181518903402,15.892300000006799],[-89.631061630768002,20.967186336534542,16.805200000002515],[-89.631128674534565,20.967193752648427,18.210500000001048],[-89.631140086213705,20.967195014636815,18.449699999997392],[-89.631147850326798,20.967117011737656,17.821200000005774],[-89.631160442112119,20.96699049610298,16.801900000005844],[-89.631165366493136,20.966941028458997,16.4033999999956],[-89.631166766665558,20.966926953894873,16.289999999993597],[-89.631167838381685,20.966916189756002,16.20329999999376],[-89.631170920924546,20.966885217555806,15.953800000002957],[-89.631171517723715,20.966879226020829,15.905499999993481],[-89.631176150189035,20.966832685427036,15.530499999993481],[-89.631180733591705,20.966786636744089,14.8408999999956],[-89.631175611094847,20.966785805786074,14.673500000004424],[-89.631045174860361,20.966766152775797,14.381099999998696],[-89.631036112080039,20.966811815602803,14.25010000000475]]]},"properties":{"OBJECTID":176,"CATEGORIA":"USOS_DE_PREDIO","CODIGO":3009,"ELEMENTO":"Predios ruinosos o con maleza interior","Z":11.9568005,"Shape_Length":124.30698435463466,"Shape_Area":748.60195561864407}},{"type":"Feature","id":177,"geometry":{"type":"Polygon","coordinates":[[[-89.617631010434565,20.967388261671591,17.217799999998533],[-89.617675322460585,20.967395766103959,16.604200000001583],[-89.617694687942802,20.967399045662479,16.453599999993457],[-89.617711295180712,20.967401857486863,16.324399999997695],[-89.617749480488413,20.96740832476052,16.02740000000631],[-89.617759513662861,20.967410023253784,15.949299999992945],[-89.617792083203383,20.967415539426547,15.695999999996275],[-89.617800927670345,20.967417036788923,15.627200000002631],[-89.617838944261777,20.967423475034309,15.331500000000233],[-89.617860298648722,20.967427091473642,15.165399999998044],[-89.617895476024202,20.967433048775085,14.891799999997602],[-89.617952409809391,20.967442690352733,14.44890000000305],[-89.617963494425553,20.967366519781127,15.24890000000596],[-89.617877874604773,20.967353407846957,15.24890000000596],[-89.617828678014192,20.967345872895525,15.24890000000596],[-89.617813679252734,20.967343576275837,15.24890000000596],[-89.617772241328197,20.967337230324691,15.24890000000596],[-89.61777496273379,20.967326587999761,15.24890000000596],[-89.617777721937458,20.967315797927448,15.24890000000596],[-89.617691448341745,20.967302621004251,15.24890000000596],[-89.617650339381825,20.96729634219578,16.232000000003609],[-89.617631010434565,20.967388261671591,17.217799999998533]]]},"properties":{"OBJECTID":177,"CATEGORIA":"USOS_DE_PREDIO","CODIGO":3009,"ELEMENTO":"Predios ruinosos o con maleza interior","Z":14.4489002,"Shape_Length":88.906299395426458,"Shape_Area":310.11547612495065}},{"type":"Feature","id":178,"geometry":{"type":"Polygon","coordinates":[[[-89.627201050470021,20.967390962969496,16.52740000000631],[-89.627262480694824,20.967402172518675,15.734299999996438],[-89.627314101047475,20.967411593105112,15.465100000001257],[-89.627380106924178,20.967423637604412,15.120899999994435],[-89.627417845098535,20.967430523974173,15.136100000003353],[-89.627426536775261,20.967382208050481,15.425199999997858],[-89.627426898640351,20.967380199029535,17.755000000004657],[-89.627424385733633,20.967379799902613,17.773000000001048],[-89.627410349346334,20.967377572363244,17.873500000001513],[-89.62740941866646,20.967382343871197,17.886700000002747],[-89.627384110170553,20.96737798609653,17.9262000000017],[-89.627392967466221,20.967332600098661,17.886700000002747],[-89.627333338753402,20.967322333381016,17.865900000004331],[-89.62728539438686,20.967314079474335,17.849100000006729],[-89.627279858326972,20.967313125668362,17.847200000003795],[-89.627272654274535,20.967350041743568,16.080199999996694],[-89.627211105006552,20.96733944436351,16.529500000004191],[-89.627201050470021,20.967390962969496,16.52740000000631]]]},"properties":{"OBJECTID":178,"CATEGORIA":"USOS_DE_PREDIO","CODIGO":3009,"ELEMENTO":"Predios ruinosos o con maleza interior","Z":15.1209002,"Shape_Length":67.139665639907747,"Shape_Area":182.34289540513248}},{"type":"Feature","id":179,"geometry":{"type":"Polygon","coordinates":[[[-89.627828337210488,20.967383099495287,14.943199999994249],[-89.627827299718874,20.967389347919962,14.940700000006473],[-89.62781038214095,20.967491273271808,15.238500000006752],[-89.627863676529742,20.967499951895903,14.769499999994878],[-89.627933982230786,20.96751140166991,14.926399999996647],[-89.627950632876079,20.967429177152454,15.063800000003539],[-89.627957355813592,20.967395980129361,14.757400000002235],[-89.627905214912872,20.967388344593896,14.228300000002491],[-89.627906412395177,20.967381131255664,14.149300000004587],[-89.627868009020304,20.967375507519286,14.004700000004959],[-89.627859270200275,20.967374227551527,13.499100000000908],[-89.627830508634275,20.967370016107051,14.948399999993853],[-89.627828337210488,20.967383099495287,14.943199999994249]]]},"properties":{"OBJECTID":179,"CATEGORIA":"USOS_DE_PREDIO","CODIGO":3009,"ELEMENTO":"Predios ruinosos o con maleza interior","Z":13.4990997,"Shape_Length":53.953926428255166,"Shape_Area":177.58820115531279}},{"type":"Feature","id":180,"geometry":{"type":"Polygon","coordinates":[[[-89.630329979027309,20.967154494265007,16.505199999999604],[-89.630318476424122,20.967230858424873,14.777600000001257],[-89.630308986412587,20.967293864459887,14.137199999997392],[-89.63029761222603,20.967369383369459,13.439899999997579],[-89.630295047671424,20.967386409289681,13.362399999998161],[-89.630294864216623,20.967387625560029,13.356899999998859],[-89.630292631184076,20.967402448811232,13.317599999994854],[-89.630288038610345,20.967432940533925,13.236799999998766],[-89.630285992543975,20.967446528500584,13.200800000005984],[-89.630276620409191,20.967508746327816,13.142699999996694],[-89.630372666865384,20.967525407058606,13.037200000006123],[-89.630410149455031,20.967531909370351,13.114799999995739],[-89.630417020203481,20.967505980710349,13.334000000002561],[-89.630429855463774,20.967457540245402,13.221699999994598],[-89.630433077169883,20.967445384110128,13.193499999993946],[-89.630434942711062,20.967438342825901,13.177200000005541],[-89.630435848847085,20.967434920554876,13.169299999994109],[-89.630459167879465,20.967346919402015,12.965299999996205],[-89.630466609355182,20.967318835841024,12.900200000003679],[-89.630467120621432,20.967316907572943,12.9033999999956],[-89.630526628925836,20.967092328825146,14.738899999996647],[-89.630494797924229,20.967088212180013,14.678100000004633],[-89.630396601626259,20.967075513916253,14.490300000004936],[-89.630365394931417,20.967071478794605,14.723400000002584],[-89.630355754106702,20.967070231843355,14.697299999999814],[-89.63034292054752,20.967068571928021,14.808399999994435],[-89.630329979027309,20.967154494265007,16.505199999999604]]]},"properties":{"OBJECTID":180,"CATEGORIA":"USOS_DE_PREDIO","CODIGO":3009,"ELEMENTO":"Predios ruinosos o con maleza interior","Z":12.9001999,"Shape_Length":132.84870753727657,"Shape_Area":828.9004246217396}},{"type":"Feature","id":181,"geometry":{"type":"Polygon","coordinates":[[[-89.628532551640077,20.967518499208854,15.241800000003423],[-89.628529585858075,20.967533425850537,15.246799999993527],[-89.628525242029369,20.967555297761425,15.254199999995762],[-89.628524097030294,20.96756105849849,14.510399999999208],[-89.628620881533379,20.967577272766388,13.004000000000815],[-89.628660675850568,20.967583939328843,12.997900000002119],[-89.628663227705971,20.967584366727241,12.997499999997672],[-89.628713141715465,20.967592727972534,12.989700000005541],[-89.628715221179064,20.967593075985668,13.191399999996065],[-89.628718270505232,20.967576222260785,13.339399999997113],[-89.628724314754422,20.967542811787343,13.632700000001932],[-89.628730529057975,20.967508462427684,14.056100000001607],[-89.62870242200384,20.967503753492878,14.153500000000349],[-89.628683356842018,20.967500559960758,14.219500000006519],[-89.628641410775174,20.967493532960141,14.364799999995739],[-89.628639297568512,20.967493179146661,14.372099999993225],[-89.628637688560275,20.967492909644189,14.370800000004238],[-89.628591719479871,20.967485207979369,14.332599999994272],[-89.628594653885699,20.967469751844682,15.004199999995762],[-89.628543922395977,20.967461253300137,15.130000000004657],[-89.628532551640077,20.967518499208854,15.241800000003423]]]},"properties":{"OBJECTID":181,"CATEGORIA":"USOS_DE_PREDIO","CODIGO":3009,"ELEMENTO":"Predios ruinosos o con maleza interior","Z":12.9897003,"Shape_Length":62.725424644345985,"Shape_Area":200.65009509260472}},{"type":"Feature","id":182,"geometry":{"type":"Polygon","coordinates":[[[-89.631884849767289,20.967407147682586,14.544999999998254],[-89.631880019148014,20.967439396440543,14.70230000000447],[-89.631878974403776,20.967446373590462,14.736300000004121],[-89.631874089485677,20.967478979814828,14.895300000003772],[-89.631869748576051,20.967507960798869,15.036699999996927],[-89.631868820850016,20.967514155171632,15.026500000007218],[-89.631865511739733,20.967536243171249,14.990099999995437],[-89.631856392593861,20.967597116378954,14.88980000000447],[-89.631846750251725,20.967661486299839,14.783699999999953],[-89.631842296552549,20.967691217492689,14.734700000000885],[-89.631837420333468,20.967723772119594,14.681100000001607],[-89.631830462193037,20.967770219535016,13.573099999994156],[-89.631920740478051,20.967784844963624,13.559800000002724],[-89.631935669515414,20.967694840771241,14.915699999997742],[-89.631944338685145,20.967642579620751,14.990200000000186],[-89.631956860269653,20.967567090798891,15.09780000000319],[-89.631962895855438,20.967530702794878,15.149600000004284],[-89.631974223272536,20.967451244514915,14.120200000004843],[-89.631987164339222,20.967360465690209,12.944099999993341],[-89.631893257149343,20.967351024554681,14.271299999993062],[-89.631884849767289,20.967407147682586,14.544999999998254]]]},"properties":{"OBJECTID":182,"CATEGORIA":"USOS_DE_PREDIO","CODIGO":3009,"ELEMENTO":"Predios ruinosos o con maleza interior","Z":12.9441004,"Shape_Length":113.77064619582364,"Shape_Area":462.47879897148306}},{"type":"Feature","id":183,"geometry":{"type":"Polygon","coordinates":[[[-89.61926883897813,20.967686997916822,12.830100000006496],[-89.619239273821862,20.967854090019095,13.921199999997043],[-89.619234699890171,20.967879936136473,14.089999999996508],[-89.619233206237965,20.967888380993493,14.145099999994272],[-89.619230224936416,20.967905229083634,14.255099999994854],[-89.619226800859437,20.96792457949061,14.381500000003143],[-89.619224867929418,20.967935506747761,14.452900000003865],[-89.619223618321271,20.967942566474481,14.498999999996158],[-89.619221834947027,20.967952643645244,14.564799999992829],[-89.619218595560355,20.96797095382469,14.684399999998277],[-89.619210023568314,20.968019397737915,15.000700000004144],[-89.619202619818026,20.968061242731821,15.868100000006962],[-89.619340430441184,20.968083554234649,16.009200000000419],[-89.619355892846414,20.967992385702811,15.228199999997742],[-89.619376916381711,20.967868424605559,14.486099999994622],[-89.619392766559912,20.967774964065082,13.926699999996345],[-89.619404890437934,20.96770347778034,13.498800000001211],[-89.619409726417928,20.967674965093693,13.328099999998813],[-89.619412826073543,20.967656691370124,13.218699999997625],[-89.619417409199997,20.967629665069719,13.056899999995949],[-89.619420725861275,20.967610109557668,12.939799999992829],[-89.619433228037849,20.967536393707846,14.428499999994528],[-89.619306324052658,20.96751402377927,14.853600000002189],[-89.619299652763999,20.967512847906548,14.875899999999092],[-89.61926883897813,20.967686997916822,12.830100000006496]]]},"properties":{"OBJECTID":183,"CATEGORIA":"USOS_DE_PREDIO","CODIGO":3009,"ELEMENTO":"Predios ruinosos o con maleza interior","Z":12.8301001,"Shape_Length":151.64710774356976,"Shape_Area":881.77678903863227}},{"type":"Feature","id":184,"geometry":{"type":"Polygon","coordinates":[[[-89.630559108428798,20.967698194802868,13.979999999995925],[-89.630558314580668,20.967701497066333,13.94100000000617],[-89.630549984402293,20.967736140054729,13.532099999996717],[-89.630545027755261,20.967756757456947,13.288799999994808],[-89.630534769446584,20.967799424100313,12.78530000000319],[-89.630533410159984,20.967805074393358,12.718599999992875],[-89.630530251774175,20.967818211858795,12.56359999999404],[-89.630525228798192,20.967839103850171,12.31699999999546],[-89.630521583882825,20.967854264904453,12.138099999996484],[-89.630520665463777,20.967858083718983,12.092999999993481],[-89.630511360482444,20.967896784745605,11.6362999999983],[-89.630510406262559,20.967900754889801,11.589399999997113],[-89.630505260476596,20.967922154376328,11.336800000004587],[-89.630504514113994,20.967925259083959,11.300199999997858],[-89.630488991776076,20.967989819997527,10.538199999995413],[-89.630478244172977,20.96803451839671,12.434899999992922],[-89.630490739987408,20.968036977119404,12.311499999996158],[-89.630575737470409,20.968053695465915,11.472399999998743],[-89.630577551202364,20.968045561622894,11.428599999999278],[-89.630578186654986,20.968042710524429,11.413199999995413],[-89.630580465644087,20.968032491123846,11.553599999999278],[-89.630583153678018,20.968020434416111,11.71929999999702],[-89.630586685773892,20.968004594350386,11.937000000005355],[-89.630592305131174,20.967979388334381,12.283400000000256],[-89.630597376400686,20.967956642937065,12.595900000000256],[-89.630599399591034,20.967947570501305,12.720600000000559],[-89.630606851417397,20.967914148192811,13.179900000002817],[-89.630607401314904,20.967911681226123,13.213799999997718],[-89.630613084864322,20.967886188916285,13.564100000003236],[-89.630617788948257,20.967865091482732,13.854000000006636],[-89.630627898478238,20.9678197474597,14.477100000003702],[-89.630628510824337,20.967817004157755,14.51480000000447],[-89.630630630228779,20.967807497768398,14.64539999999397],[-89.630643066820454,20.967751716013662,15.411900000006426],[-89.630643705893917,20.967748852219199,15.451300000000629],[-89.630651551661103,20.967713664161526,15.934800000002724],[-89.630662797508265,20.967663222223361,16.024600000004284],[-89.630571202600194,20.967647890544647,15.171199999997043],[-89.630559108428798,20.967698194802868,13.979999999995925]]]},"properties":{"OBJECTID":184,"CATEGORIA":"USOS_DE_PREDIO","CODIGO":3009,"ELEMENTO":"Predios ruinosos o con maleza interior","Z":10.5382004,"Shape_Length":108.14431097872486,"Shape_Area":441.30224778317205}},{"type":"Feature","id":185,"geometry":{"type":"Polygon","coordinates":[[[-89.626812073367304,20.967950166565274,14.244300000005751],[-89.62679520969354,20.968043723366225,15.19100000000617],[-89.626785696039775,20.968096499426494,16.378899999996065],[-89.626937588312515,20.968118479170581,17.126799999998184],[-89.6269403887528,20.968118884703788,17.135500000003958],[-89.626943101055573,20.968117107584693,17.120800000004238],[-89.626969246294948,20.968099984373538,17.239300000001094],[-89.626972906119448,20.968097587727431,17.255900000003749],[-89.626975529062491,20.968083989974478,17.182499999995343],[-89.626996481674496,20.967975363718786,17.012100000007194],[-89.62688710026751,20.967951575510266,15.097399999998743],[-89.626844583761397,20.967942329517903,14.511499999993248],[-89.626814659236487,20.967935821819445,14.099100000006729],[-89.626812073367304,20.967950166565274,14.244300000005751]]]},"properties":{"OBJECTID":185,"CATEGORIA":"USOS_DE_PREDIO","CODIGO":3009,"ELEMENTO":"Predios ruinosos o con maleza interior","Z":14.0991001,"Shape_Length":71.64030651859963,"Shape_Area":330.15235134717676}},{"type":"Feature","id":186,"geometry":{"type":"Polygon","coordinates":[[[-89.620919340968982,20.968011159503924,14.64770000000135],[-89.620906124200744,20.968087677134214,15.604000000006636],[-89.620890602431516,20.968177536585674,16.726999999998952],[-89.62088253155413,20.968224258292945,17.310899999996764],[-89.620882096762415,20.96822677583744,17.342399999994086],[-89.620868526164259,20.968325832501264,20.614799999995739],[-89.620874457132388,20.968326720851632,22.08990000000631],[-89.620943333222442,20.968337045283459,22.054199999998673],[-89.620958030573163,20.968339248742041,22.04660000000149],[-89.620983357223011,20.968343044714793,22.033500000005006],[-89.620996464371743,20.968345009905306,20.755099999994854],[-89.620997928004925,20.968338046194503,18.176900000005844],[-89.621029738593634,20.968186772735798,17.418399999995017],[-89.621032245235369,20.968174852524534,17.358600000006845],[-89.621046388557033,20.968107593009265,17.021299999993062],[-89.62105571034293,20.968063263591329,16.798999999999069],[-89.621056466600962,20.968059667599348,16.781000000002678],[-89.621084683945867,20.967925476468508,16.108099999997648],[-89.621085925078106,20.96791760519492,15.9887000000017],[-89.621090197189631,20.967890510530211,15.577699999994365],[-89.621099798948222,20.967829607510421,14.653999999994994],[-89.620981079099096,20.967811843035225,14.474499999996624],[-89.620979547694972,20.967811613796815,14.88310000000638],[-89.620978928407169,20.967814575678865,14.877800000002026],[-89.620939650150007,20.96800240347547,14.539499999998952],[-89.620938557098981,20.968007632506442,14.529999999998836],[-89.620938262500331,20.9680090391814,14.527499999996508],[-89.62092018353087,20.968006283734027,14.586800000004587],[-89.620919340968982,20.968011159503924,14.64770000000135]]]},"properties":{"OBJECTID":186,"CATEGORIA":"USOS_DE_PREDIO","CODIGO":3009,"ELEMENTO":"Predios ruinosos o con maleza interior","Z":14.4744997,"Shape_Length":144.25684641722373,"Shape_Area":806.11226170749467}},{"type":"Feature","id":187,"geometry":{"type":"Polygon","coordinates":[[[-89.63205843206309,20.968363204122817,13.0512000000017],[-89.6320880236796,20.968370723598429,12.943299999998999],[-89.632095232053004,20.968343781189976,12.892000000007101],[-89.632105813618509,20.968304228857956,12.816699999995762],[-89.632126184665694,20.968228086960298,12.896800000002258],[-89.632143066114864,20.968164989251228,12.916200000006938],[-89.632156903975016,20.968102641894795,12.533500000005006],[-89.632134935536897,20.968097019804553,12.511499999993248],[-89.632135962632034,20.968093480996234,12.515499999994063],[-89.632153865116734,20.968031767837168,12.585600000005797],[-89.632170244585993,20.968035558624781,12.725900000004913],[-89.632170765421606,20.968033574228627,12.925099999993108],[-89.632181821625963,20.967991432396929,12.925099999993108],[-89.632172908507059,20.967989368964915,12.903200000000652],[-89.632184150369625,20.967946521843761,13.470700000005309],[-89.632136200607817,20.967935179864664,13.741500000003725],[-89.632096971692661,20.967925899764939,13.075299999996787],[-89.632056482498712,20.968073139910757,11.536699999996927],[-89.632052507199973,20.968087594639787,11.533800000004703],[-89.632028467605778,20.968175016598476,11.869600000005448],[-89.631993360611872,20.968302683656823,12.360000000000582],[-89.631989451312776,20.968316900817531,12.414600000003702],[-89.631982055606272,20.96834379555786,12.517900000006193],[-89.632012820333472,20.968351612920312,12.732699999993201],[-89.632044805505103,20.968359740960953,12.956099999995786],[-89.63205843206309,20.968363204122817,13.0512000000017]]]},"properties":{"OBJECTID":187,"CATEGORIA":"USOS_DE_PREDIO","CODIGO":3009,"ELEMENTO":"Predios ruinosos o con maleza interior","Z":11.5338001,"Shape_Length":121.63517928260929,"Shape_Area":506.86845700907469}},{"type":"Feature","id":188,"geometry":{"type":"Polygon","coordinates":[[[-89.629334376341404,20.967938878994765,14.28070000000298],[-89.62927927011539,20.967929667243681,14.947799999994459],[-89.62925469736912,20.967925559330183,15.245200000004843],[-89.629249297710373,20.967924656754768,15.310599999997066],[-89.629204340066451,20.967917140996281,15.854800000000978],[-89.62918952257283,20.967914663838833,16.034199999994598],[-89.629175668171612,20.967912347872144,16.201900000000023],[-89.629170560620281,20.967911494054132,16.263699999995879],[-89.629168533248432,20.96792253025691,15.44090000000142],[-89.629165550174534,20.967938772632213,15.398700000005192],[-89.629160986480116,20.967963621049442,15.334099999992759],[-89.629158284293098,20.967978336874229,15.295899999997346],[-89.62915539426956,20.967994074019661,15.255000000004657],[-89.629152367298033,20.968010554523531,15.212199999994482],[-89.629146837376837,20.968040667058389,15.134000000005472],[-89.629143609432219,20.968058242216969,15.088300000003073],[-89.629139310744733,20.968081645585677,15.027499999996508],[-89.629171225759677,20.968086816610764,11.647400000001653],[-89.629168685027423,20.968100651464802,11.725000000005821],[-89.629161456849843,20.968140008371048,11.945900000006077],[-89.629158077909523,20.968158402944962,12.049100000003818],[-89.62915104550261,20.968196697779387,12.263999999995576],[-89.629147951843095,20.968213542260671,12.358500000002095],[-89.629176845023991,20.968218673248334,14.580700000005891],[-89.629174711957006,20.968229272294568,14.55909999999858],[-89.629172577062633,20.968239876786139,14.537500000005821],[-89.62917010869937,20.968252134136758,14.51249999999709],[-89.629166475668782,20.968270180518761,14.475699999995413],[-89.629151621616444,20.968343964556102,14.325299999996787],[-89.629148278659031,20.968360570017012,14.291500000006636],[-89.629146242864053,20.968370685436678,14.270900000003166],[-89.629144125591409,20.968381198467686,14.249500000005355],[-89.629138802499128,20.968407639506587,14.619999999995343],[-89.629180331589026,20.968412959174096,15.150399999998626],[-89.629212328157763,20.968417458104117,15.050199999997858],[-89.62921744575884,20.968390590476407,14.786500000001979],[-89.629221379160867,20.968369933815413,14.709300000002258],[-89.629238476716097,20.968280162585458,14.373699999996461],[-89.629242521074517,20.968258925481038,14.294299999994109],[-89.629243904967751,20.968251656896218,14.048599999994622],[-89.629246288133814,20.968239145351866,13.625599999999395],[-89.629253619765549,20.968200648171671,12.323999999993248],[-89.629255627332142,20.968194139193582,12.279800000003888],[-89.629257444808957,20.968188247994416,12.239799999995739],[-89.629284512289686,20.968100511398234,11.643899999995483],[-89.629284556834961,20.968100365350864,11.642900000006193],[-89.62928710203073,20.968092115493715,11.586899999994785],[-89.629308990871834,20.968021165274429,11.104999999995925],[-89.629316173454001,20.96799788441832,10.946899999995367],[-89.629332187716741,20.967945972207204,10.59440000000177],[-89.629334376341404,20.967938878994765,14.28070000000298]]]},"properties":{"OBJECTID":188,"CATEGORIA":"USOS_DE_PREDIO","CODIGO":3009,"ELEMENTO":"Predios ruinosos o con maleza interior","Z":10.5944004,"Shape_Length":140.73306918316814,"Shape_Area":629.37914287424451}},{"type":"Feature","id":189,"geometry":{"type":"Polygon","coordinates":[[[-89.629212328157763,20.968417458104117,15.050199999997858],[-89.629306526535146,20.968430703524675,15.056800000005751],[-89.629314363621106,20.968382089264114,14.778300000005402],[-89.629318524599469,20.968382681413278,14.620200000004843],[-89.629325254346568,20.968340935115172,14.67949999999837],[-89.629335465010485,20.968342387299195,14.482000000003609],[-89.629336320696808,20.968338881844694,14.409799999993993],[-89.629347237852116,20.968294129406484,13.488200000007055],[-89.629347997551704,20.96829101637017,13.424100000003818],[-89.629358182881788,20.968249267292173,12.564299999998184],[-89.629369772717837,20.968201757982563,11.585900000005495],[-89.629372286770888,20.968191453705302,11.373699999996461],[-89.629376023268662,20.968176135960107,11.058199999999488],[-89.629377702317356,20.968169255561129,10.916500000006636],[-89.629377723833102,20.968169166749146,10.916599999996834],[-89.629388327983065,20.968125699390878,10.9887000000017],[-89.629425914682599,20.967971627394761,11.244300000005751],[-89.629430003676958,20.967954865958621,13.334400000007008],[-89.629411577724412,20.967951785436512,13.346199999999953],[-89.629388016256328,20.967947846115589,13.631399999998393],[-89.629372236642894,20.967945208671612,13.822400000004563],[-89.629369749386811,20.967944792927458,13.852499999993597],[-89.629349784810387,20.967941455359853,14.094200000006822],[-89.62933737455586,20.967939380749598,14.244399999995949],[-89.629334376341404,20.967938878994765,14.28070000000298],[-89.629332187716741,20.967945972207204,10.59440000000177],[-89.629316173454001,20.96799788441832,10.946899999995367],[-89.629308990871834,20.968021165274429,11.104999999995925],[-89.62928710203073,20.968092115493715,11.586899999994785],[-89.629284556834961,20.968100365350864,11.642900000006193],[-89.629284512289686,20.968100511398234,11.643899999995483],[-89.629257444808957,20.968188247994416,12.239799999995739],[-89.629255627332142,20.968194139193582,12.279800000003888],[-89.629253619765549,20.968200648171671,12.323999999993248],[-89.629246288133814,20.968239145351866,13.625599999999395],[-89.629243904967751,20.968251656896218,14.048599999994622],[-89.629242521074517,20.968258925481038,14.294299999994109],[-89.629238476716097,20.968280162585458,14.373699999996461],[-89.629221379160867,20.968369933815413,14.709300000002258],[-89.62921744575884,20.968390590476407,14.786500000001979],[-89.629212328157763,20.968417458104117,15.050199999997858]]]},"properties":{"OBJECTID":189,"CATEGORIA":"USOS_DE_PREDIO","CODIGO":3009,"ELEMENTO":"Predios ruinosos o con maleza interior","Z":10.5944004,"Shape_Length":130.28106511613535,"Shape_Area":592.23430762491068}},{"type":"Feature","id":190,"geometry":{"type":"Polygon","coordinates":[[[-89.6320880236796,20.968370723598429,12.943299999998999],[-89.632173729139708,20.96839250331039,12.420599999997648],[-89.632174120259236,20.968391015682741,11.970700000005309],[-89.63226089391479,20.968060272032325,13.515100000004168],[-89.632261342614356,20.968058559606973,13.517600000006496],[-89.632262337427136,20.96805476940068,13.523100000005797],[-89.632273393605928,20.968012627565674,13.584799999996903],[-89.632284510133459,20.967970254569956,13.496299999998882],[-89.632282351032799,20.967969750735733,13.413199999995413],[-89.632184150369625,20.967946521843761,13.470700000005309],[-89.632172908507059,20.967989368964915,12.903200000000652],[-89.632181821625963,20.967991432396929,12.925099999993108],[-89.632170765421606,20.968033574228627,12.925099999993108],[-89.632170244585993,20.968035558624781,12.725900000004913],[-89.632153865116734,20.968031767837168,12.585600000005797],[-89.632135962632034,20.968093480996234,12.515499999994063],[-89.632134935536897,20.968097019804553,12.511499999993248],[-89.632156903975016,20.968102641894795,12.533500000005006],[-89.632143066114864,20.968164989251228,12.916200000006938],[-89.632126184665694,20.968228086960298,12.896800000002258],[-89.632105813618509,20.968304228857956,12.816699999995762],[-89.632095232053004,20.968343781189976,12.892000000007101],[-89.6320880236796,20.968370723598429,12.943299999998999]]]},"properties":{"OBJECTID":190,"CATEGORIA":"USOS_DE_PREDIO","CODIGO":3009,"ELEMENTO":"Predios ruinosos o con maleza interior","Z":11.9707003,"Shape_Length":121.22750322529944,"Shape_Area":471.65835810066329}},{"type":"Feature","id":191,"geometry":{"type":"Polygon","coordinates":[[[-89.618212284439849,20.968514364200054,15.869600000005448],[-89.618206192431273,20.968545446763521,15.789199999999255],[-89.618301488860084,20.968561925472954,15.384099999995669],[-89.618331658034862,20.968567142548693,15.255900000003749],[-89.618331046280829,20.968570264116558,15.224199999996927],[-89.618328939963149,20.968581008947943,15.115099999995437],[-89.618339243821737,20.968582790816043,15.148400000005495],[-89.618389943239933,20.968590600423813,15.197799999994459],[-89.618476981963752,20.968604007124139,15.282600000005914],[-89.618604206674831,20.968623604494383,15.406499999997322],[-89.618611040232778,20.968624656912379,15.413199999995413],[-89.618658626497961,20.968631987023983,17.426500000001397],[-89.618681163282048,20.968516555505229,17.800600000002305],[-89.61868374358184,20.968503334961579,17.155199999993783],[-89.618626714881927,20.968493511848546,15.586599999995087],[-89.618588912050939,20.968487001001066,15.309999999997672],[-89.618588398162686,20.968486912294647,15.306200000006356],[-89.618500083243163,20.968471700580309,14.659799999993993],[-89.618487565859837,20.968469544654173,14.568199999994249],[-89.618413311922538,20.96845675490961,14.024699999994482],[-89.618229772180584,20.96842514094347,16.100300000005518],[-89.618212284439849,20.968514364200054,15.869600000005448]]]},"properties":{"OBJECTID":191,"CATEGORIA":"USOS_DE_PREDIO","CODIGO":3009,"ELEMENTO":"Predios ruinosos o con maleza interior","Z":14.0247002,"Shape_Length":125.66090816976508,"Shape_Area":694.81656263088996}},{"type":"Feature","id":192,"geometry":{"type":"Polygon","coordinates":[[[-89.632173729139708,20.96839250331039,12.420599999997648],[-89.632202025996108,20.968399694270428,12.406199999997625],[-89.632315492477559,20.968428528685561,12.348599999997532],[-89.632315775027806,20.968427647647804,12.0112999999983],[-89.632354677876492,20.968306522654785,13.32060000000638],[-89.632360303799913,20.96828900701745,13.224499999996624],[-89.632364638047662,20.968275510082123,13.150399999998626],[-89.632402368610414,20.968158034478922,13.901100000002771],[-89.632409443844523,20.968136006549773,14.041899999996531],[-89.632422380096713,20.968095727134251,14.299299999998766],[-89.632434777674391,20.96805712722584,14.546000000002095],[-89.632435407523189,20.968055165521584,14.558499999999185],[-89.632442663187362,20.968032573228093,14.702900000003865],[-89.632450263440262,20.968008910241316,14.301999999996042],[-89.632284510133459,20.967970254569956,13.496299999998882],[-89.632273393605928,20.968012627565674,13.584799999996903],[-89.632262337427136,20.96805476940068,13.523100000005797],[-89.632261342614356,20.968058559606973,13.517600000006496],[-89.63226089391479,20.968060272032325,13.515100000004168],[-89.632174120259236,20.968391015682741,11.970700000005309],[-89.632173729139708,20.96839250331039,12.420599999997648]]]},"properties":{"OBJECTID":192,"CATEGORIA":"USOS_DE_PREDIO","CODIGO":3009,"ELEMENTO":"Predios ruinosos o con maleza interior","Z":11.9707003,"Shape_Length":129.77619619417572,"Shape_Area":798.81032610497198}},{"type":"Feature","id":193,"geometry":{"type":"Polygon","coordinates":[[[-89.632096971692661,20.967925899764939,13.075299999996787],[-89.631904178510567,20.967880295123493,14.262700000006589],[-89.63177798434937,20.967850444493475,14.546199999997043],[-89.631773974786597,20.967849496145785,14.555200000002515],[-89.631584207267721,20.967815777407782,16.169999999998254],[-89.631508287554468,20.96780228788046,16.81600000000617],[-89.63144754387929,20.967791494549658,17.33289999999397],[-89.631428682549014,20.967788142894602,17.551399999996647],[-89.631337157743602,20.96777188061969,18.611799999998766],[-89.631309437065099,20.967766954891868,18.93289999999979],[-89.631298684709193,20.967773047321348,18.962599999998929],[-89.631280814860006,20.967783171693974,19.011899999997695],[-89.631277062901347,20.96778529718711,19.022200000006706],[-89.631247141849684,20.96786315479374,16.209700000006706],[-89.631228704343258,20.967911131091864,14.476599999994505],[-89.631225892986976,20.967918447013425,14.212299999999232],[-89.631176148907159,20.968047886644822,13.765100000004168],[-89.631160286467889,20.968089162802997,13.622499999997672],[-89.631102505300618,20.96823951389533,13.798599999994622],[-89.631148593405868,20.968255643867927,15.209099999992759],[-89.631191018888401,20.968270492371008,15.226699999999255],[-89.631230434576352,20.968284287677147,15.243100000006962],[-89.631272337812035,20.968298953723068,15.260500000003958],[-89.631323521929119,20.96831686751591,15.28179999999702],[-89.63146205432335,20.968365352372953,15.339399999997113],[-89.631517976611406,20.968384924582043,15.362699999997858],[-89.631525538264754,20.968387702317614,15.325400000001537],[-89.631622684742041,20.96842339461244,14.846300000004703],[-89.63167491692812,20.968442584987528,14.588699999992969],[-89.631680684925442,20.968444704257212,14.560299999997369],[-89.631696789190002,20.968404015694937,13.325200000006589],[-89.63171101928711,20.968368061764945,12.233800000001793],[-89.631781336492466,20.968390785454638,14.684699999997974],[-89.631789727729171,20.968367877692764,14.29649999999674],[-89.631809092642783,20.968315014312463,13.400800000003073],[-89.631814176700559,20.968301132923081,13.165599999992992],[-89.631819100921675,20.968302384941772,12.868100000006962],[-89.631823563599951,20.968303518594514,12.598400000002584],[-89.631931951258224,20.9683310621182,14.374599999995553],[-89.631982055606272,20.96834379555786,12.517900000006193],[-89.631989451312776,20.968316900817531,12.414600000003702],[-89.631993360611872,20.968302683656823,12.360000000000582],[-89.632028467605778,20.968175016598476,11.869600000005448],[-89.632052507199973,20.968087594639787,11.533800000004703],[-89.632056482498712,20.968073139910757,11.536699999996927],[-89.632096971692661,20.967925899764939,13.075299999996787]]]},"properties":{"OBJECTID":193,"CATEGORIA":"USOS_DE_PREDIO","CODIGO":3009,"ELEMENTO":"Predios ruinosos o con maleza interior","Z":11.5338001,"Shape_Length":298.78948431261813,"Shape_Area":5159.5628471470964}},{"type":"Feature","id":194,"geometry":{"type":"Polygon","coordinates":[[[-89.62627484495205,20.968614448303267,15.125],[-89.626323642878546,20.96862251324437,14.872399999992922],[-89.626330543361959,20.968623653697922,14.924599999998463],[-89.626353148759364,20.968627389689907,15.095700000005309],[-89.626373495449883,20.968630752412938,15.249700000000303],[-89.626373867555714,20.968630813487092,17.374299999995856],[-89.626373852780759,20.968630903097786,17.373500000001513],[-89.626372795532248,20.968637124737977,17.319900000002235],[-89.626387011992733,20.968639474171493,16.81590000000142],[-89.62639544431822,20.96864086818081,16.904800000003888],[-89.626453794759414,20.968650511157371,17.100000000005821],[-89.626462198161676,20.968651900192068,17.128100000001723],[-89.626552309364229,20.968666792877404,17.42960000000312],[-89.626554412865687,20.968667140545413,17.436600000000908],[-89.626557244195055,20.968667607904955,17.446100000001024],[-89.626563525968635,20.968639453848784,17.070200000001932],[-89.626587134943932,20.968533639684786,17.119999999995343],[-89.626593686809073,20.968504275246094,17.133799999995972],[-89.626604353476822,20.968456472406334,17.156300000002375],[-89.626604536200162,20.968455652502922,17.156700000006822],[-89.626612648895218,20.968419291229402,17.173800000004121],[-89.626633429438584,20.968326157067306,17.217600000003586],[-89.626668881666163,20.968167268188573,16.130300000004354],[-89.626374416543968,20.968126349675341,17.450899999996182],[-89.626364269131415,20.968176091964242,19.805099999997765],[-89.626326618045937,20.968360656765533,17.048500000004424],[-89.626325042941247,20.968368377910434,16.933199999999488],[-89.62631854863001,20.968400213479743,16.699200000002747],[-89.626317997908657,20.968402912486003,16.67939999999362],[-89.626313343397541,20.968425727228823,16.511799999992945],[-89.626283860844808,20.968570250755501,15.449800000002142],[-89.626282571699178,20.968576568965133,15.4033999999956],[-89.62627484495205,20.968614448303267,15.125]]]},"properties":{"OBJECTID":194,"CATEGORIA":"USOS_DE_PREDIO","CODIGO":3009,"ELEMENTO":"Predios ruinosos o con maleza interior","Z":14.8724003,"Shape_Length":173.30811766511118,"Shape_Area":1703.4208178397037}},{"type":"Feature","id":195,"geometry":{"type":"Polygon","coordinates":[[[-89.626326618045937,20.968360656765533,17.048500000004424],[-89.626286675702119,20.968355814817393,15.304199999998673],[-89.626267182784602,20.96835345102048,15.376999999993131],[-89.626249631854137,20.968351323623633,15.442599999994854],[-89.626164616728559,20.968341016353513,15.760299999994459],[-89.626087076660539,20.968331615835165,16.05000000000291],[-89.626060014314916,20.96832833493621,16.151100000002771],[-89.625878821638864,20.96830636730374,16.828200000003562],[-89.62587406014903,20.968305789743095,16.846000000005006],[-89.625755683844389,20.968291438003185,16.67500000000291],[-89.625751934344919,20.96830993937904,16.387000000002445],[-89.625745422035692,20.968342072254952,16.419200000003912],[-89.625739614151186,20.968370730007045,16.447899999999208],[-89.625715616215942,20.968489141356685,16.566600000005565],[-89.625708087131031,20.968526293542993,16.418000000005122],[-89.625731795424215,20.968530546208854,16.00449999999546],[-89.625749443327891,20.968533711352439,15.973400000002584],[-89.625771165237254,20.968537607306111,15.935100000002421],[-89.625942853881881,20.968568400712904,15.632700000001932],[-89.626014779103883,20.968581300648626,15.505999999993946],[-89.626103307958275,20.968597178614463,15.350099999996019],[-89.626097143777443,20.968627501318036,14.098199999993085],[-89.626094116535185,20.968642390966927,13.483399999997346],[-89.626129407323589,20.968649642165197,13.844700000001467],[-89.626187935879997,20.968661666935031,14.443799999993644],[-89.626243662949577,20.96867311641892,15.014299999995274],[-89.626257009639176,20.968675859376024,15.150999999998021],[-89.626262103273177,20.968676905803953,15.203099999998813],[-89.626264994937785,20.968662729695563,14.770199999999022],[-89.626267845882992,20.968648753746439,14.872900000002119],[-89.62627484495205,20.968614448303267,15.125],[-89.626282571699178,20.968576568965133,15.4033999999956],[-89.626283860844808,20.968570250755501,15.449800000002142],[-89.626313343397541,20.968425727228823,16.511799999992945],[-89.626317997908657,20.968402912486003,16.67939999999362],[-89.62631854863001,20.968400213479743,16.699200000002747],[-89.626325042941247,20.968368377910434,16.933199999999488],[-89.626326618045937,20.968360656765533,17.048500000004424]]]},"properties":{"OBJECTID":195,"CATEGORIA":"USOS_DE_PREDIO","CODIGO":3009,"ELEMENTO":"Predios ruinosos o con maleza interior","Z":13.4834003,"Shape_Length":186.90408742662575,"Shape_Area":1786.2722092137565}},{"type":"Feature","id":196,"geometry":{"type":"Polygon","coordinates":[[[-89.631781336492466,20.968390785454638,14.684699999997974],[-89.631766334618149,20.968431738681467,14.656300000002375],[-89.631755283869751,20.968461904951113,14.635399999999208],[-89.631704336244425,20.968613330654488,13.624299999995856],[-89.631684691238206,20.968671720213909,13.234500000005937],[-89.631683875290193,20.968674143441685,13.218299999993178],[-89.631669181514567,20.968717817621659,12.926699999996345],[-89.631666318914441,20.968726323400528,12.869900000005146],[-89.63165580477569,20.968765781681022,12.908599999995204],[-89.631646175372623,20.968801914621942,11.920599999997648],[-89.631727783381891,20.968817716845759,11.407000000006519],[-89.631765820702341,20.968825082409996,11.406099999992875],[-89.631777424763172,20.968782106015858,15.547399999995832],[-89.631783464660032,20.968759737471846,15.611099999994622],[-89.631789906218515,20.968735879332005,15.679000000003725],[-89.631789912502754,20.968735853954996,15.679099999993923],[-89.631810486581003,20.968677221609944,15.546400000006543],[-89.631900281875573,20.968421316837386,14.967099999994389],[-89.631905863921503,20.968405408968959,14.862699999997858],[-89.631931951258224,20.9683310621182,14.374599999995553],[-89.631823563599951,20.968303518594514,12.598400000002584],[-89.631819100921675,20.968302384941772,12.868100000006962],[-89.631814176700559,20.968301132923081,13.165599999992992],[-89.631809092642783,20.968315014312463,13.400800000003073],[-89.631789727729171,20.968367877692764,14.29649999999674],[-89.631781336492466,20.968390785454638,14.684699999997974]]]},"properties":{"OBJECTID":196,"CATEGORIA":"USOS_DE_PREDIO","CODIGO":3009,"ELEMENTO":"Predios ruinosos o con maleza interior","Z":11.4061003,"Shape_Length":141.00046217446641,"Shape_Area":737.20485196509458}},{"type":"Feature","id":197,"geometry":{"type":"Polygon","coordinates":[[[-89.631765820702341,20.968825082409996,11.406099999992875],[-89.631843327635735,20.968840090226809,11.404299999994691],[-89.631902988274703,20.968851642254567,12.19100000000617],[-89.631906964535716,20.968834167464056,13.848499999992782],[-89.631914280742293,20.968802018437671,13.997900000002119],[-89.63191742698416,20.968788194072197,14.062099999995553],[-89.63192339093068,20.96876198415023,14.183900000003632],[-89.631928498084648,20.968739542438069,14.288199999995413],[-89.631929149627652,20.968736678448192,14.301500000001397],[-89.631930800841758,20.968729422876951,14.33520000000135],[-89.631934249475691,20.968719527575693,14.401500000007218],[-89.631937840923683,20.968709224686116,14.470499999995809],[-89.63195506850785,20.968659791756846,14.801699999996345],[-89.631964151344818,20.968633728660016,14.976299999994808],[-89.631964197133001,20.968633598844356,14.9771999999939],[-89.63196442133237,20.968632953450705,14.97259999999369],[-89.631971567552398,20.968612449357206,14.826600000000326],[-89.632002787299882,20.968522866977761,14.188500000003842],[-89.63205843206309,20.968363204122817,13.0512000000017],[-89.632044805505103,20.968359740960953,12.956099999995786],[-89.632012820333472,20.968351612920312,12.732699999993201],[-89.631982055606272,20.96834379555786,12.517900000006193],[-89.631931951258224,20.9683310621182,14.374599999995553],[-89.631905863921503,20.968405408968959,14.862699999997858],[-89.631900281875573,20.968421316837386,14.967099999994389],[-89.631810486581003,20.968677221609944,15.546400000006543],[-89.631789912502754,20.968735853954996,15.679099999993923],[-89.631789906218515,20.968735879332005,15.679000000003725],[-89.631783464660032,20.968759737471846,15.611099999994622],[-89.631777424763172,20.968782106015858,15.547399999995832],[-89.631765820702341,20.968825082409996,11.406099999992875]]]},"properties":{"OBJECTID":197,"CATEGORIA":"USOS_DE_PREDIO","CODIGO":3009,"ELEMENTO":"Predios ruinosos o con maleza interior","Z":11.4042997,"Shape_Length":142.14620913834887,"Shape_Area":786.39180369857786}},{"type":"Feature","id":198,"geometry":{"type":"Polygon","coordinates":[[[-89.628578710692906,20.968927100438282,13.599100000006729],[-89.628575022403382,20.968949410954139,13.716499999994994],[-89.62857181135837,20.968968835799764,13.590400000000955],[-89.628566089801737,20.969003442090713,13.583100000003469],[-89.62858850301437,20.969008715596129,13.073300000003655],[-89.628753151947137,20.969047452388271,12.430900000006659],[-89.628768357927086,20.969051030480298,12.37159999999858],[-89.628804650917417,20.969059569359526,12.785600000002887],[-89.628805168763606,20.969056092594574,12.56590000000142],[-89.628807192899686,20.9690425067779,12.702499999999418],[-89.628807778721026,20.969038574827298,12.74199999999837],[-89.628811994820083,20.969010281965179,13.026400000002468],[-89.628817428974159,20.968973811194434,13.462100000004284],[-89.62882177502081,20.968944649584916,13.686100000006263],[-89.628837427154835,20.968839603589302,14.74199999999837],[-89.628837462497017,20.968839371009857,14.742800000007264],[-89.628885939812989,20.968514030748242,15.88980000000447],[-89.628893779241636,20.96846142132053,16.735799999994924],[-89.628784943386151,20.968447200764103,16.919599999993807],[-89.628738469980235,20.968441128479341,16.713900000002468],[-89.628730727802093,20.968494409934699,15.913300000000163],[-89.628729860365738,20.968500376754683,15.85570000000007],[-89.628724447554475,20.968537629068649,15.496100000003935],[-89.628723207783338,20.968546159426065,15.413799999994808],[-89.628702561026302,20.968688245427419,14.042400000005728],[-89.628636448729949,20.968679769427332,13.731299999999464],[-89.628627790006902,20.968717528675647,13.716499999994994],[-89.628624698060705,20.968731012695635,13.711200000005192],[-89.628618872284747,20.968756417782249,13.701300000000629],[-89.628617270000674,20.968763402626642,13.698600000003353],[-89.628616406397626,20.968767170932431,13.697100000004866],[-89.628589477203903,20.968884602075089,13.651199999992969],[-89.628586399601971,20.968898027187798,13.645900000003166],[-89.628584431164327,20.968906610320744,13.642600000006496],[-89.628584328435238,20.968907057014132,13.642399999996996],[-89.628583731844472,20.968909659223492,13.553499999994528],[-89.628581890322437,20.968909286772902,13.597500000003492],[-89.628581662662654,20.968909240628957,13.602899999998044],[-89.62858160526909,20.968909586405701,13.602799999993294],[-89.628578710692906,20.968927100438282,13.599100000006729]]]},"properties":{"OBJECTID":198,"CATEGORIA":"USOS_DE_PREDIO","CODIGO":3009,"ELEMENTO":"Predios ruinosos o con maleza interior","Z":12.3716002,"Shape_Length":180.20959484986938,"Shape_Area":1378.5120533347003}},{"type":"Feature","id":199,"geometry":{"type":"Polygon","coordinates":[[[-89.630126226718147,20.969212683659812,13.015199999994365],[-89.630136447277224,20.96921579598769,13.240399999995134],[-89.630136788279245,20.969214409353654,11.759000000005472],[-89.630147469630813,20.969171079813002,12.448000000003958],[-89.63015606338459,20.969136220592539,13.002299999992829],[-89.630178006760843,20.969047206022683,14.417700000005425],[-89.630180355529248,20.969037676231459,14.569199999998091],[-89.630185369968601,20.969017336021089,14.892600000006496],[-89.630196563824498,20.968971930123935,14.756800000002841],[-89.630201642822144,20.968951324379876,14.695200000001932],[-89.630203611100342,20.968943341637747,14.671300000001793],[-89.630213035915887,20.968905110058849,14.556899999995949],[-89.630219474693106,20.968878991249053,14.478799999997136],[-89.630221669951808,20.968870082283864,14.452199999999721],[-89.630224182113011,20.968859892690709,14.42170000000624],[-89.630225666640612,20.968853873002796,14.403699999995297],[-89.630226058614284,20.968851719057444,14.411200000002282],[-89.630229894390624,20.968830654899381,14.485000000000582],[-89.630232602375827,20.968815781880444,14.536999999996624],[-89.630248945973534,20.968726024952897,14.729900000005728],[-89.630262729716563,20.968650323478222,12.954100000002654],[-89.630202103126706,20.968641514199508,11.789300000004005],[-89.630138837014641,20.968632322215011,11.58520000000135],[-89.630122194122904,20.968629904029058,11.531499999997322],[-89.630077756549937,20.968623447670204,11.560200000007171],[-89.630077402875926,20.9686233962511,11.561100000006263],[-89.630078403828634,20.968617317219199,11.798099999999977],[-89.629930054710343,20.968595763278792,11.986099999994622],[-89.629867972020051,20.968586742518571,12.064799999992829],[-89.629854573876031,20.968584796060597,12.08179999999993],[-89.629853723082903,20.968592315536867,12.534199999994598],[-89.629851616272717,20.968610948693545,13.655199999993783],[-89.62985017873676,20.968623664133546,14.420100000003004],[-89.629849443796473,20.968630168817263,14.81140000000596],[-89.629849318904832,20.968631271326352,14.877800000002026],[-89.629844689964898,20.968672214159483,14.831000000005588],[-89.629843698611538,20.968680984455037,14.820999999996275],[-89.62984345295385,20.968683150586731,14.818499999993946],[-89.629837626196107,20.968734687962538,12.184500000003027],[-89.629835521887841,20.968753299411972,11.233300000007148],[-89.629832283948886,20.968781943739849,10.482199999998556],[-89.629813675781847,20.968779662403271,10.690100000007078],[-89.629805185211623,20.968778621580128,10.785000000003492],[-89.629762527167628,20.968773391734455,11.261499999993248],[-89.629748165247662,20.96877163078836,11.422000000005937],[-89.629739526323931,20.968770571486534,11.518500000005588],[-89.62971288804259,20.968767305402949,12.107099999993807],[-89.629711098883419,20.968779263358222,11.820999999996275],[-89.629710966356029,20.968780149299828,11.818499999993946],[-89.629709337268991,20.968791037608536,11.788100000005215],[-89.62970529158369,20.968818072877571,11.712400000003981],[-89.629701995421669,20.96884009565813,11.650800000003073],[-89.629673297286928,20.968836395496133,11.692599999994854],[-89.629594924611396,20.968826288997526,12.048200000004726],[-89.62952344131007,20.968817071057348,12.53190000000177],[-89.629521942251529,20.968816878415854,13.717199999999139],[-89.629521651472388,20.968817674709072,14.30439999999362],[-89.629476866500042,20.968940515207152,14.24989999999525],[-89.629476245545632,20.968942218550062,14.249100000000908],[-89.62947028363601,20.96895857191743,14.24189999999362],[-89.629443697174878,20.969031497892502,14.086800000004587],[-89.629446058573095,20.969032190947715,13.813399999999092],[-89.629456919662815,20.969035379202531,13.685800000006566],[-89.629476897859988,20.969041244529635,13.451100000005681],[-89.629498421005991,20.969047562712635,13.198199999998906],[-89.629519243667616,20.969053675923721,12.95350000000326],[-89.629534229488542,20.969058075331311,12.77740000000631],[-89.629582985104463,20.969072388623943,12.204599999997299],[-89.629642240474851,20.969089784670953,11.508400000006077],[-89.629667231341955,20.969097120986479,11.21480000000156],[-89.629673181221619,20.969098867345807,11.144899999999325],[-89.629685572790009,20.969102505053744,12.231299999999464],[-89.629683581031117,20.969108213861684,12.777799999996205],[-89.629733154827065,20.969123468795516,12.91710000000603],[-89.629803083889641,20.969144986755172,13.11359999999695],[-89.629804221752792,20.969141896770463,12.897100000001956],[-89.629821764126902,20.969146550108803,12.823399999993853],[-89.630022887677399,20.969199894976118,11.978600000002189],[-89.630024792434838,20.969200474993663,11.998300000006566],[-89.630077382561581,20.969216493109414,12.541599999996834],[-89.63008113712624,20.969205616220961,12.236600000003818],[-89.630083220305465,20.969199584581567,12.067500000004657],[-89.630126226718147,20.969212683659812,13.015199999994365]]]},"properties":{"OBJECTID":199,"CATEGORIA":"USOS_DE_PREDIO","CODIGO":3009,"ELEMENTO":"Predios ruinosos o con maleza interior","Z":10.4821997,"Shape_Length":272.33032902813619,"Shape_Area":3634.3504593206344}},{"type":"Feature","id":200,"geometry":{"type":"Polygon","coordinates":[[[-89.630397896592044,20.969070679526595,15.352899999998044],[-89.630397790268944,20.969070975499257,15.352100000003702],[-89.630397762814098,20.96907105447163,15.351899999994203],[-89.630387405125575,20.969100085922303,15.275099999998929],[-89.63037613666242,20.969131671168746,15.191500000000815],[-89.630373785520803,20.96913826401023,15.174100000003818],[-89.630370424545717,20.969147682131208,15.169800000003306],[-89.630363313310525,20.969167617742158,15.160699999993085],[-89.630482493244941,20.969194170290134,14.719200000006822],[-89.630488649978602,20.969195542351773,14.717099999994389],[-89.630500594803053,20.969198203687505,14.713099999993574],[-89.630540672392442,20.969207132456859,14.699600000007194],[-89.630566992883871,20.969212996309427,14.690799999996671],[-89.630583658517281,20.969216709691029,14.685200000007171],[-89.630627844138928,20.969226553691282,15.32039999999688],[-89.63066744515811,20.969114748274155,15.373999999996158],[-89.630623259568893,20.969104904280872,14.564400000002934],[-89.630529379178483,20.969083987683533,14.087499999994179],[-89.630515793871069,20.969080961649635,14.018500000005588],[-89.630471542666257,20.969071102376979,13.914000000004307],[-89.630453080232527,20.969066989679497,13.87039999999979],[-89.630405746818539,20.969056443965119,13.758700000005774],[-89.630403178938352,20.969055871483434,15.392099999997299],[-89.630397896592044,20.969070679526595,15.352899999998044]]]},"properties":{"OBJECTID":200,"CATEGORIA":"USOS_DE_PREDIO","CODIGO":3009,"ELEMENTO":"Predios ruinosos o con maleza interior","Z":13.7587004,"Shape_Length":82.653748785469801,"Shape_Area":367.59982582139133}},{"type":"Feature","id":201,"geometry":{"type":"Polygon","coordinates":[[[-89.629043457304931,20.96939315907828,13.802800000004936],[-89.629047551679975,20.969376591677186,13.830100000006496],[-89.629048286849951,20.96937361444845,13.820800000001327],[-89.629062441523061,20.96931633096851,13.642200000002049],[-89.629070448859778,20.96928392576493,14.086100000000442],[-89.629011947093545,20.969263344349667,12.736199999999371],[-89.628992335011944,20.969344284723917,11.605400000000373],[-89.628982221455416,20.969386023655289,11.96469999999681],[-89.628929444604168,20.969377847575814,12.397899999996298],[-89.628892328475118,20.969372097717336,12.702499999999418],[-89.628875264380511,20.96936945388164,12.842600000003586],[-89.628840402720911,20.969364053833587,15.30909999999858],[-89.628835077611981,20.969384394301457,15.338099999993574],[-89.628830128283411,20.96940330245717,15.365000000005239],[-89.628811098525873,20.969475996174225,15.468399999997928],[-89.62879802818199,20.96952592539666,15.539499999998952],[-89.628793674625456,20.969525261272526,15.572400000004563],[-89.628784199325423,20.969567113135547,15.036600000006729],[-89.628923937296676,20.969588761182163,15.058699999994133],[-89.628935677715404,20.969538639405684,14.510599999994156],[-89.628941477278985,20.969513881161564,14.286999999996624],[-89.628945537134825,20.969496548672723,14.130499999999302],[-89.628965815013615,20.969409982260885,13.348599999997532],[-89.629000833603243,20.969423197689277,13.318899999998393],[-89.62900987438826,20.969402061332936,13.282200000001467],[-89.62901089946962,20.969399666486048,13.278000000005704],[-89.629017820874395,20.969383484308469,13.249800000005052],[-89.629043457304931,20.96939315907828,13.802800000004936]]]},"properties":{"OBJECTID":201,"CATEGORIA":"USOS_DE_PREDIO","CODIGO":3009,"ELEMENTO":"Predios ruinosos o con maleza interior","Z":11.6054001,"Shape_Length":118.03373759942886,"Shape_Area":426.89330895345597}},{"type":"Feature","id":202,"geometry":{"type":"Polygon","coordinates":[[[-89.628923937296676,20.969588761182163,15.058699999994133],[-89.628999186537399,20.969600418518656,15.288400000004913],[-89.62902112681779,20.96951162437885,15.121400000003632],[-89.629021614269817,20.969509652240777,14.380699999994249],[-89.629015027699324,20.969508216337488,13.45230000000447],[-89.629024530579528,20.969469757877214,13.664600000003702],[-89.629037578431564,20.969416954298207,13.956000000005588],[-89.629043016587261,20.969394945409586,13.887400000006892],[-89.629043457304931,20.96939315907828,13.802800000004936],[-89.629017820874395,20.969383484308469,13.249800000005052],[-89.62901089946962,20.969399666486048,13.278000000005704],[-89.62900987438826,20.969402061332936,13.282200000001467],[-89.629000833603243,20.969423197689277,13.318899999998393],[-89.628965815013615,20.969409982260885,13.348599999997532],[-89.628945537134825,20.969496548672723,14.130499999999302],[-89.628941477278985,20.969513881161564,14.286999999996624],[-89.628935677715404,20.969538639405684,14.510599999994156],[-89.628923937296676,20.969588761182163,15.058699999994133]]]},"properties":{"OBJECTID":202,"CATEGORIA":"USOS_DE_PREDIO","CODIGO":3009,"ELEMENTO":"Predios ruinosos o con maleza interior","Z":13.2497997,"Shape_Length":63.864768702607201,"Shape_Area":165.31970681958495}},{"type":"Feature","id":203,"geometry":{"type":"Polygon","coordinates":[[[-89.626144834485729,20.969245409467103,17.428700000004028],[-89.626103363978189,20.96923883319365,16.929000000003725],[-89.62609642945668,20.969277110211873,15.069799999997485],[-89.626095864859948,20.969280225649094,15.181800000005751],[-89.626095625525011,20.969281546608087,15.180999999996857],[-89.626088240448055,20.969322314333546,15.155499999993481],[-89.626080946337538,20.969321148341528,15.115900000004331],[-89.626076121972019,20.969347777564842,14.390100000004168],[-89.626071360770737,20.969374060922743,13.673800000004121],[-89.626069077871108,20.969386660283742,13.330400000006193],[-89.626064424442987,20.969412345191184,12.630399999994552],[-89.62605482748225,20.969410811124281,14.941500000000815],[-89.626045809085383,20.969460591073798,14.491200000004028],[-89.626038036477155,20.969503496419613,14.103000000002794],[-89.626035203877066,20.969519128827905,13.961599999995087],[-89.626026521209226,20.969567053646049,13.528000000005704],[-89.626025752401929,20.969571299900544,13.489600000000792],[-89.626017951240001,20.969569392352302,13.52730000000156],[-89.625988095196618,20.969562090770431,13.67160000000149],[-89.625958304802367,20.969554805325256,15.532000000006519],[-89.625945330724747,20.969601608139605,16.526199999992969],[-89.625943922813136,20.96960668674993,16.634099999995669],[-89.625938368023284,20.969626723731906,17.059699999997974],[-89.625989070341646,20.969637694571322,16.877900000006775],[-89.626006997129736,20.969641574050744,16.830100000006496],[-89.62603175053917,20.969646930088601,16.763999999995576],[-89.626045857306096,20.969649982753758,16.726399999999558],[-89.6260639819033,20.969653905222991,16.678100000004633],[-89.626067491226479,20.969654664593605,16.668699999994715],[-89.626081605466126,20.969579983818097,13.357799999997951],[-89.626087851683309,20.969546928705249,13.54210000000603],[-89.62609432765781,20.969512664735301,13.733099999997648],[-89.62610228789589,20.969470541078767,13.967900000003283],[-89.626116111738909,20.969397396025684,14.375700000004144],[-89.626116702124236,20.969394271162276,14.393100000001141],[-89.626119080457102,20.969381687483946,14.463199999998324],[-89.62612201655233,20.96936614737664,14.549799999993411],[-89.626127298530079,20.969338201954169,14.705600000001141],[-89.626136762472257,20.969288121705002,14.984800000005635],[-89.626144834485729,20.969245409467103,17.428700000004028]]]},"properties":{"OBJECTID":203,"CATEGORIA":"USOS_DE_PREDIO","CODIGO":3009,"ELEMENTO":"Predios ruinosos o con maleza interior","Z":12.6303997,"Shape_Length":119.13440824982651,"Shape_Area":309.62063376548838}},{"type":"Feature","id":204,"geometry":{"type":"Polygon","coordinates":[[[-89.626067491226479,20.969654664593605,16.668699999994715],[-89.626078559525922,20.969657058968927,16.639200000005076],[-89.626138996713181,20.96967013772257,16.478000000002794],[-89.62616056210824,20.969674803452239,16.947799999994459],[-89.62617287162108,20.969614894160308,18.916800000006333],[-89.626189155199881,20.969535640366981,18.124200000005658],[-89.626191322141239,20.969525096793767,17.342999999993481],[-89.626195164241864,20.969506396258932,17.392399999996996],[-89.626220867469428,20.969381295491988,17.72269999999844],[-89.626227582590417,20.969348616861776,17.80899999999383],[-89.626228281558298,20.969345214952522,17.817999999999302],[-89.6262284002661,20.96934463709924,17.822700000004261],[-89.626237654275414,20.969299597125904,18.18640000000596],[-89.626245507684033,20.969261373651996,18.494999999995343],[-89.626199227234196,20.969254034613677,18.511799999992945],[-89.626144834485729,20.969245409467103,17.428700000004028],[-89.626136762472257,20.969288121705002,14.984800000005635],[-89.626127298530079,20.969338201954169,14.705600000001141],[-89.62612201655233,20.96936614737664,14.549799999993411],[-89.626119080457102,20.969381687483946,14.463199999998324],[-89.626116702124236,20.969394271162276,14.393100000001141],[-89.626116111738909,20.969397396025684,14.375700000004144],[-89.62610228789589,20.969470541078767,13.967900000003283],[-89.62609432765781,20.969512664735301,13.733099999997648],[-89.626087851683309,20.969546928705249,13.54210000000603],[-89.626081605466126,20.969579983818097,13.357799999997951],[-89.626067491226479,20.969654664593605,16.668699999994715]]]},"properties":{"OBJECTID":204,"CATEGORIA":"USOS_DE_PREDIO","CODIGO":3009,"ELEMENTO":"Predios ruinosos o con maleza interior","Z":13.3577995,"Shape_Length":113.24624548155536,"Shape_Area":476.14934133879683}},{"type":"Feature","id":205,"geometry":{"type":"Polygon","coordinates":[[[-89.631704094825224,20.969580222937687,17.72609999999986],[-89.631674958900774,20.96966740039235,17.133600000001024],[-89.631594570197706,20.969910778041129,15.652100000006612],[-89.631594181030735,20.969912652059662,15.643500000005588],[-89.631581178836228,20.969975311512641,14.632400000002235],[-89.631620402459063,20.969981734231716,14.348800000007031],[-89.631704491117461,20.969995504578609,14.722099999999045],[-89.631713581458811,20.969953728092868,14.767099999997299],[-89.631723979620432,20.969905944572595,14.34780000000319],[-89.631734318999804,20.969858427399501,13.930900000006659],[-89.631735547618788,20.969852782730626,13.881399999998393],[-89.631759606107721,20.969742216725322,12.911300000007031],[-89.631798363292177,20.969618663569847,12.520300000003772],[-89.631825676599291,20.969531594616271,12.772400000001653],[-89.631721514867266,20.969508729409391,18.022400000001653],[-89.631704094825224,20.969580222937687,17.72609999999986]]]},"properties":{"OBJECTID":205,"CATEGORIA":"USOS_DE_PREDIO","CODIGO":3009,"ELEMENTO":"Predios ruinosos o con maleza interior","Z":12.5202999,"Shape_Length":130.87162891218745,"Shape_Area":617.51316018876605}},{"type":"Feature","id":206,"geometry":{"type":"Polygon","coordinates":[[[-89.625095312609119,20.969833999169261,15.926699999996345],[-89.624882604546841,20.969802785322543,15.322199999995064],[-89.62488243108001,20.96980276000712,17.476699999999255],[-89.624882388437015,20.969802960195928,17.474199999996927],[-89.62486117100832,20.969903564907863,16.237099999998463],[-89.624852511247212,20.969944624013696,15.732199999998556],[-89.624852276923278,20.969945737237339,15.718500000002678],[-89.624850713608254,20.969953147610859,15.627399999997579],[-89.624859105553156,20.969954922416477,14.899799999999232],[-89.624886833298774,20.969960785333839,14.921199999997043],[-89.624884507212158,20.96997477033786,14.666599999996834],[-89.624884440232265,20.969975173141908,14.659299999999348],[-89.624864076785897,20.970097592192317,16.793000000005122],[-89.624920600904304,20.970105886938082,17.258900000000722],[-89.625001770240743,20.970117797902731,16.94890000000305],[-89.625047000536199,20.970124435660463,17.204299999997602],[-89.625063163173138,20.970027272886934,16.424899999998161],[-89.625066608801177,20.970006557878712,16.076199999995879],[-89.625095312609119,20.969833999169261,15.926699999996345]]]},"properties":{"OBJECTID":206,"CATEGORIA":"USOS_DE_PREDIO","CODIGO":3009,"ELEMENTO":"Predios ruinosos o con maleza interior","Z":14.6592999,"Shape_Length":110.41795517199105,"Shape_Area":687.14265667771429}},{"type":"Feature","id":207,"geometry":{"type":"Polygon","coordinates":[[[-89.625047000536199,20.970124435660463,17.204299999997602],[-89.62521726778877,20.970149421798613,16.126000000003842],[-89.625259379482557,20.970155601060263,15.965200000006007],[-89.625266323088383,20.97015661990368,16.210000000006403],[-89.625301738142241,20.970134981488513,16.407500000001164],[-89.625302115666713,20.970132986673811,16.21490000000631],[-89.6253045376139,20.970120199185313,16.21490000000631],[-89.625315133530933,20.970064248281691,16.21490000000631],[-89.625319643831403,20.970040431796242,16.21490000000631],[-89.625341141951196,20.969926915471657,16.21490000000631],[-89.625351616492352,20.96987161107851,16.361600000003818],[-89.625340260024544,20.969869944286966,16.622700000007171],[-89.625102900930386,20.969835112816266,15.948300000003655],[-89.625095312609119,20.969833999169261,15.926699999996345],[-89.625066608801177,20.970006557878712,16.076199999995879],[-89.625063163173138,20.970027272886934,16.424899999998161],[-89.625047000536199,20.970124435660463,17.204299999997602]]]},"properties":{"OBJECTID":207,"CATEGORIA":"USOS_DE_PREDIO","CODIGO":3009,"ELEMENTO":"Predios ruinosos o con maleza interior","Z":15.9266996,"Shape_Length":116.67870305870539,"Shape_Area":863.02677187598795}},{"type":"Feature","id":208,"geometry":{"type":"Polygon","coordinates":[[[-89.627602749904668,20.970216096236769,14.27039999999397],[-89.627602593383386,20.970216875108068,14.280199999993783],[-89.627597617695869,20.97024005777277,14.264100000000326],[-89.627630174896098,20.970248065850068,14.685200000007171],[-89.627633376170223,20.970248853412805,14.726599999994505],[-89.627640273963451,20.970250550006515,14.815799999996671],[-89.627642561958481,20.970251112401076,14.845400000005611],[-89.627707863653825,20.970267174395826,15.689899999997579],[-89.627747885332653,20.97027701746314,16.207500000004075],[-89.627802382270289,20.970290421974223,16.912299999996321],[-89.627802484466713,20.970290439357548,16.908699999999953],[-89.627823547823269,20.970294203431948,16.162400000001071],[-89.627842372137451,20.970297565968018,15.49550000000454],[-89.627891866751838,20.970306408748453,14.320300000006682],[-89.627908026566686,20.970226615065883,14.608099999997648],[-89.627858844373364,20.970216232611708,14.21490000000631],[-89.627849661290398,20.970214293204709,14.192599999994854],[-89.627818259594832,20.970207664061917,14.116200000004028],[-89.627816688884678,20.970207332569146,14.112399999998161],[-89.627783431852905,20.970200311312311,14.031499999997322],[-89.627700758195161,20.970182857894923,13.830400000006193],[-89.627695548222349,20.970181758236279,13.817699999999604],[-89.627627783780127,20.97016745145859,13.652799999996205],[-89.627613101296561,20.970164351836502,13.61710000000312],[-89.627602749904668,20.970216096236769,14.27039999999397]]]},"properties":{"OBJECTID":208,"CATEGORIA":"USOS_DE_PREDIO","CODIGO":3009,"ELEMENTO":"Predios ruinosos o con maleza interior","Z":13.6170998,"Shape_Length":80.489119047783788,"Shape_Area":282.71341911704639}},{"type":"Feature","id":209,"geometry":{"type":"Polygon","coordinates":[[[-89.626684432113464,20.970428033831929,15.396999999997206],[-89.626819300125675,20.970460734697856,15.462100000004284],[-89.626862744425893,20.970471269144227,16.953200000003562],[-89.626876269468426,20.97042058633447,19.395999999993364],[-89.62688825090467,20.970375686655263,18.932100000005448],[-89.626893073161668,20.970376822112392,18.853099999992992],[-89.626910042620082,20.970341770611409,18.846000000005006],[-89.626940426404502,20.970279012103294,18.833299999998417],[-89.627028987868044,20.970296199027707,19.169099999999162],[-89.627035200405842,20.97026854169647,15.709900000001653],[-89.627044094766589,20.970228949668204,15.993100000006962],[-89.627008974214377,20.970221947067127,16.529699999999139],[-89.626992980953702,20.97021875836132,16.774099999995087],[-89.626971881984133,20.970214550524666,16.723499999992782],[-89.626900363728552,20.970200289609259,16.551800000001094],[-89.626896589204179,20.970199537056029,16.542700000005425],[-89.626850432522332,20.970190332818969,16.431899999995949],[-89.626846793238556,20.970206884142623,15.152700000006007],[-89.626812413896801,20.970200215862789,15.251399999993737],[-89.626806260908822,20.970228202716797,15.014400000000023],[-89.626801796137329,20.970227336212144,15.103300000002491],[-89.626801181731494,20.970230131001472,15.030799999993178],[-89.626799895881788,20.970235976968318,14.981799999994109],[-89.626793925424693,20.97026313308724,14.754400000005262],[-89.62679133159304,20.970274933705042,14.811900000000605],[-89.626779227702542,20.970329986090164,15.408999999999651],[-89.626772713165934,20.970359616302119,15.730400000000373],[-89.626765878572456,20.970358290675211,15.700800000005984],[-89.626758462939222,20.970392022017361,15.858800000001793],[-89.62669458529389,20.970376534481247,15.37489999999525],[-89.626684432113464,20.970428033831929,15.396999999997206]]]},"properties":{"OBJECTID":209,"CATEGORIA":"USOS_DE_PREDIO","CODIGO":3009,"ELEMENTO":"Predios ruinosos o con maleza interior","Z":14.7544003,"Shape_Length":121.45172318040127,"Shape_Area":515.22080193289719}},{"type":"Feature","id":210,"geometry":{"type":"Polygon","coordinates":[[[-89.627452482287694,20.970194470527165,11.766699999992852],[-89.627450779631261,20.970200831234511,11.889500000004773],[-89.627443206667436,20.970229128919147,12.436000000001513],[-89.627439722167964,20.970242159429386,12.687699999994948],[-89.627433001734431,20.970267263198785,13.172500000000582],[-89.627427024939365,20.97028959726973,13.603799999997136],[-89.627417773709865,20.970324166804893,14.271500000002561],[-89.62741409684206,20.97033790541337,14.536800000001676],[-89.627406909131949,20.970364762515189,15.055500000002212],[-89.627391614302766,20.970421914533457,14.692500000004657],[-89.627388634052295,20.970433053002932,14.621799999993527],[-89.627383106559819,20.970453706246101,14.490600000004633],[-89.627378062703187,20.970472552635439,14.370899999994435],[-89.627376462934606,20.970478530749801,14.33289999999397],[-89.627368467665875,20.970508405917855,14.143200000005891],[-89.62736474569266,20.970522314055824,14.054900000002817],[-89.627352634201245,20.970567574196529,13.767399999996996],[-89.627348850855384,20.970581710800928,13.677599999995437],[-89.627346985803342,20.970588679829682,14.916200000006938],[-89.627430522825421,20.970608934288453,15.494099999996251],[-89.627432217527385,20.970602998046409,15.330499999996391],[-89.627451252606306,20.970536337224758,15.25800000000163],[-89.627453799712086,20.970524176179527,15.201600000000326],[-89.627471697160701,20.970438743555398,14.805200000002515],[-89.627486428158235,20.970368423939913,14.478900000001886],[-89.627486450336391,20.970368317963576,14.478400000007241],[-89.627500182976036,20.970302748328713,14.174199999994016],[-89.627503591858229,20.970286493077221,14.098800000007031],[-89.627507709352983,20.970266839376354,14.007599999997183],[-89.627519388376584,20.970211088386471,13.748999999996158],[-89.627522159098618,20.970197863034727,13.68760000000475],[-89.627513825756594,20.970195978215134,12.107399999993504],[-89.62747829682678,20.97018794011538,11.562799999999697],[-89.627468744594736,20.970185778861723,11.416400000001886],[-89.627455603275308,20.970182805326434,11.541400000001886],[-89.627452482287694,20.970194470527165,11.766699999992852]]]},"properties":{"OBJECTID":210,"CATEGORIA":"USOS_DE_PREDIO","CODIGO":3009,"ELEMENTO":"Predios ruinosos o con maleza interior","Z":11.4164,"Shape_Length":108.99784503231464,"Shape_Area":384.45035053793288}},{"type":"Feature","id":211,"geometry":{"type":"Polygon","coordinates":[[[-89.63095683391694,20.970624411435548,14.012000000002445],[-89.630956268671966,20.970624245012822,10.662599999996019],[-89.630954106234512,20.970623607593897,10.668000000005122],[-89.630946899097154,20.970621484353458,10.686199999996461],[-89.630935539073917,20.970618136886198,10.71480000000156],[-89.630887232178168,20.970603902880999,10.83640000000014],[-89.630877342764222,20.970600988636058,10.861300000004121],[-89.630788846315028,20.970574911455969,11.084199999997509],[-89.630728974591136,20.970557269887976,11.235000000000582],[-89.630709735906251,20.970551600966402,11.283500000005006],[-89.630704375228518,20.970550020703516,11.297000000005937],[-89.630692668338654,20.970546571136637,11.326499999995576],[-89.630691753319695,20.970546301772622,11.328800000002957],[-89.63068101846369,20.970543138745427,11.35580000000482],[-89.630650480643453,20.970534140350143,11.432799999995041],[-89.630637028727605,20.970530176017615,11.466700000004494],[-89.630635904997348,20.970529844871169,11.469500000006519],[-89.630627847582701,20.970527471114913,11.489799999995739],[-89.630582941874707,20.970514239022542,11.602899999998044],[-89.630574694103643,20.9705118086151,11.623699999996461],[-89.630564129302385,20.970508695319285,11.650299999993877],[-89.63054963539355,20.970504730820743,11.854900000005728],[-89.630543143764839,20.970502955848023,11.946599999995669],[-89.630498036481441,20.970490617962913,12.583499999993364],[-89.630480887385161,20.970485927037473,12.825700000001234],[-89.63043665808938,20.970473829278035,13.450299999996787],[-89.630422578551944,20.970469978448442,13.649099999995087],[-89.630414682537165,20.970467818874141,13.760599999994156],[-89.630403356701024,20.970464720932011,13.920499999992899],[-89.630352315114735,20.970450760128692,14.641199999998207],[-89.630322818299462,20.970442691786999,15.057700000004843],[-89.630313529509792,20.9704401519454,15.910000000003492],[-89.630307868523275,20.970438603392481,16.42949999999837],[-89.630306058249715,20.97044375143938,16.407800000000861],[-89.630297770393824,20.970467311225068,16.308600000003935],[-89.630289608045103,20.970490517861741,16.210900000005495],[-89.630278705015613,20.970521513318378,16.080400000006193],[-89.630286265607751,20.970523840592634,15.642300000006799],[-89.630294930836428,20.970526506532995,15.504199999995762],[-89.630413547766722,20.970563006352872,13.6137000000017],[-89.630437859924456,20.97057048753544,13.22620000000461],[-89.630467044952027,20.970579468038693,12.760999999998603],[-89.63047210048984,20.970581024130329,12.680399999997462],[-89.630499574898394,20.970589478498578,12.242499999993015],[-89.630505500226079,20.97059130104131,12.148100000005797],[-89.630520713206366,20.970595982138757,11.90559999999823],[-89.630556458560008,20.970606982114482,11.335900000005495],[-89.630571836804549,20.970611713923141,11.090800000005402],[-89.63057544747889,20.970612824647478,11.033200000005309],[-89.630626258917189,20.970628460115758,11.047900000005029],[-89.630662198533301,20.970639519364475,11.058300000004238],[-89.630686358967452,20.970646953195491,11.065300000002026],[-89.630775898283389,20.970674505835234,11.091199999995297],[-89.630841668559952,20.970694743169332,11.11019999999553],[-89.630869595307416,20.97070333674958,11.118300000001909],[-89.630916858931016,20.970717880299524,11.160999999992782],[-89.630922479938832,20.970704737292124,11.130600000004051],[-89.630953566784001,20.970632051298743,10.962199999994482],[-89.630955172642899,20.970628295897829,10.95350000000326],[-89.63095683391694,20.970624411435548,14.012000000002445]]]},"properties":{"OBJECTID":211,"CATEGORIA":"USOS_DE_PREDIO","CODIGO":3009,"ELEMENTO":"Predios ruinosos o con maleza interior","Z":10.6625996,"Shape_Length":161.29294147691772,"Shape_Area":742.53771731630673}},{"type":"Feature","id":212,"geometry":{"type":"Polygon","coordinates":[[[-89.628286698769287,20.970637618360733,11.303599999999278],[-89.628284047795319,20.97064707966938,11.498300000006566],[-89.628277632016832,20.970669973984204,11.969500000006519],[-89.628265061054066,20.970714834067529,12.892699999996694],[-89.62824026925901,20.97080330469424,15.31140000000596],[-89.628283673766433,20.970813862847169,16.615699999994831],[-89.628297506960678,20.970770437786474,17.426999999996042],[-89.628311549777422,20.970726357628315,16.874700000000303],[-89.62831161259669,20.970726157127729,16.858200000002398],[-89.628316287191311,20.970711485808938,15.651700000002165],[-89.628316714530058,20.970710142987461,15.541299999997136],[-89.628318263719592,20.97070325376324,15.539600000003702],[-89.628334856089879,20.970629461892759,15.521599999992759],[-89.628335628439444,20.970626026343819,15.590400000000955],[-89.628339463811173,20.970626959398562,15.589600000006612],[-89.628349303412648,20.970598066940614,13.212700000003679],[-89.628301055760417,20.970586385443088,12.245999999999185],[-89.628292862090618,20.970615623574776,10.850999999995111],[-89.628286698769287,20.970637618360733,11.303599999999278]]]},"properties":{"OBJECTID":212,"CATEGORIA":"USOS_DE_PREDIO","CODIGO":3009,"ELEMENTO":"Predios ruinosos o con maleza interior","Z":10.8509998,"Shape_Length":59.985394254498686,"Shape_Area":121.34614555860753}},{"type":"Feature","id":213,"geometry":{"type":"Polygon","coordinates":[[[-89.626406216560397,20.970932240621369,13.810100000002421],[-89.626426955019625,20.97083360239191,12.827099999994971],[-89.626435266175051,20.97079407083605,13.473299999997835],[-89.626415455748329,20.970790608689875,15.138999999995576],[-89.62637883261479,20.970784209674939,15.642699999996694],[-89.626364190300094,20.970781651043119,15.844100000002072],[-89.626357123697289,20.970780416555872,15.941300000005867],[-89.626322976620102,20.97077444973727,16.410900000002584],[-89.62627639426826,20.970766309166894,17.051500000001397],[-89.626226088207773,20.970757519061191,17.743300000001909],[-89.626209019973857,20.970754536460198,17.978000000002794],[-89.626198654847514,20.970752725339235,18.120599999994738],[-89.62616110125991,20.970746162759113,18.637000000002445],[-89.626160579626756,20.970746071487568,18.64419999999518],[-89.626149797979281,20.970744188237028,18.792499999995925],[-89.626147158967029,20.970743726937553,18.59429999999702],[-89.626142566496853,20.970742924682703,18.249400000000605],[-89.626099653896901,20.970735425389396,15.026700000002165],[-89.626085441627879,20.97073294226222,13.959300000002258],[-89.626063986298448,20.970729193045958,16.542000000001281],[-89.626037155282333,20.970830422489463,16.850300000005518],[-89.626063675577313,20.970838357812287,14.20679999999993],[-89.626103285462079,20.970850209246517,14.38300000000163],[-89.626184908462008,20.970874631625442,14.746100000003935],[-89.626193549195875,20.97087721780311,14.784499999994296],[-89.626280931398625,20.970903362465307,15.173099999999977],[-89.626315682734727,20.97091376112736,15.327699999994365],[-89.62635728325219,20.970926208387144,15.512700000006589],[-89.626358428968615,20.97092075822853,15.539000000004307],[-89.626406216560397,20.970932240621369,13.810100000002421]]]},"properties":{"OBJECTID":213,"CATEGORIA":"USOS_DE_PREDIO","CODIGO":3009,"ELEMENTO":"Predios ruinosos o con maleza interior","Z":12.8270998,"Shape_Length":107.15421152516829,"Shape_Area":551.83217991249433}},{"type":"Feature","id":214,"geometry":{"type":"Polygon","coordinates":[[[-89.623925070595888,20.971134598889808,15.927100000000792],[-89.624042581388139,20.971155516191519,16.251999999993131],[-89.624059924450862,20.971158602215965,16.282200000001467],[-89.624068188776221,20.971113545044314,16.118199999997159],[-89.624075458645592,20.971073907704231,15.973100000002887],[-89.624076035307439,20.971070764998242,15.961599999995087],[-89.624091485257409,20.970986531338838,15.653300000005402],[-89.623988721989974,20.970964391912684,14.084700000006706],[-89.623985377952636,20.970980970255429,14.14419999999518],[-89.623976459424782,20.971025171662344,14.422399999995832],[-89.623968147743355,20.971066362618444,14.681700000001001],[-89.623962426491616,20.971094719258843,15.418900000004214],[-89.623934133363875,20.971089683809467,15.334499999997206],[-89.623925070595888,20.971134598889808,15.927100000000792]]]},"properties":{"OBJECTID":214,"CATEGORIA":"USOS_DE_PREDIO","CODIGO":3009,"ELEMENTO":"Predios ruinosos o con maleza interior","Z":14.0846996,"Shape_Length":67.345926033840897,"Shape_Area":232.57675118957962}},{"type":"Feature","id":215,"geometry":{"type":"Polygon","coordinates":[[[-89.630916858931016,20.970717880299524,11.160999999992782],[-89.630893006300582,20.970773649710893,11.290200000003097],[-89.630892626486187,20.970774466341215,11.308900000003632],[-89.630889086675907,20.970782069787017,11.483600000006845],[-89.630877392524511,20.970807183655747,12.506500000003143],[-89.630875402577587,20.97081145690758,12.158699999999953],[-89.630869578206955,20.970823965639699,12.446100000001024],[-89.630859884204938,20.970844785332613,12.924400000003516],[-89.630855544861888,20.970854103911822,13.138500000000931],[-89.630847981612888,20.970870347527061,13.511700000002747],[-89.630840448953094,20.970886526566922,13.883300000001327],[-89.630838957385322,20.970889727654672,13.95679999999993],[-89.630829996956294,20.970910775272259,13.95679999999993],[-89.630808354314723,20.970961610747711,13.95679999999993],[-89.630800981911605,20.970978927616827,13.95679999999993],[-89.630792303070976,20.970999313605525,13.95679999999993],[-89.630780452743437,20.971027148378234,13.95679999999993],[-89.630768464834262,20.971055305788958,13.95679999999993],[-89.630734878545965,20.971134194156988,13.95679999999993],[-89.630731784635472,20.971141462074403,14.072100000004866],[-89.63082709491502,20.971171170019772,13.922999999995227],[-89.630831602882637,20.971159293756877,13.71929999999702],[-89.630859089108725,20.971086889100558,13.077999999994063],[-89.630868456077025,20.971062213851113,12.859400000001187],[-89.630875896043193,20.971042607199053,12.685800000006566],[-89.630879875834779,20.971032133101616,12.592999999993481],[-89.630883678103757,20.971022115882146,12.504300000000512],[-89.630893413544314,20.970996470691439,12.27719999999681],[-89.630895967994917,20.970989741080437,12.816900000005262],[-89.630899439524171,20.970980598418649,13.550199999997858],[-89.63090126714448,20.970975783252403,13.93640000000596],[-89.630915130920556,20.970979276227592,11.865699999994831],[-89.630924199968717,20.970981561210021,11.752099999997881],[-89.630956534005051,20.970989709299634,11.347099999999045],[-89.630963668170182,20.970991506831762,11.257700000001932],[-89.630989619173064,20.970998044408088,11.474700000006123],[-89.631007128727717,20.971002456142216,10.713399999993271],[-89.631039389598726,20.971011805239314,10.778699999995297],[-89.631071056286103,20.971020982034744,10.937000000005355],[-89.631073468780528,20.971021681497238,10.84769999999844],[-89.631109876396124,20.971032232325594,10.921300000001793],[-89.631139435897239,20.971040797923305,10.981100000004517],[-89.631146691735879,20.971042901441152,10.995800000004238],[-89.631149545759413,20.971043728607125,11.001600000003236],[-89.631152412339077,20.971044559190499,11.007400000002235],[-89.631158039501358,20.971032372204451,10.027499999996508],[-89.631196085904705,20.970949979511747,10.557000000000698],[-89.631226103663224,20.970884974325646,10.507599999997183],[-89.63123637721452,20.97086272547287,10.487599999993108],[-89.631242113667795,20.970850302957366,10.521299999993062],[-89.631260892787196,20.970809634483523,10.892699999996694],[-89.631262808056178,20.970805488781462,10.930600000006962],[-89.631267478489562,20.970795372373011,11.022899999996298],[-89.631292822927421,20.970740486341072,11.524099999995087],[-89.631320837401844,20.970679819611526,12.078099999998813],[-89.63132452430709,20.97067183468749,12.150999999998021],[-89.631336820525974,20.970645207338414,12.463099999993574],[-89.631350276210739,20.970616066586331,12.80460000000312],[-89.631377057959426,20.9705580687733,13.484299999996438],[-89.631210541289832,20.970522635538803,12.240499999999884],[-89.63119858783439,20.970520091768382,12.173899999994319],[-89.631012766640509,20.97048055061412,12.854399999996531],[-89.631007990009891,20.970492837314058,12.95329999999376],[-89.630999394275094,20.970514947380916,13.131200000003446],[-89.630999368489498,20.970515011881901,13.131699999998091],[-89.630998468927203,20.970517327154003,13.150299999993877],[-89.630989356203983,20.970540764277153,13.338900000002468],[-89.630974203006559,20.970579738938781,13.652499999996508],[-89.63095683391694,20.970624411435548,14.012000000002445],[-89.630955172642899,20.970628295897829,10.95350000000326],[-89.630953566784001,20.970632051298743,10.962199999994482],[-89.630922479938832,20.970704737292124,11.130600000004051],[-89.630916858931016,20.970717880299524,11.160999999992782]]]},"properties":{"OBJECTID":215,"CATEGORIA":"USOS_DE_PREDIO","CODIGO":3009,"ELEMENTO":"Predios ruinosos o con maleza interior","Z":10.0275002,"Shape_Length":237.1029764955266,"Shape_Area":2359.9289020755409}},{"type":"Feature","id":216,"geometry":{"type":"Polygon","coordinates":[[[-89.618979216578623,20.971270829404581,14.603400000007241],[-89.619014968715049,20.971281636748309,14.039999999993597],[-89.61903045741866,20.971286319175334,14.486699999994016],[-89.619033329426216,20.971287187805579,13.993900000001304],[-89.619072641787142,20.971305423304567,11.804300000003423],[-89.619075620785566,20.971306804919692,11.638399999996182],[-89.61911967528539,20.971317222743661,11.692699999999604],[-89.619185168708697,20.971332709080773,11.773499999995693],[-89.619310515709117,20.971362349110585,11.927999999999884],[-89.619322613657658,20.971317215029092,11.129300000000512],[-89.619333000327842,20.971278464308664,10.657099999996717],[-89.619338294787312,20.971258714060177,12.860400000005029],[-89.619483321454339,20.971292810297808,14.427500000005239],[-89.619571211187605,20.971313473032364,15.377200000002631],[-89.619587515640603,20.97131730681129,15.553400000004331],[-89.619589797048789,20.971307511796951,15.760800000003655],[-89.619628004642109,20.971315362292476,15.743900000001304],[-89.619675470611938,20.971325114456402,15.722899999993388],[-89.61972373442039,20.971335031295702,15.49199999999837],[-89.619724117297679,20.971333118564708,15.390700000003562],[-89.619746341652032,20.971218165777973,15.472299999993993],[-89.61970038622637,20.971207277170496,15.982699999993201],[-89.619652344921647,20.971195895166698,15.835500000001048],[-89.61964789416443,20.971194840462296,15.821899999995367],[-89.619633204074404,20.971191360157366,15.776899999997113],[-89.619620413577408,20.971188329151165,15.737699999997858],[-89.619597891470519,20.971182992938687,15.668699999994715],[-89.619579189817387,20.971178562219993,15.611399999994319],[-89.619579134804226,20.971178549523188,15.611199999999371],[-89.619514057854985,20.971163130061939,15.411800000001676],[-89.619486104309061,20.971156506824286,15.326100000005681],[-89.619482626523819,20.971155682729766,15.315400000006775],[-89.619427259014444,20.971142564272487,15.145799999998417],[-89.619335512847712,20.971120469232247,15.028300000005402],[-89.619280755501848,20.971107280849751,14.958199999993667],[-89.6192365085018,20.971096624959181,14.901500000007218],[-89.619204172488239,20.971088837563524,14.860100000005332],[-89.619184327600635,20.971084057817954,14.834700000006706],[-89.619176868631584,20.971082261161946,14.825100000001839],[-89.619178099272176,20.971077752309377,12.831200000000536],[-89.61919107446063,20.971030222997179,13.275599999993574],[-89.619192328623328,20.971025629816769,13.318499999993946],[-89.619162739881503,20.971021094705304,12.767999999996391],[-89.618997845249766,20.970995821255695,12.323600000003353],[-89.618994119857916,20.970995185141589,12.310899999996764],[-89.618990870930261,20.971005229772182,12.130799999998999],[-89.618980799570267,20.971036375344813,12.647100000001956],[-89.618967478378465,20.971077569172852,13.330000000001746],[-89.618932731067133,20.971185020283272,15.111300000004121],[-89.618932275045353,20.971186432147213,15.134699999995064],[-89.61893223836725,20.971186533831659,15.134699999995064],[-89.61892908442951,20.971195300355241,15.137000000002445],[-89.618909496194533,20.971249753357881,15.150899999993271],[-89.618946538404174,20.971260950779641,14.211999999999534],[-89.618955094496172,20.971263537733353,14.190499999996973],[-89.618979216578623,20.971270829404581,14.603400000007241]]]},"properties":{"OBJECTID":216,"CATEGORIA":"USOS_DE_PREDIO","CODIGO":3009,"ELEMENTO":"Predios ruinosos o con maleza interior","Z":10.6570997,"Shape_Length":228.79643048648452,"Shape_Area":1812.7103039531999}},{"type":"Feature","id":217,"geometry":{"type":"Polygon","coordinates":[[[-89.625770773076951,20.971183815991836,12.217199999999139],[-89.625875542736622,20.97120441198599,11.570300000006682],[-89.625920188838236,20.971213189227687,11.915999999997439],[-89.625970870257248,20.971223152756188,12.537700000000768],[-89.626108754647433,20.971250259569956,14.229099999996834],[-89.626144273026739,20.971257241759002,14.66479999999865],[-89.626279652460454,20.971283855268389,16.325500000006286],[-89.626330199847203,20.971293792763419,14.591499999994994],[-89.626332430039966,20.971283183207689,13.400899999993271],[-89.626350250608283,20.971198427164868,14.397599999996601],[-89.626299780423693,20.971188120116775,16.802899999995134],[-89.626255432221669,20.971179063011324,16.974600000001374],[-89.626186707057599,20.97116502871884,17.240799999999581],[-89.626184615586425,20.971164601412482,17.24890000000596],[-89.62614171154442,20.971155838911745,17.415099999998347],[-89.626131113363527,20.971153674753864,17.456099999995786],[-89.626105576818802,20.971148459937154,17.554999999993015],[-89.626105458158719,20.971148435583832,17.555500000002212],[-89.626024292250378,20.971131860088775,12.799899999998161],[-89.625989817766111,20.971124819342666,12.888800000000629],[-89.625800183359573,20.971086931987649,11.437000000005355],[-89.625779847173746,20.971082869348951,12.121100000003935],[-89.625770773076951,20.971183815991836,12.217199999999139]]]},"properties":{"OBJECTID":217,"CATEGORIA":"USOS_DE_PREDIO","CODIGO":3009,"ELEMENTO":"Predios ruinosos o con maleza interior","Z":11.4370003,"Shape_Length":142.16911020907287,"Shape_Area":659.94429531643675}},{"type":"Feature","id":218,"geometry":{"type":"Polygon","coordinates":[[[-89.622942321582087,20.971360151627994,14.820999999996275],[-89.622938241207336,20.971378718561542,14.812300000005052],[-89.622939484475211,20.971378959438791,15.053100000004633],[-89.623013521281521,20.971393312326505,15.893400000000838],[-89.623033163804806,20.971397120541464,16.116299999994226],[-89.623148532391767,20.971419486224885,17.425700000007055],[-89.623150879487426,20.971400583033763,17.637900000001537],[-89.623160239636462,20.971325170235819,18.484700000000885],[-89.623160925657558,20.971319645910778,18.54670000000624],[-89.623164681688365,20.971289384723548,18.886499999993248],[-89.623172067246387,20.971229875499301,19.554699999993318],[-89.623172392620617,20.971227259420125,19.584099999992759],[-89.623184278458965,20.971145652030913,19.89079999999376],[-89.623191530722423,20.971095852398598,17.314599999997881],[-89.62314960523122,20.971089009783146,15.718800000002375],[-89.62301000691059,20.971066227217225,14.969700000001467],[-89.623001803874246,20.971115915088909,14.957699999999022],[-89.622996172921418,20.971115094432566,14.935800000006566],[-89.622942321582087,20.971360151627994,14.820999999996275]]]},"properties":{"OBJECTID":218,"CATEGORIA":"USOS_DE_PREDIO","CODIGO":3009,"ELEMENTO":"Predios ruinosos o con maleza interior","Z":14.8122997,"Shape_Length":113.62143298293877,"Shape_Area":741.3560725388204}},{"type":"Feature","id":219,"geometry":{"type":"Polygon","coordinates":[[[-89.629210749044816,20.971528259423135,13.539900000003399],[-89.629181398260684,20.971519097993617,13.741699999998673],[-89.629133817658385,20.97150424647425,14.068899999998393],[-89.629110979398746,20.971497117949951,14.225999999995111],[-89.629022006942847,20.971469346238695,20.813999999998487],[-89.629021126421094,20.97146907091631,20.879199999995762],[-89.629015519556418,20.971467321053346,20.853000000002794],[-89.628969760899594,20.97145303814975,20.639299999995274],[-89.628965775874349,20.971451794130555,20.620699999999488],[-89.628964733950383,20.971451468933527,20.615799999999581],[-89.628954567891142,20.971448512802965,20.353000000002794],[-89.628950509013833,20.97144733312323,20.248099999997066],[-89.62894858343509,20.971446773280164,20.198300000003655],[-89.628906391686328,20.971434504647792,19.107799999997951],[-89.62888792621375,20.971429135074953,18.630499999999302],[-89.628787665678118,20.971399982745048,16.039000000004307],[-89.628785178745275,20.97139925911863,15.974700000006123],[-89.628777620380916,20.971397060853619,15.779299999994691],[-89.628776695764628,20.971396792530445,15.755399999994552],[-89.628728303171627,20.971382721752981,14.50449999999546],[-89.628718279144621,20.971379806752399,14.24539999999979],[-89.628687950835925,20.971370536627834,14.326700000005076],[-89.628595517310899,20.971342286313671,11.625299999999697],[-89.628591871993621,20.971352328159529,10.083499999993364],[-89.628574351576873,20.971400594377965,11.215400000000955],[-89.628567248940854,20.971420160539825,11.674199999994016],[-89.628564953546018,20.971426484356677,11.822499999994761],[-89.628550592383348,20.971466047039375,12.853700000006938],[-89.628585082675826,20.9714760709426,13.162800000005518],[-89.628595062233543,20.971478971288434,13.192399999999907],[-89.628612310099086,20.971480676935634,13.087899999998626],[-89.628626453488835,20.971482074768332,13.002200000002631],[-89.628677648197552,20.971487136063402,12.692200000004959],[-89.628683633724691,20.971487728049453,12.655899999997928],[-89.628707401529752,20.97149007791602,12.511899999997695],[-89.628728674401813,20.971492180983439,12.38310000000638],[-89.628729552583948,20.9714922676466,12.377800000002026],[-89.628739415799828,20.971493243084705,12.318100000004051],[-89.628759544718108,20.971495232889918,12.196200000005774],[-89.62876839494399,20.971496108395382,12.142600000006496],[-89.628771529242727,20.971496417550863,12.123600000006263],[-89.628808885816539,20.971500111485224,11.897400000001653],[-89.628811018688694,20.971500322336599,11.908899999994901],[-89.628811357638696,20.971500355927891,11.910699999993085],[-89.628820885749079,20.971501297710532,11.962100000004284],[-89.628900475116737,20.971509166443564,12.850800000000163],[-89.628897789178978,20.971518880195362,13.159499999994296],[-89.628893777913717,20.971533387802246,13.209900000001653],[-89.628892223841021,20.971539007689671,13.229399999996531],[-89.628897831193456,20.971538477838102,13.241800000003423],[-89.628916817298403,20.971536683337437,13.241800000003423],[-89.628944437554424,20.9715340730055,13.241800000003423],[-89.628977105595425,20.971542353549196,13.345600000000559],[-89.629054028187056,20.971561853329447,14.470400000005611],[-89.629056140397665,20.97155571922649,14.451600000000326],[-89.629068422814612,20.971558930692961,14.490200000000186],[-89.629088210427412,20.971564102875664,14.552500000005239],[-89.629089236942406,20.971564371429782,14.555699999997159],[-89.629096988408421,20.971566397864951,14.580100000006496],[-89.629097989811171,20.971566659583814,14.583299999998417],[-89.629121281884721,20.971573243904562,14.557199999995646],[-89.62918487501608,20.971591220411351,14.7158999999956],[-89.629190057790495,20.971592685192295,14.480100000000675],[-89.629210749044816,20.971528259423135,13.539900000003399]]]},"properties":{"OBJECTID":219,"CATEGORIA":"USOS_DE_PREDIO","CODIGO":3009,"ELEMENTO":"Predios ruinosos o con maleza interior","Z":10.0834999,"Shape_Length":161.90516651088635,"Shape_Area":689.81756122390948}},{"type":"Feature","id":220,"geometry":{"type":"Polygon","coordinates":[[[-89.626384723893921,20.971454078610446,12.954199999992852],[-89.626369367401935,20.971526097070317,13.775899999993271],[-89.626419207076182,20.971535466712321,14.870800000004238],[-89.626458743781285,20.971542899686575,14.915500000002794],[-89.626460653343955,20.971543258468419,14.917700000005425],[-89.626482673165256,20.971547398883725,14.942599999994854],[-89.626563733298696,20.971562637731267,15.034199999994598],[-89.626575028676882,20.971564761312901,15.047000000005937],[-89.626585444499923,20.97156671969206,15.058799999998882],[-89.626631444807472,20.971575367506414,15.110799999994924],[-89.626667494152528,20.971582144565481,14.705700000005891],[-89.626712107626972,20.971590532053355,14.387700000006589],[-89.626717282747464,20.971591504972938,14.355400000000373],[-89.626723124285348,20.971592603043245,14.318899999998393],[-89.62678776795569,20.971604755289491,13.915299999993294],[-89.62685128615513,20.971616696445526,13.518700000000536],[-89.626865055307803,20.971619285648224,13.432700000004843],[-89.626911957376706,20.971628102755648,13.139899999994668],[-89.626930856312853,20.971631655633864,13.021900000007008],[-89.626956052007145,20.971636392545005,12.864600000000792],[-89.62697412352432,20.97156320541605,12.315400000006775],[-89.626975441336697,20.971557868166482,12.275399999998626],[-89.626977817475378,20.971548241372087,12.203200000003562],[-89.626992781182125,20.9714876419551,11.748500000001513],[-89.626963686070638,20.971483146664493,11.659499999994296],[-89.626895080389644,20.97147254801094,11.695099999997183],[-89.626754093581823,20.971450766010125,11.768200000005891],[-89.626707327055797,20.971443540305426,13.139299999995274],[-89.626688620779007,20.971440834016924,13.422099999996135],[-89.626672214843325,20.971438460616493,13.715700000000652],[-89.62663960631167,20.971433743177744,14.163199999995413],[-89.626584105207073,20.971425713168131,15.002399999997579],[-89.626549160687048,20.971420657952674,15.09440000000177],[-89.626530670277106,20.97141798262593,15.143100000001141],[-89.626498293998651,20.971413298594786,15.228300000002491],[-89.626417743593208,20.971401644316462,15.440400000006775],[-89.626396558693727,20.971398578958841,13.646099999998114],[-89.626384723893921,20.971454078610446,12.954199999992852]]]},"properties":{"OBJECTID":220,"CATEGORIA":"USOS_DE_PREDIO","CODIGO":3009,"ELEMENTO":"Predios ruinosos o con maleza interior","Z":11.6595001,"Shape_Length":156.38741205156899,"Shape_Area":983.36586332971979}},{"type":"Feature","id":221,"geometry":{"type":"Polygon","coordinates":[[[-89.630959540963005,20.971287815279144,14.734800000005635],[-89.630924680077541,20.971276338579585,14.690300000002026],[-89.630881769383549,20.971388698984576,12.963600000002771],[-89.630879291478891,20.971395189059773,12.861600000003818],[-89.630871138948848,20.971416537492093,12.525999999998021],[-89.630867096659472,20.971427120897868,12.359599999996135],[-89.630866435166652,20.971428594643189,12.346900000004098],[-89.630864114917031,20.971433767726506,12.302299999995739],[-89.630803233130209,20.971569496219864,11.132599999997183],[-89.63080026434676,20.971576114859133,11.923500000004424],[-89.630809029924805,20.971579457260624,11.875700000004144],[-89.630811317602252,20.971580329293598,11.863200000007055],[-89.630842284488253,20.971592134306935,11.694199999998091],[-89.630857822129869,20.971555181521889,10.925499999997555],[-89.630911157704659,20.971428329075099,11.728600000002189],[-89.630913030105702,20.971423875261493,11.756800000002841],[-89.63091442914542,20.971420550105371,11.777900000000955],[-89.630921295353971,20.971400345595221,14.32390000000305],[-89.630927446729629,20.971382246749826,14.401599999997416],[-89.630933173933826,20.971365395881676,14.473899999997229],[-89.630935227116652,20.971359353862496,14.499800000005052],[-89.630946183303564,20.971327117932169,14.638099999996484],[-89.630959540963005,20.971287815279144,14.734800000005635]]]},"properties":{"OBJECTID":221,"CATEGORIA":"USOS_DE_PREDIO","CODIGO":3009,"ELEMENTO":"Predios ruinosos o con maleza interior","Z":10.9254999,"Shape_Length":80.086821362935481,"Shape_Area":154.91678031061335}},{"type":"Feature","id":222,"geometry":{"type":"Polygon","coordinates":[[[-89.630842284488253,20.971592134306935,11.694199999998091],[-89.6308427838391,20.971592325221778,11.691500000000815],[-89.630850110397873,20.971595117438824,11.651500000007218],[-89.630900714183042,20.971614408948749,11.375299999999697],[-89.63090253441824,20.971609281508417,12.039900000003399],[-89.630903124361581,20.97160761926866,12.255300000004354],[-89.630909273945221,20.971590296003196,12.320699999996577],[-89.630914119928491,20.971576643115792,12.372300000002724],[-89.630932500843002,20.971524862159992,12.567800000004354],[-89.630938628431707,20.971507600627806,12.63300000000163],[-89.630945971676198,20.971486916554994,12.711100000000442],[-89.630954479178044,20.971462948872194,12.801600000006147],[-89.630956571486436,20.971457055219439,12.82390000000305],[-89.6309707128203,20.9714172177069,12.974400000006426],[-89.630981226555974,20.971387601470873,13.08629999999539],[-89.630983541463124,20.971381080506806,13.110899999999674],[-89.630990295621572,20.971362053242483,13.182799999995041],[-89.630995954134377,20.971346110802937,13.243000000002212],[-89.630996783184045,20.971343775854155,13.243000000002212],[-89.63099889106789,20.97133783862348,13.243000000002212],[-89.631010672585845,20.971304648263796,14.241399999998976],[-89.630959540963005,20.971287815279144,14.734800000005635],[-89.630946183303564,20.971327117932169,14.638099999996484],[-89.630935227116652,20.971359353862496,14.499800000005052],[-89.630933173933826,20.971365395881676,14.473899999997229],[-89.630927446729629,20.971382246749826,14.401599999997416],[-89.630921295353971,20.971400345595221,14.32390000000305],[-89.63091442914542,20.971420550105371,11.777900000000955],[-89.630913030105702,20.971423875261493,11.756800000002841],[-89.630911157704659,20.971428329075099,11.728600000002189],[-89.630857822129869,20.971555181521889,10.925499999997555],[-89.630842284488253,20.971592134306935,11.694199999998091]]]},"properties":{"OBJECTID":222,"CATEGORIA":"USOS_DE_PREDIO","CODIGO":3009,"ELEMENTO":"Predios ruinosos o con maleza interior","Z":10.9254999,"Shape_Length":84.239247063829026,"Shape_Area":208.88342300047682}},{"type":"Feature","id":223,"geometry":{"type":"Polygon","coordinates":[[[-89.629190057790495,20.971592685192295,14.480100000000675],[-89.629262420611013,20.971613140962621,14.399000000004889],[-89.629280140601082,20.971618150023119,14.379100000005565],[-89.629313366416142,20.97162754142914,14.341899999999441],[-89.62931375187587,20.971627651044127,14.341499999994994],[-89.629313736344457,20.97162769732952,14.402499999996508],[-89.6293211941245,20.971629639807798,14.357799999997951],[-89.62944852864301,20.971662798719578,13.595400000005611],[-89.62945065406592,20.971663352762715,13.582699999999022],[-89.629506500966428,20.971677895994318,13.248300000006566],[-89.629534329295709,20.971685142437167,13.08169999999518],[-89.62968082642287,20.971723291534772,12.204500000007101],[-89.629689044180864,20.971725431724625,12.155299999998533],[-89.629749429821473,20.97174357941616,11.901800000006915],[-89.629766754612163,20.97169684376016,11.621400000003632],[-89.62980586698859,20.971591328065056,11.274799999999232],[-89.629830775556272,20.971524133075746,12.526100000002771],[-89.629819233175752,20.97152053013706,14.275800000003073],[-89.629789026973768,20.971511101235755,13.85460000000603],[-89.629667886119819,20.971473285721636,12.165200000003097],[-89.629662679906403,20.971471525180618,12.157399999996414],[-89.629637148740485,20.971462889908796,12.119300000005751],[-89.629607859909427,20.971452984547593,12.075500000006286],[-89.629541849066698,20.971430658549888,11.976800000004005],[-89.629511398903176,20.971420360301096,11.931299999996554],[-89.629501829683932,20.971417124133094,11.917000000001281],[-89.629495263894356,20.971414903354365,11.907200000001467],[-89.629478071978568,20.971409088940703,11.881500000003143],[-89.629409388454789,20.971385859762702,11.778800000000047],[-89.629380904157912,20.97137622543589,11.736199999999371],[-89.629274377971242,20.971340197371877,11.577000000004773],[-89.62927146446988,20.971339212189559,11.572599999999511],[-89.629266433411416,20.971354876753946,11.391900000002352],[-89.629246682991962,20.971416375390678,12.153800000000047],[-89.62924227819137,20.971430090050422,12.323699999993551],[-89.629238031995527,20.971443310205398,12.48750000000291],[-89.629210749044816,20.971528259423135,13.539900000003399],[-89.629190057790495,20.971592685192295,14.480100000000675]]]},"properties":{"OBJECTID":223,"CATEGORIA":"USOS_DE_PREDIO","CODIGO":3009,"ELEMENTO":"Predios ruinosos o con maleza interior","Z":11.2748003,"Shape_Length":177.32936817483991,"Shape_Area":1672.2098577548495}},{"type":"Feature","id":224,"geometry":{"type":"Polygon","coordinates":[[[-89.625450520550984,20.972269570063688,13.667300000000978],[-89.625531112818891,20.972286894967869,13.373600000006263],[-89.625534213311795,20.972275091966111,13.142200000002049],[-89.625542645053287,20.972242995409839,13.142200000002049],[-89.625543658108427,20.972239138133922,13.142200000002049],[-89.625550695523813,20.972240403796381,12.409899999998743],[-89.625558543625587,20.972201202622138,12.565000000002328],[-89.625559088190542,20.972198480237406,12.575800000005984],[-89.625569696383437,20.972145489604731,13.768599999995786],[-89.62554088491072,20.972140564459792,12.669599999993807],[-89.625471031813305,20.972128622969933,12.923999999999069],[-89.625462476974434,20.972127160397687,12.955199999996694],[-89.625415594570853,20.972119145234011,13.125899999999092],[-89.625334931513422,20.97210535514164,13.419599999993807],[-89.62508110659877,20.97206196136796,14.343900000007125],[-89.62503522597072,20.972054117546907,14.510999999998603],[-89.625029982010119,20.97205322147763,14.530100000003586],[-89.624986563799467,20.972045798342588,14.052100000000792],[-89.624978560439089,20.972084429484621,13.699900000006892],[-89.624972705139442,20.9721126961172,13.674899999998161],[-89.624971302707237,20.972119466594588,13.668900000004214],[-89.624970207818492,20.972124748033671,13.664199999999255],[-89.624961963401319,20.972164547577322,14.23519999999553],[-89.624987607190064,20.972170059746635,15.354200000001583],[-89.625007992359969,20.972174442228066,15.279899999994086],[-89.625008817345986,20.972174620015977,15.276899999997113],[-89.625450520550984,20.972269570063688,13.667300000000978]]]},"properties":{"OBJECTID":224,"CATEGORIA":"USOS_DE_PREDIO","CODIGO":3009,"ELEMENTO":"Predios ruinosos o con maleza interior","Z":12.4098997,"Shape_Length":152.7095652802322,"Shape_Area":907.75901033601019}},{"type":"Feature","id":225,"geometry":{"type":"Polygon","coordinates":[[[-89.62876286595943,20.972742689146163,13.750799999994342],[-89.628813624670059,20.972758517325094,13.675499999997555],[-89.628884102722637,20.972780495623649,13.805200000002515],[-89.628892987284118,20.972754047463063,14.371299999998882],[-89.628894602683076,20.972749240101514,14.379799999995157],[-89.62890755858821,20.972710673264054,14.447700000004261],[-89.62890817898645,20.972708827279227,14.522200000006706],[-89.628955884948283,20.972722965442461,14.649300000004587],[-89.628957602019355,20.97272347433109,14.653900000004796],[-89.628963667318132,20.9727252712865,14.670100000003004],[-89.628966283147705,20.9727174835037,12.216000000000349],[-89.628975418087634,20.97269029293949,12.332299999994575],[-89.628976759349172,20.972686299670588,12.349400000006426],[-89.62898969516084,20.972647794533387,12.514100000000326],[-89.629013636126899,20.97257652823312,12.818899999998393],[-89.629023306418773,20.972547741280568,14.938099999999395],[-89.628946284623495,20.972519909706381,14.961500000004889],[-89.628926038344247,20.972512593996058,14.967699999993783],[-89.628873004666985,20.972493429695653,14.983800000001793],[-89.628863382142299,20.972489952354373,14.900999999998021],[-89.628853597111345,20.972486417029483,14.816800000000512],[-89.628853232399138,20.972487438371665,14.827699999994365],[-89.628845907390769,20.972507974935468,13.897299999996903],[-89.628841798631996,20.972519493789175,13.375499999994645],[-89.628829040803211,20.972555262323517,11.755000000004657],[-89.628829023239021,20.972555302320277,11.756500000003143],[-89.628826316058223,20.972561550336696,11.987899999992806],[-89.628814609502527,20.972588563902821,12.98859999999695],[-89.628812392935956,20.972593679388105,13.178100000004633],[-89.62879636779391,20.972630658522057,14.547900000005029],[-89.628801673934532,20.972632304687373,14.504000000000815],[-89.62879017098453,20.972665022061246,14.269799999994575],[-89.628787632711266,20.972672243457325,14.21809999999823],[-89.62876286595943,20.972742689146163,13.750799999994342]]]},"properties":{"OBJECTID":225,"CATEGORIA":"USOS_DE_PREDIO","CODIGO":3009,"ELEMENTO":"Predios ruinosos o con maleza interior","Z":11.7550001,"Shape_Length":97.728836701840805,"Shape_Area":515.92035336080812}},{"type":"Feature","id":226,"geometry":{"type":"Polygon","coordinates":[[[-89.626845288553199,20.972585955248711,14.266799999997602],[-89.626838269452563,20.972584088960119,14.353300000002491],[-89.62680346758053,20.972574837852292,14.782399999996414],[-89.626765626499704,20.972564779508286,15.248999999996158],[-89.626765108523415,20.972566602239411,15.212299999999232],[-89.626740047244027,20.972654731101102,14.022599999996601],[-89.626728835159142,20.972694160242298,13.511799999992945],[-89.626728147794338,20.972696576054243,13.516399999993155],[-89.62670475096445,20.97277885220435,13.672399999995832],[-89.62668557963049,20.97284627077655,13.800300000002608],[-89.626681129544451,20.972861919107938,13.830000000001746],[-89.626674934349452,20.972883702180596,13.871299999998882],[-89.626666117504556,20.972914706837976,13.930099999997765],[-89.626665782461714,20.972915886622086,13.932300000000396],[-89.626662205399569,20.972928467123918,13.956200000000536],[-89.626645163021337,20.972988395261645,14.406099999992875],[-89.626621048899381,20.973073194216688,15.042600000000675],[-89.626620318070195,20.973075763281567,14.840299999996205],[-89.626618209827782,20.973083175748464,14.256699999998091],[-89.626617461859738,20.973085809180514,14.049400000003516],[-89.626689654688647,20.973108169146609,13.868499999996857],[-89.626690436480146,20.973105546026972,13.694000000003143],[-89.626732450623862,20.972964572414362,13.255999999993946],[-89.626739381413088,20.972941318075499,13.183699999994133],[-89.626740187698559,20.972938611515151,13.175300000002608],[-89.626741062114434,20.972935678189792,13.17939999999362],[-89.626746689886815,20.972916793911782,13.205799999996088],[-89.626747221996709,20.972915009785513,13.208299999998417],[-89.62675851294982,20.972877122408836,13.26140000000305],[-89.626762956716291,20.97286221271052,13.282300000006217],[-89.626800369935381,20.972736677577373,13.458100000003469],[-89.626835690098503,20.972618161028684,13.624100000000908],[-89.626841796400626,20.972597673117612,13.652799999996205],[-89.626845288553199,20.972585955248711,14.266799999997602]]]},"properties":{"OBJECTID":226,"CATEGORIA":"USOS_DE_PREDIO","CODIGO":3009,"ELEMENTO":"Predios ruinosos o con maleza interior","Z":13.1752996,"Shape_Length":136.33444462345278,"Shape_Area":494.57714530285563}},{"type":"Feature","id":227,"geometry":{"type":"Polygon","coordinates":[[[-89.626689654688647,20.973108169146609,13.868499999996857],[-89.62680275858952,20.973143199877335,13.859700000000885],[-89.626803552935328,20.973140580175141,13.961500000004889],[-89.626816205598658,20.973098876182632,13.637300000002142],[-89.626828623745922,20.973057944137924,13.319199999998091],[-89.626841306359367,20.973016139465436,12.994300000005751],[-89.626847709509008,20.972995035740947,12.975099999996019],[-89.62684908192962,20.972990512026097,12.971000000005006],[-89.626851199609249,20.972983530074561,12.96469999999681],[-89.626859917674793,20.972954794910684,12.93859999999404],[-89.6268899436688,20.972855824698428,12.848800000007031],[-89.626939471578098,20.972692572737433,12.700599999996484],[-89.626962374548924,20.972617080124611,12.823099999994156],[-89.626868311144406,20.972592075446201,13.982900000002701],[-89.626845288553199,20.972585955248711,14.266799999997602],[-89.626841796400626,20.972597673117612,13.652799999996205],[-89.626835690098503,20.972618161028684,13.624100000000908],[-89.626800369935381,20.972736677577373,13.458100000003469],[-89.626762956716291,20.97286221271052,13.282300000006217],[-89.62675851294982,20.972877122408836,13.26140000000305],[-89.626747221996709,20.972915009785513,13.208299999998417],[-89.626746689886815,20.972916793911782,13.205799999996088],[-89.626741062114434,20.972935678189792,13.17939999999362],[-89.626740187698559,20.972938611515151,13.175300000002608],[-89.626739381413088,20.972941318075499,13.183699999994133],[-89.626732450623862,20.972964572414362,13.255999999993946],[-89.626690436480146,20.973105546026972,13.694000000003143],[-89.626689654688647,20.973108169146609,13.868499999996857]]]},"properties":{"OBJECTID":227,"CATEGORIA":"USOS_DE_PREDIO","CODIGO":3009,"ELEMENTO":"Predios ruinosos o con maleza interior","Z":12.7005997,"Shape_Length":145.72365605175111,"Shape_Area":755.40360454130212}},{"type":"Feature","id":228,"geometry":{"type":"Polygon","coordinates":[[[-89.62680275858952,20.973143199877335,13.859700000000885],[-89.626898002537715,20.97317269882986,13.9887000000017],[-89.626899176075526,20.973168675656353,14.632800000006682],[-89.626907295803676,20.973140850770317,14.675900000002002],[-89.626911076790648,20.973127894239727,14.695999999996275],[-89.626914199365729,20.973117195075094,14.712599999998929],[-89.626919103086536,20.97310038860012,14.73859999999695],[-89.626920170577066,20.973096732719245,14.744300000005751],[-89.626924283469364,20.973082637081014,14.766099999993457],[-89.626928246758723,20.973069056572907,14.787100000001374],[-89.626944168764794,20.973014494221012,14.87159999999858],[-89.626949940431572,20.972994714793632,14.90219999999681],[-89.626950519039525,20.972992731321238,14.905299999998533],[-89.626952617660962,20.972985539297184,14.916400000001886],[-89.626960562377789,20.972958316606249,14.958599999998114],[-89.626960758292569,20.972957646373224,14.959600000001956],[-89.62697245399238,20.972917566025028,15.021699999997509],[-89.626973283790207,20.972914720061347,15.501799999998184],[-89.626976243114299,20.972904580476833,14.901400000002468],[-89.626978767982294,20.972895927375781,14.821299999995972],[-89.626990181656382,20.972856815628095,14.459099999992759],[-89.626992847083102,20.972847680039092,14.374500000005355],[-89.627014305865288,20.972774146324259,13.693499999993946],[-89.627023615458171,20.972742244741241,13.398000000001048],[-89.627030837270325,20.972717495289576,13.168799999999464],[-89.627037000715475,20.972696373589724,12.973199999993085],[-89.627053365255975,20.972640295733271,13.831600000004983],[-89.627048580543089,20.972639112759918,13.686600000000908],[-89.627035039264541,20.972635762569368,13.276100000002771],[-89.627000798010002,20.972627293759366,12.349300000001676],[-89.626970492658003,20.972619237330527,12.722999999998137],[-89.626962374548924,20.972617080124611,12.823099999994156],[-89.626939471578098,20.972692572737433,12.700599999996484],[-89.6268899436688,20.972855824698428,12.848800000007031],[-89.626859917674793,20.972954794910684,12.93859999999404],[-89.626851199609249,20.972983530074561,12.96469999999681],[-89.62684908192962,20.972990512026097,12.971000000005006],[-89.626847709509008,20.972995035740947,12.975099999996019],[-89.626841306359367,20.973016139465436,12.994300000005751],[-89.626828623745922,20.973057944137924,13.319199999998091],[-89.626816205598658,20.973098876182632,13.637300000002142],[-89.626803552935328,20.973140580175141,13.961500000004889],[-89.62680275858952,20.973143199877335,13.859700000000885]]]},"properties":{"OBJECTID":228,"CATEGORIA":"USOS_DE_PREDIO","CODIGO":3009,"ELEMENTO":"Predios ruinosos o con maleza interior","Z":12.3493004,"Shape_Length":141.997157342544,"Shape_Area":615.63425858895823}},{"type":"Feature","id":229,"geometry":{"type":"Polygon","coordinates":[[[-89.628651823748299,20.973377440398291,12.578899999993155],[-89.628697337461688,20.973389832021336,12.079800000006799],[-89.62870850485632,20.973392872916772,12.201300000000629],[-89.628711279796562,20.973393628210076,12.231499999994412],[-89.628719533317152,20.973368744511788,11.626399999993737],[-89.628741252270501,20.973303260109265,13.615699999994831],[-89.628744361363218,20.973293885620059,13.900500000003376],[-89.628756196028178,20.973258203564722,15.201900000000023],[-89.628772166441237,20.973212928933116,14.354699999996228],[-89.628777204457435,20.973198645637702,14.156000000002678],[-89.628791402693537,20.973158393859972,13.596000000005006],[-89.6288049478799,20.973119990375942,13.061799999995856],[-89.628805959918083,20.973117123536316,13.021900000007008],[-89.628816462699888,20.973087345947683,12.607699999993201],[-89.628821936685256,20.973071828941222,12.391799999997602],[-89.628822144552444,20.97307123797362,12.383600000001024],[-89.628830842416406,20.973049501088852,12.897400000001653],[-89.628839869978265,20.973026939321752,13.430600000006962],[-89.628852253609637,20.972995988781729,14.162200000006123],[-89.628863526543427,20.972967815415426,14.828099999998813],[-89.628865245125709,20.972963521089021,14.92960000000312],[-89.628866359504869,20.972960734829378,14.99539999999979],[-89.62888989726514,20.972892569751959,15.147400000001653],[-89.62889354410818,20.972882010539696,14.57829999999376],[-89.628839525942468,20.972865372279006,15.017200000002049],[-89.628834717961851,20.97287807834692,16.552599999995437],[-89.628811421262924,20.972939639822457,16.802800000004936],[-89.628810916838972,20.972940972097785,16.808199999999488],[-89.628810601524748,20.97294185002627,16.797999999995227],[-89.628800973528797,20.972968607601914,16.485899999999674],[-89.628789498411109,20.973000499337285,16.113899999996647],[-89.628785162485912,20.973012550770544,15.973299999997835],[-89.628783496849394,20.973017179238639,15.919299999994109],[-89.628770380850867,20.973053631345095,15.494099999996251],[-89.628768263326108,20.973059518146144,15.425399999992806],[-89.628754048216607,20.973099025326473,14.964600000006612],[-89.628752931285533,20.973101885659194,14.861999999993714],[-89.628750264166655,20.973108720815997,14.616800000003423],[-89.628739346247841,20.973136693680765,13.613299999997253],[-89.628726894645155,20.973168595971554,12.468800000002375],[-89.628718229880107,20.973190797312583,11.672399999995832],[-89.628716878486074,20.973194596622683,11.686600000000908],[-89.628701957950824,20.973236530730777,11.843800000002375],[-89.628695496837125,20.973254691184149,11.911900000006426],[-89.628677130461028,20.973306312851065,12.105500000005122],[-89.628677062647029,20.973306502594614,12.106199999994715],[-89.628672409191722,20.973319580960023,12.155199999993783],[-89.628668282605503,20.973331181344058,12.198699999993551],[-89.628662814609143,20.973346547478105,12.256299999993644],[-89.628661994634967,20.97334885429073,12.264999999999418],[-89.628659214844248,20.97335666717289,12.350800000000163],[-89.628651823748299,20.973377440398291,12.578899999993155]]]},"properties":{"OBJECTID":229,"CATEGORIA":"USOS_DE_PREDIO","CODIGO":3009,"ELEMENTO":"Predios ruinosos o con maleza interior","Z":11.6264,"Shape_Length":132.12636220986352,"Shape_Area":361.80359473879065}},{"type":"Feature","id":230,"geometry":{"type":"Polygon","coordinates":[[[-89.627866819826096,20.9733797462182,14.110100000005332],[-89.627872778414257,20.973381266778095,14.60910000000149],[-89.627955586504896,20.973402399719344,14.568799999993644],[-89.628001831969968,20.973414201511151,14.546300000001793],[-89.628001993216472,20.973414242360068,14.546199999997043],[-89.628009927816706,20.973416566662408,14.403600000005099],[-89.628142600377089,20.97345542324835,12.01940000000468],[-89.628321428364131,20.973507797337152,12.439400000002934],[-89.628444192476152,20.973543752225979,12.727700000003097],[-89.628458016202572,20.973547801259215,12.906000000002678],[-89.628462119657513,20.97353674565764,13.032500000001164],[-89.628470818532705,20.973513304177594,13.300799999997253],[-89.62847838553985,20.973492913761998,13.5341000000044],[-89.628488007949215,20.973466986008518,13.830799999996088],[-89.62848958691832,20.973462732662171,14.186100000006263],[-89.628458568743653,20.973452681377641,13.947199999995064],[-89.628456776388177,20.973452100515168,13.933399999994435],[-89.628434677456639,20.973444939748841,13.763200000001234],[-89.628404031503536,20.973435010011716,13.527100000006612],[-89.62839696552706,20.973432720174156,13.47269999999844],[-89.62832371783287,20.973408985949966,12.908599999995204],[-89.628316549375668,20.973406662479015,12.853400000007241],[-89.628297235656589,20.973400404000458,12.704599999997299],[-89.628286649359239,20.973397280978158,12.798299999994924],[-89.628185646652227,20.973367483483116,13.69199999999546],[-89.628169841604659,20.973362820361615,13.83190000000468],[-89.628139117589129,20.973353756714275,14.103799999997136],[-89.628127478369862,20.973350449495673,14.115900000004331],[-89.62806697627218,20.973333258289422,14.178499999994528],[-89.628032793788293,20.973323544664975,14.213900000002468],[-89.627987969097219,20.973310808168087,14.260399999999208],[-89.627902689270783,20.973286576855202,14.348700000002282],[-89.627900785143851,20.973286035631119,14.26579999999376],[-89.627866819826096,20.9733797462182,14.110100000005332]]]},"properties":{"OBJECTID":230,"CATEGORIA":"USOS_DE_PREDIO","CODIGO":3009,"ELEMENTO":"Predios ruinosos o con maleza interior","Z":12.0193996,"Shape_Length":149.53905393167409,"Shape_Area":677.54457100337765}},{"type":"Feature","id":231,"geometry":{"type":"Polygon","coordinates":[[[-89.627853450656559,20.9734166319415,13.965200000006007],[-89.627862447270317,20.973419055429684,14.452799999999115],[-89.627942109171286,20.973440519515471,14.354300000006333],[-89.627982311492332,20.973451351898643,14.30460000000312],[-89.627986608419818,20.973452508963842,14.299299999998766],[-89.627989437840753,20.973453356422667,14.286900000006426],[-89.627993848158013,20.973454676057788,14.267500000001746],[-89.627996205024147,20.973455380934276,14.257100000002538],[-89.628006990207794,20.97345860834572,14.209600000001956],[-89.628007254992909,20.973458688225474,14.208400000003166],[-89.62830759760665,20.973548567976732,12.886899999997695],[-89.628313416850887,20.973550310064589,12.861300000004121],[-89.628364602324154,20.973565627073643,12.636100000003353],[-89.628374153536313,20.973568486179097,12.594100000002072],[-89.628416827585838,20.973581255755548,12.406300000002375],[-89.628434049512222,20.973586409805971,12.209300000002258],[-89.62844272521879,20.973589006145527,12.434500000003027],[-89.628444584144077,20.973583996399743,12.491800000003423],[-89.628451884010104,20.973564325169612,12.716899999999441],[-89.628458016202572,20.973547801259215,12.906000000002678],[-89.628444192476152,20.973543752225979,12.727700000003097],[-89.628321428364131,20.973507797337152,12.439400000002934],[-89.628142600377089,20.97345542324835,12.01940000000468],[-89.628009927816706,20.973416566662408,14.403600000005099],[-89.628001993216472,20.973414242360068,14.546199999997043],[-89.628001831969968,20.973414201511151,14.546300000001793],[-89.627955586504896,20.973402399719344,14.568799999993644],[-89.627872778414257,20.973381266778095,14.60910000000149],[-89.627866819826096,20.9733797462182,14.110100000005332],[-89.627853450656559,20.9734166319415,13.965200000006007]]]},"properties":{"OBJECTID":231,"CATEGORIA":"USOS_DE_PREDIO","CODIGO":3009,"ELEMENTO":"Predios ruinosos o con maleza interior","Z":12.0193996,"Shape_Length":137.64243894046325,"Shape_Area":296.67075249453825}},{"type":"Feature","id":232,"geometry":{"type":"Polygon","coordinates":[[[-89.628651823748299,20.973377440398291,12.578899999993155],[-89.628592760831069,20.973361360256632,13.226699999999255],[-89.628548742290789,20.973349375286819,13.709400000007008],[-89.628526054014571,20.973343197808799,14.630699999994249],[-89.628518926977662,20.973361428123862,14.732199999998556],[-89.628518484582614,20.97336295445816,14.483099999997648],[-89.628509563622998,20.973393755836764,14.296799999996438],[-89.628505187005828,20.973408867672077,14.205300000001444],[-89.628504740089738,20.973410410327524,14.195999999996275],[-89.628504460932717,20.973411377080335,14.190199999997276],[-89.628495663212121,20.973441750408565,14.006399999998393],[-89.628505606750934,20.973444342526719,15.326000000000931],[-89.628538121925303,20.973452817785748,15.343900000007125],[-89.628583188932993,20.973464565373526,15.368600000001607],[-89.628583845593823,20.973464736712458,15.369000000006054],[-89.628653567207849,20.973482910382135,15.407300000006217],[-89.628665315595967,20.97348597300946,15.413799999994808],[-89.628667845051609,20.973486652641007,15.400299999993877],[-89.628756859877541,20.973510569485811,14.923399999999674],[-89.628762147686672,20.973511990218498,14.895099999994272],[-89.628780143621796,20.973516825315425,14.798599999994622],[-89.628826072728742,20.973529166247339,14.552500000005239],[-89.628851576863738,20.973536017986429,14.415800000002491],[-89.628868110569229,20.973540460330767,14.327199999999721],[-89.628880240179384,20.97354371929752,14.262199999997392],[-89.62891105823509,20.973552000381332,14.097099999999045],[-89.628929519690885,20.973556960092552,13.998200000001816],[-89.629008263516056,20.973580387997419,14.470100000005914],[-89.629017408585696,20.973583108878163,14.524900000003981],[-89.629018675403941,20.973583485675984,14.48750000000291],[-89.629038833411954,20.973589483651796,13.892800000001444],[-89.629062042010162,20.973596387948032,13.320200000001932],[-89.629063408397968,20.9735922922677,13.413100000005215],[-89.629093091242027,20.973503346979093,14.259300000005169],[-89.629051281360546,20.973488435302031,14.417300000000978],[-89.62905098960357,20.973488352228927,14.416700000001583],[-89.628998177259433,20.973473288063808,14.305699999997159],[-89.62899080404361,20.973471184468703,14.290200000003097],[-89.628961378831804,20.973462790709139,14.228400000007241],[-89.628960087170597,20.973462422419971,14.225699999995413],[-89.62892328200455,20.97345192425772,14.148300000000745],[-89.628885248940193,20.973441075772971,14.068400000003749],[-89.628878899798437,20.973439265141685,14.055099999997765],[-89.628850312923731,20.973431481391557,13.744000000006054],[-89.628849193491376,20.973431177254326,13.731799999994109],[-89.628791980158582,20.973415599515135,13.109400000001187],[-89.628750007322509,20.973404172588754,12.652799999996205],[-89.628747610992718,20.973403519794871,12.626699999993434],[-89.628728325473801,20.97339826942153,12.416899999996531],[-89.628711279796562,20.973393628210076,12.231499999994412],[-89.62870850485632,20.973392872916772,12.201300000000629],[-89.628697337461688,20.973389832021336,12.079800000006799],[-89.628651823748299,20.973377440398291,12.578899999993155]]]},"properties":{"OBJECTID":232,"CATEGORIA":"USOS_DE_PREDIO","CODIGO":3009,"ELEMENTO":"Predios ruinosos o con maleza interior","Z":12.0797997,"Shape_Length":145.16576239335026,"Shape_Area":684.30428966633303}},{"type":"Feature","id":233,"geometry":{"type":"Polygon","coordinates":[[[-89.627853450656559,20.9734166319415,13.965200000006007],[-89.627833679786008,20.97347117970412,13.884900000004563],[-89.627834479354789,20.973471387663771,14.641099999993457],[-89.627923053709509,20.973494418830153,13.993000000002212],[-89.627951523356629,20.973501821737468,13.784700000003795],[-89.62796233779882,20.973504633386224,13.705600000001141],[-89.627965926202094,20.973505566642221,13.679300000003423],[-89.627970553641831,20.973506769167599,13.64539999999397],[-89.62797373550201,20.973507596742497,13.622099999993225],[-89.627999185516174,20.973514213803156,13.435899999996764],[-89.628040638495847,20.973524992562979,13.132599999997183],[-89.628102324041222,20.973541032424855,12.947100000004866],[-89.628187834412387,20.973563266557083,12.690000000002328],[-89.628237720532852,20.973576237271192,12.539999999993597],[-89.628256710281462,20.973581174458811,13.063899999993737],[-89.628254969930367,20.973586533584186,13.077999999994063],[-89.628269901637296,20.973590891465005,12.529699999999139],[-89.628275051505327,20.973592394695963,12.497799999997369],[-89.628286370571544,20.973595697814645,12.427599999995437],[-89.628332420779032,20.973609136691106,12.319199999998091],[-89.628350577666581,20.973614435223432,12.029699999999139],[-89.62841429106129,20.97363302944899,11.877699999997276],[-89.628415190610383,20.973633292742647,11.875599999999395],[-89.628425205305632,20.973636215114368,11.851699999999255],[-89.628433713269999,20.973613289403975,12.156600000002072],[-89.62843418234911,20.973612024486172,12.171100000006845],[-89.628434946142605,20.973609967729562,12.194600000002538],[-89.628440039159074,20.973596243362383,12.351699999999255],[-89.62844272521879,20.973589006145527,12.434500000003027],[-89.628434049512222,20.973586409805971,12.209300000002258],[-89.628416827585838,20.973581255755548,12.406300000002375],[-89.628374153536313,20.973568486179097,12.594100000002072],[-89.628364602324154,20.973565627073643,12.636100000003353],[-89.628313416850887,20.973550310064589,12.861300000004121],[-89.62830759760665,20.973548567976732,12.886899999997695],[-89.628007254992909,20.973458688225474,14.208400000003166],[-89.628006990207794,20.97345860834572,14.209600000001956],[-89.627996205024147,20.973455380934276,14.257100000002538],[-89.627993848158013,20.973454676057788,14.267500000001746],[-89.627989437840753,20.973453356422667,14.286900000006426],[-89.627986608419818,20.973452508963842,14.299299999998766],[-89.627982311492332,20.973451351898643,14.30460000000312],[-89.627942109171286,20.973440519515471,14.354300000006333],[-89.627862447270317,20.973419055429684,14.452799999999115],[-89.627853450656559,20.9734166319415,13.965200000006007]]]},"properties":{"OBJECTID":233,"CATEGORIA":"USOS_DE_PREDIO","CODIGO":3009,"ELEMENTO":"Predios ruinosos o con maleza interior","Z":11.8516998,"Shape_Length":140.97717215851571,"Shape_Area":371.27938264591972}},{"type":"Feature","id":234,"geometry":{"type":"Polygon","coordinates":[[[-89.628457698568397,20.973886727422187,12.566200000001118],[-89.628442756905287,20.973928504746695,13.060400000002119],[-89.628571754135251,20.97396527519205,12.968999999997322],[-89.628585836485044,20.97392185528485,12.744500000000698],[-89.628586287976347,20.973920464238347,12.738100000002305],[-89.628589715525891,20.973909895774163,12.689400000002934],[-89.628599543058087,20.973879594123851,12.549599999998463],[-89.628630195915989,20.973785086771013,12.103900000001886],[-89.628657284360884,20.973701568014917,11.710099999996601],[-89.628648226641175,20.973699114817656,11.53519999999844],[-89.628641557457428,20.973697308215201,11.536699999996927],[-89.628614742588425,20.973690043306163,11.542900000000373],[-89.628572252007601,20.973678532241728,11.552599999995437],[-89.628549328561022,20.97367232228704,11.55789999999979],[-89.628544989969299,20.973671146920136,11.558900000003632],[-89.628543760443279,20.973670813783112,11.568799999993644],[-89.628540742909934,20.973679378801037,10.786900000006426],[-89.628536865483198,20.97369038667571,10.996400000003632],[-89.628534704235179,20.973696522435315,11.113200000007055],[-89.628529775459299,20.97371051332086,11.37949999999546],[-89.628522326435927,20.973731658510921,11.483300000007148],[-89.628496634907165,20.973804588667701,11.841300000000047],[-89.628494650414538,20.973810223322573,11.869000000006054],[-89.628492518399952,20.973816271956547,11.898700000005192],[-89.628480948353925,20.973849117658357,12.170899999997346],[-89.628471974902681,20.973846811220035,12.158699999999953],[-89.628457698568397,20.973886727422187,12.566200000001118]]]},"properties":{"OBJECTID":234,"CATEGORIA":"USOS_DE_PREDIO","CODIGO":3009,"ELEMENTO":"Predios ruinosos o con maleza interior","Z":10.7868996,"Shape_Length":88.175068896897784,"Shape_Area":394.74164453288569}},{"type":"Feature","id":439,"geometry":{"type":"Polygon","coordinates":[[[-89.615912290728375,20.965137425463517,14.80449999999837],[-89.615837202182973,20.965455462704838,14.501799999998184],[-89.615835805636692,20.965461378943246,14.496199999994133],[-89.615802435781632,20.965602718146446,14.559500000003027],[-89.61587557687244,20.965612573906835,15.314299999998184],[-89.61589444963667,20.965615117301546,15.316500000000815],[-89.616002811735356,20.965151604479662,14.92269999999553],[-89.616013353930285,20.96510650980143,14.961699999999837],[-89.615924028129498,20.965087713250291,14.972500000003492],[-89.615912290728375,20.965137425463517,14.80449999999837]]]},"properties":{"OBJECTID":439,"CATEGORIA":"USOS_DE_PREDIO","CODIGO":3009,"ELEMENTO":"Predios ruinosos o con maleza interior","Z":14.4961996,"Shape_Length":135.31390623609809,"Shape_Area":556.47732530302972}}]}